[TARGET]
' DS2 Generated Display Target Table
Azimuth=180.000005
Elevation=44.702663
FOV=115.000000
Aspect Ratio=1.000000
Scissor=0.000000 0.000000 1.000000 1.000000

Mesh=RGB 61 120
0.051536	1.115814	139.105520	-9.708439	0.000000	1.000000
0.062161	1.116985	140.064018	-9.845240	0.016667	1.000000
0.073084	1.118155	141.050093	-9.983044	0.033333	1.000000
0.084313	1.119323	142.064345	-10.121635	0.050000	1.000000
0.095851	1.120486	143.107333	-10.260776	0.066667	1.000000
0.107705	1.121644	144.179577	-10.400227	0.083333	1.000000
0.119879	1.122792	145.281542	-10.539686	0.100000	1.000000
0.132377	1.123930	146.413631	-10.678865	0.116667	1.000000
0.145202	1.125054	147.576175	-10.817404	0.133333	1.000000
0.158355	1.126162	148.769427	-10.954936	0.150000	1.000000
0.171839	1.127251	149.993538	-11.091078	0.166667	1.000000
0.185652	1.128317	151.248565	-11.225384	0.183333	1.000000
0.199794	1.129358	152.534438	-11.357420	0.200000	1.000000
0.214263	1.130370	153.850974	-11.486687	0.216667	1.000000
0.229053	1.131350	155.197834	-11.612701	0.233333	1.000000
0.244160	1.132295	156.574546	-11.734926	0.250000	1.000000
0.259576	1.133201	157.980465	-11.852823	0.266667	1.000000
0.275292	1.134063	159.414789	-11.965853	0.283333	1.000000
0.291298	1.134880	160.876534	-12.073429	0.300000	1.000000
0.307581	1.135647	162.364536	-12.175021	0.316667	1.000000
0.324125	1.136361	163.877455	-12.270046	0.333333	1.000000
0.340915	1.137019	165.413756	-12.357964	0.350000	1.000000
0.357933	1.137616	166.971732	-12.438260	0.366667	1.000000
0.375158	1.138151	168.549490	-12.510431	0.383333	1.000000
0.392569	1.138621	170.144978	-12.574018	0.400000	1.000000
0.410142	1.139023	171.755979	-12.628589	0.416667	1.000000
0.427852	1.139355	173.380144	-12.673788	0.433333	1.000000
0.445674	1.139615	175.014997	-12.709303	0.450000	1.000000
0.463581	1.139802	176.657954	-12.734873	0.466667	1.000000
0.481545	1.139915	178.306363	-12.750329	0.483333	1.000000
0.499537	1.139952	179.957513	-12.755557	0.500000	1.000000
0.517529	1.139915	-178.391335	-12.750508	0.516667	1.000000
0.535493	1.139802	-176.742921	-12.735231	0.533333	1.000000
0.553400	1.139615	-175.099954	-12.709838	0.550000	1.000000
0.571222	1.139355	-173.465094	-12.674498	0.566667	1.000000
0.588932	1.139023	-171.840917	-12.629472	0.583333	1.000000
0.606505	1.138621	-170.229897	-12.575070	0.600000	1.000000
0.623916	1.138151	-168.634397	-12.511649	0.616667	1.000000
0.641141	1.137616	-167.056613	-12.439640	0.633333	1.000000
0.658159	1.137019	-165.498620	-12.359500	0.650000	1.000000
0.674949	1.136361	-163.962291	-12.271734	0.666667	1.000000
0.691494	1.135647	-162.449351	-12.176856	0.683333	1.000000
0.707776	1.134880	-160.961317	-12.075404	0.700000	1.000000
0.723782	1.134063	-159.499547	-11.967962	0.716667	1.000000
0.739498	1.133201	-158.065191	-11.855061	0.733333	1.000000
0.754914	1.132295	-156.659245	-11.737287	0.750000	1.000000
0.770021	1.131350	-155.282500	-11.615177	0.766667	1.000000
0.784812	1.130370	-153.935614	-11.489273	0.783333	1.000000
0.799280	1.129358	-152.619046	-11.360110	0.800000	1.000000
0.813422	1.128317	-151.333140	-11.228171	0.816667	1.000000
0.827236	1.127251	-150.078081	-11.093956	0.833333	1.000000
0.840719	1.126162	-148.853941	-10.957899	0.850000	1.000000
0.853872	1.125054	-147.660659	-10.820447	0.866667	1.000000
0.866697	1.123930	-146.498085	-10.681982	0.883333	1.000000
0.879195	1.122792	-145.365962	-10.542871	0.900000	1.000000
0.891369	1.121644	-144.263969	-10.403475	0.916667	1.000000
0.903223	1.120486	-143.191698	-10.264082	0.933333	1.000000
0.914761	1.119323	-142.148680	-10.124993	0.950000	1.000000
0.925990	1.118155	-141.134400	-9.986450	0.966667	1.000000
0.936913	1.116985	-140.148299	-9.848690	0.983333	1.000000
0.947538	1.115814	-139.189773	-9.711929	1.000000	1.000000
0.044450	1.106893	138.523729	-8.946059	0.000000	0.983333
0.055111	1.108007	139.485197	-9.075567	0.016667	0.983333
0.066080	1.109122	140.475006	-9.206164	0.033333	0.983333
0.077364	1.110237	141.493814	-9.337658	0.050000	0.983333
0.088970	1.111348	142.542239	-9.469841	0.066667	0.983333
0.100902	1.112454	143.620860	-9.602470	0.083333	0.983333
0.113167	1.113554	144.730201	-9.735272	0.100000	0.983333
0.125768	1.114644	145.870727	-9.867966	0.116667	0.983333
0.138710	1.115722	147.042827	-10.000220	0.133333	0.983333
0.151995	1.116785	148.246812	-10.131678	0.150000	0.983333
0.165625	1.117832	149.482888	-10.261975	0.166667	0.983333
0.179601	1.118858	150.751167	-10.390671	0.183333	0.983333
0.193922	1.119861	152.051624	-10.517352	0.200000	0.983333
0.208586	1.120837	153.384113	-10.641547	0.216667	0.983333
0.223589	1.121783	154.748335	-10.762757	0.233333	0.983333
0.238926	1.122695	156.143840	-10.880465	0.250000	0.983333
0.254589	1.123571	157.570000	-10.994145	0.266667	0.983333
0.270570	1.124407	159.026014	-11.103253	0.283333	0.983333
0.286858	1.125198	160.510889	-11.207218	0.300000	0.983333
0.303440	1.125942	162.023439	-11.305500	0.316667	0.983333
0.320300	1.126635	163.562283	-11.397529	0.333333	0.983333
0.337422	1.127274	165.125835	-11.482756	0.350000	0.983333
0.354786	1.127855	166.712310	-11.560655	0.366667	0.983333
0.372371	1.128376	168.319735	-11.630734	0.383333	0.983333
0.390155	1.128833	169.945951	-11.692521	0.400000	0.983333
0.408112	1.129225	171.588623	-11.745584	0.416667	0.983333
0.426217	1.129548	173.245271	-11.789554	0.433333	0.983333
0.444441	1.129802	174.913268	-11.824118	0.450000	0.983333
0.462755	1.129984	176.589882	-11.849012	0.466667	0.983333
0.481131	1.130094	178.272289	-11.864058	0.483333	0.983333
0.499537	1.130131	179.957609	-11.869150	0.500000	0.983333
0.517943	1.130094	-178.357069	-11.864228	0.516667	0.983333
0.536319	1.129984	-176.674657	-11.849352	0.533333	0.983333
0.554633	1.129802	-174.998040	-11.824626	0.550000	0.983333
0.572857	1.129548	-173.330029	-11.790228	0.566667	0.983333
0.590962	1.129225	-171.673372	-11.746422	0.583333	0.983333
0.608919	1.128833	-170.030686	-11.693519	0.600000	0.983333
0.626703	1.128376	-168.404453	-11.631889	0.616667	0.983333
0.644288	1.127855	-166.797011	-11.561963	0.633333	0.983333
0.661652	1.127274	-165.210513	-11.484211	0.650000	0.983333
0.678774	1.126635	-163.646943	-11.399128	0.666667	0.983333
0.695634	1.125942	-162.108079	-11.307236	0.683333	0.983333
0.712216	1.125198	-160.595502	-11.209086	0.700000	0.983333
0.728504	1.124407	-159.110600	-11.105248	0.716667	0.983333
0.744485	1.123571	-157.654565	-10.996259	0.733333	0.983333
0.760148	1.122695	-156.228376	-10.882694	0.750000	0.983333
0.775485	1.121783	-154.832845	-10.765095	0.766667	0.983333
0.790488	1.120837	-153.468596	-10.643986	0.783333	0.983333
0.805152	1.119861	-152.136077	-10.519888	0.800000	0.983333
0.819473	1.118858	-150.835592	-10.393297	0.816667	0.983333
0.833449	1.117832	-149.567285	-10.264684	0.833333	0.983333
0.847079	1.116785	-148.331184	-10.134466	0.850000	0.983333
0.860364	1.115722	-147.127171	-10.003081	0.866667	0.983333
0.873306	1.114644	-145.955047	-9.870894	0.883333	0.983333
0.885907	1.113554	-144.814492	-9.738262	0.900000	0.983333
0.898172	1.112454	-143.705125	-9.605518	0.916667	0.983333
0.910104	1.111348	-142.626479	-9.472941	0.933333	0.983333
0.921710	1.110237	-141.578030	-9.340805	0.950000	0.983333
0.932994	1.109122	-140.559196	-9.209354	0.966667	0.983333
0.943963	1.108007	-139.569369	-9.078796	0.983333	0.983333
0.954624	1.106893	-138.607877	-8.949323	1.000000	0.983333
0.044450	1.106893	138.523729	-8.946059	0.000000	0.983333
0.055111	1.108007	139.485197	-9.075567	0.016667	0.983333
0.066080	1.109122	140.475006	-9.206164	0.033333	0.983333
0.077364	1.110237	141.493814	-9.337658	0.050000	0.983333
0.088970	1.111348	142.542239	-9.469841	0.066667	0.983333
0.100902	1.112454	143.620860	-9.602470	0.083333	0.983333
0.113167	1.113554	144.730201	-9.735272	0.100000	0.983333
0.125768	1.114644	145.870727	-9.867966	0.116667	0.983333
0.138710	1.115722	147.042827	-10.000220	0.133333	0.983333
0.151995	1.116785	148.246812	-10.131678	0.150000	0.983333
0.165625	1.117832	149.482888	-10.261975	0.166667	0.983333
0.179601	1.118858	150.751167	-10.390671	0.183333	0.983333
0.193922	1.119861	152.051624	-10.517352	0.200000	0.983333
0.208586	1.120837	153.384113	-10.641547	0.216667	0.983333
0.223589	1.121783	154.748335	-10.762757	0.233333	0.983333
0.238926	1.122695	156.143840	-10.880465	0.250000	0.983333
0.254589	1.123571	157.570000	-10.994145	0.266667	0.983333
0.270570	1.124407	159.026014	-11.103253	0.283333	0.983333
0.286858	1.125198	160.510889	-11.207218	0.300000	0.983333
0.303440	1.125942	162.023439	-11.305500	0.316667	0.983333
0.320300	1.126635	163.562283	-11.397529	0.333333	0.983333
0.337422	1.127274	165.125835	-11.482756	0.350000	0.983333
0.354786	1.127855	166.712310	-11.560655	0.366667	0.983333
0.372371	1.128376	168.319735	-11.630734	0.383333	0.983333
0.390155	1.128833	169.945951	-11.692521	0.400000	0.983333
0.408112	1.129225	171.588623	-11.745584	0.416667	0.983333
0.426217	1.129548	173.245271	-11.789554	0.433333	0.983333
0.444441	1.129802	174.913268	-11.824118	0.450000	0.983333
0.462755	1.129984	176.589882	-11.849012	0.466667	0.983333
0.481131	1.130094	178.272289	-11.864058	0.483333	0.983333
0.499537	1.130131	179.957609	-11.869150	0.500000	0.983333
0.517943	1.130094	-178.357069	-11.864228	0.516667	0.983333
0.536319	1.129984	-176.674657	-11.849352	0.533333	0.983333
0.554633	1.129802	-174.998040	-11.824626	0.550000	0.983333
0.572857	1.129548	-173.330029	-11.790228	0.566667	0.983333
0.590962	1.129225	-171.673372	-11.746422	0.583333	0.983333
0.608919	1.128833	-170.030686	-11.693519	0.600000	0.983333
0.626703	1.128376	-168.404453	-11.631889	0.616667	0.983333
0.644288	1.127855	-166.797011	-11.561963	0.633333	0.983333
0.661652	1.127274	-165.210513	-11.484211	0.650000	0.983333
0.678774	1.126635	-163.646943	-11.399128	0.666667	0.983333
0.695634	1.125942	-162.108079	-11.307236	0.683333	0.983333
0.712216	1.125198	-160.595502	-11.209086	0.700000	0.983333
0.728504	1.124407	-159.110600	-11.105248	0.716667	0.983333
0.744485	1.123571	-157.654565	-10.996259	0.733333	0.983333
0.760148	1.122695	-156.228376	-10.882694	0.750000	0.983333
0.775485	1.121783	-154.832845	-10.765095	0.766667	0.983333
0.790488	1.120837	-153.468596	-10.643986	0.783333	0.983333
0.805152	1.119861	-152.136077	-10.519888	0.800000	0.983333
0.819473	1.118858	-150.835592	-10.393297	0.816667	0.983333
0.833449	1.117832	-149.567285	-10.264684	0.833333	0.983333
0.847079	1.116785	-148.331184	-10.134466	0.850000	0.983333
0.860364	1.115722	-147.127171	-10.003081	0.866667	0.983333
0.873306	1.114644	-145.955047	-9.870894	0.883333	0.983333
0.885907	1.113554	-144.814492	-9.738262	0.900000	0.983333
0.898172	1.112454	-143.705125	-9.605518	0.916667	0.983333
0.910104	1.111348	-142.626479	-9.472941	0.933333	0.983333
0.921710	1.110237	-141.578030	-9.340805	0.950000	0.983333
0.932994	1.109122	-140.559196	-9.209354	0.966667	0.983333
0.943963	1.108007	-139.569369	-9.078796	0.983333	0.983333
0.954624	1.106893	-138.607877	-8.949323	1.000000	0.983333
0.037232	1.097665	137.928233	-8.161456	0.000000	0.966667
0.047925	1.098715	138.892332	-8.282833	0.016667	0.966667
0.058935	1.099767	139.885550	-8.405369	0.033333	0.966667
0.070270	1.100820	140.908608	-8.528892	0.050000	0.966667
0.081938	1.101871	141.962183	-8.653209	0.066667	0.966667
0.093944	1.102918	143.046920	-8.778107	0.083333	0.966667
0.106296	1.103960	144.163406	-8.903329	0.100000	0.966667
0.118997	1.104994	145.312175	-9.028606	0.116667	0.966667
0.132053	1.106018	146.493677	-9.153625	0.133333	0.966667
0.145468	1.107030	147.708289	-9.278066	0.150000	0.966667
0.159243	1.108026	148.956280	-9.401548	0.166667	0.966667
0.173381	1.109004	150.237817	-9.523699	0.183333	0.966667
0.187880	1.109960	151.552930	-9.644084	0.200000	0.966667
0.202740	1.110893	152.901522	-9.762260	0.216667	0.966667
0.217957	1.111797	154.283331	-9.877741	0.233333	0.966667
0.233526	1.112671	155.697938	-9.990044	0.250000	0.966667
0.249441	1.113510	157.144736	-10.098634	0.266667	0.966667
0.265691	1.114312	158.622932	-10.202972	0.283333	0.966667
0.282267	1.115072	160.131523	-10.302523	0.300000	0.966667
0.299155	1.115787	161.669309	-10.396733	0.316667	0.966667
0.316339	1.116454	163.234862	-10.485036	0.333333	0.966667
0.333801	1.117069	164.826542	-10.566914	0.350000	0.966667
0.351523	1.117629	166.442500	-10.641817	0.366667	0.966667
0.369480	1.118131	168.080662	-10.709251	0.383333	0.966667
0.387650	1.118572	169.738760	-10.768746	0.400000	0.966667
0.406005	1.118950	171.414337	-10.819880	0.416667	0.966667
0.424518	1.119263	173.104767	-10.862284	0.433333	0.966667
0.443159	1.119508	174.807266	-10.895625	0.450000	0.966667
0.461897	1.119684	176.518934	-10.919647	0.466667	0.966667
0.480701	1.119790	178.236767	-10.934172	0.483333	0.966667
0.499537	1.119825	179.957702	-10.939073	0.500000	0.966667
0.518374	1.119790	-178.321361	-10.934332	0.516667	0.966667
0.537177	1.119684	-176.603525	-10.919967	0.533333	0.966667
0.555915	1.119508	-174.891853	-10.896102	0.550000	0.966667
0.574556	1.119263	-173.189344	-10.862918	0.566667	0.966667
0.593069	1.118950	-171.498906	-10.820668	0.583333	0.966667
0.611424	1.118572	-169.823312	-10.769684	0.600000	0.966667
0.629594	1.118131	-168.165200	-10.710336	0.616667	0.966667
0.647551	1.117629	-166.527024	-10.643045	0.633333	0.966667
0.665273	1.117069	-164.911052	-10.568280	0.650000	0.966667
0.682735	1.116454	-163.319348	-10.486535	0.666667	0.966667
0.699919	1.115787	-161.753775	-10.398361	0.683333	0.966667
0.716807	1.115072	-160.215973	-10.304274	0.700000	0.966667
0.733383	1.114312	-158.707355	-10.204840	0.716667	0.966667
0.749634	1.113510	-157.229140	-10.100613	0.733333	0.966667
0.765548	1.112671	-155.782318	-9.992130	0.750000	0.966667
0.781117	1.111797	-154.367685	-9.879926	0.766667	0.966667
0.796334	1.110893	-152.985856	-9.764539	0.783333	0.966667
0.811194	1.109960	-151.637237	-9.646451	0.800000	0.966667
0.825693	1.109004	-150.322103	-9.526149	0.816667	0.966667
0.839831	1.108026	-149.040544	-9.404074	0.833333	0.966667
0.853606	1.107030	-147.792525	-9.280664	0.850000	0.966667
0.867021	1.106018	-146.577894	-9.156288	0.866667	0.966667
0.880077	1.104994	-145.396366	-9.031331	0.883333	0.966667
0.892779	1.103960	-144.247573	-8.906109	0.900000	0.966667
0.905130	1.102918	-143.131065	-8.780938	0.916667	0.966667
0.917136	1.101871	-142.046311	-8.656087	0.933333	0.966667
0.928804	1.100820	-140.992714	-8.531812	0.950000	0.966667
0.940139	1.099767	-139.969637	-8.408327	0.966667	0.966667
0.951149	1.098715	-138.976397	-8.285825	0.983333	0.966667
0.961842	1.097665	-138.012282	-8.164480	1.000000	0.966667
0.037232	1.097665	137.928233	-8.161456	0.000000	0.966667
0.047925	1.098715	138.892332	-8.282833	0.016667	0.966667
0.058935	1.099767	139.885550	-8.405369	0.033333	0.966667
0.070270	1.100820	140.908608	-8.528892	0.050000	0.966667
0.081938	1.101871	141.962183	-8.653209	0.066667	0.966667
0.093944	1.102918	143.046920	-8.778107	0.083333	0.966667
0.106296	1.103960	144.163406	-8.903329	0.100000	0.966667
0.118997	1.104994	145.312175	-9.028606	0.116667	0.966667
0.132053	1.106018	146.493677	-9.153625	0.133333	0.966667
0.145468	1.107030	147.708289	-9.278066	0.150000	0.966667
0.159243	1.108026	148.956280	-9.401548	0.166667	0.966667
0.173381	1.109004	150.237817	-9.523699	0.183333	0.966667
0.187880	1.109960	151.552930	-9.644084	0.200000	0.966667
0.202740	1.110893	152.901522	-9.762260	0.216667	0.966667
0.217957	1.111797	154.283331	-9.877741	0.233333	0.966667
0.233526	1.112671	155.697938	-9.990044	0.250000	0.966667
0.249441	1.113510	157.144736	-10.098634	0.266667	0.966667
0.265691	1.114312	158.622932	-10.202972	0.283333	0.966667
0.282267	1.115072	160.131523	-10.302523	0.300000	0.966667
0.299155	1.115787	161.669309	-10.396733	0.316667	0.966667
0.316339	1.116454	163.234862	-10.485036	0.333333	0.966667
0.333801	1.117069	164.826542	-10.566914	0.350000	0.966667
0.351523	1.117629	166.442500	-10.641817	0.366667	0.966667
0.369480	1.118131	168.080662	-10.709251	0.383333	0.966667
0.387650	1.118572	169.738760	-10.768746	0.400000	0.966667
0.406005	1.118950	171.414337	-10.819880	0.416667	0.966667
0.424518	1.119263	173.104767	-10.862284	0.433333	0.966667
0.443159	1.119508	174.807266	-10.895625	0.450000	0.966667
0.461897	1.119684	176.518934	-10.919647	0.466667	0.966667
0.480701	1.119790	178.236767	-10.934172	0.483333	0.966667
0.499537	1.119825	179.957702	-10.939073	0.500000	0.966667
0.518374	1.119790	-178.321361	-10.934332	0.516667	0.966667
0.537177	1.119684	-176.603525	-10.919967	0.533333	0.966667
0.555915	1.119508	-174.891853	-10.896102	0.550000	0.966667
0.574556	1.119263	-173.189344	-10.862918	0.566667	0.966667
0.593069	1.118950	-171.498906	-10.820668	0.583333	0.966667
0.611424	1.118572	-169.823312	-10.769684	0.600000	0.966667
0.629594	1.118131	-168.165200	-10.710336	0.616667	0.966667
0.647551	1.117629	-166.527024	-10.643045	0.633333	0.966667
0.665273	1.117069	-164.911052	-10.568280	0.650000	0.966667
0.682735	1.116454	-163.319348	-10.486535	0.666667	0.966667
0.699919	1.115787	-161.753775	-10.398361	0.683333	0.966667
0.716807	1.115072	-160.215973	-10.304274	0.700000	0.966667
0.733383	1.114312	-158.707355	-10.204840	0.716667	0.966667
0.749634	1.113510	-157.229140	-10.100613	0.733333	0.966667
0.765548	1.112671	-155.782318	-9.992130	0.750000	0.966667
0.781117	1.111797	-154.367685	-9.879926	0.766667	0.966667
0.796334	1.110893	-152.985856	-9.764539	0.783333	0.966667
0.811194	1.109960	-151.637237	-9.646451	0.800000	0.966667
0.825693	1.109004	-150.322103	-9.526149	0.816667	0.966667
0.839831	1.108026	-149.040544	-9.404074	0.833333	0.966667
0.853606	1.107030	-147.792525	-9.280664	0.850000	0.966667
0.867021	1.106018	-146.577894	-9.156288	0.866667	0.966667
0.880077	1.104994	-145.396366	-9.031331	0.883333	0.966667
0.892779	1.103960	-144.247573	-8.906109	0.900000	0.966667
0.905130	1.102918	-143.131065	-8.780938	0.916667	0.966667
0.917136	1.101871	-142.046311	-8.656087	0.933333	0.966667
0.928804	1.100820	-140.992714	-8.531812	0.950000	0.966667
0.940139	1.099767	-139.969637	-8.408327	0.966667	0.966667
0.951149	1.098715	-138.976397	-8.285825	0.983333	0.966667
0.961842	1.097665	-138.012282	-8.164480	1.000000	0.966667
0.029885	1.088119	137.318671	-7.354228	0.000000	0.950000
0.040603	1.089097	138.285035	-7.466573	0.016667	0.950000
0.051649	1.090078	139.281309	-7.580126	0.033333	0.950000
0.063031	1.091060	140.308276	-7.694740	0.050000	0.950000
0.074756	1.092042	141.366683	-7.810240	0.066667	0.950000
0.086832	1.093022	142.457243	-7.926421	0.083333	0.950000
0.099266	1.093997	143.580612	-8.043055	0.100000	0.950000
0.112064	1.094967	144.737395	-8.159893	0.116667	0.950000
0.125232	1.095928	145.928117	-8.276641	0.133333	0.950000
0.138773	1.096878	147.153221	-8.393011	0.150000	0.950000
0.152691	1.097815	148.413045	-8.508651	0.166667	0.950000
0.166989	1.098736	149.707820	-8.623191	0.183333	0.950000
0.181666	1.099638	151.037642	-8.736227	0.200000	0.950000
0.196722	1.100518	152.402461	-8.847348	0.216667	0.950000
0.212154	1.101373	153.802066	-8.956087	0.233333	0.950000
0.227958	1.102200	155.236074	-9.061963	0.250000	0.950000
0.244126	1.102995	156.703906	-9.164471	0.266667	0.950000
0.260651	1.103755	158.204773	-9.263111	0.283333	0.950000
0.277520	1.104476	159.737683	-9.357327	0.300000	0.950000
0.294721	1.105155	161.301405	-9.446592	0.316667	0.950000
0.312237	1.105790	162.894480	-9.530368	0.333333	0.950000
0.330050	1.106375	164.515213	-9.608113	0.350000	0.950000
0.348140	1.106909	166.161673	-9.679321	0.366667	0.950000
0.366481	1.107387	167.831695	-9.743482	0.383333	0.950000
0.385050	1.107808	169.522898	-9.800140	0.400000	0.950000
0.403817	1.108169	171.232683	-9.848864	0.416667	0.950000
0.422753	1.108467	172.958272	-9.889288	0.433333	0.950000
0.441827	1.108701	174.696715	-9.921087	0.450000	0.950000
0.461005	1.108870	176.444922	-9.944021	0.466667	0.950000
0.480253	1.108971	178.199702	-9.957877	0.483333	0.950000
0.499537	1.109005	179.957791	-9.962562	0.500000	0.950000
0.518821	1.108971	-178.284118	-9.958026	0.516667	0.950000
0.538069	1.108870	-176.529337	-9.944318	0.533333	0.950000
0.557247	1.108701	-174.781120	-9.921531	0.550000	0.950000
0.576321	1.108467	-173.042674	-9.889877	0.566667	0.950000
0.595257	1.108169	-171.317076	-9.849596	0.583333	0.950000
0.614024	1.107808	-169.607280	-9.801011	0.600000	0.950000
0.632593	1.107387	-167.916065	-9.744489	0.616667	0.950000
0.650935	1.106909	-166.246027	-9.680460	0.633333	0.950000
0.669024	1.106375	-164.599555	-9.609380	0.650000	0.950000
0.686837	1.105790	-162.978805	-9.531759	0.666667	0.950000
0.704353	1.105155	-161.385711	-9.448101	0.683333	0.950000
0.721554	1.104476	-159.821971	-9.358948	0.700000	0.950000
0.738423	1.103755	-158.289044	-9.264840	0.716667	0.950000
0.754948	1.102995	-156.788155	-9.166302	0.733333	0.950000
0.771117	1.102200	-155.320308	-9.063891	0.750000	0.950000
0.786920	1.101373	-153.886281	-8.958106	0.766667	0.950000
0.802352	1.100518	-152.486654	-8.849452	0.783333	0.950000
0.817408	1.099638	-151.121813	-8.738411	0.800000	0.950000
0.832085	1.098736	-149.791974	-8.625449	0.816667	0.950000
0.846383	1.097815	-148.497178	-8.510978	0.833333	0.950000
0.860301	1.096878	-147.237335	-8.395403	0.850000	0.950000
0.873842	1.095928	-146.012208	-8.279092	0.866667	0.950000
0.887010	1.094967	-144.821467	-8.162397	0.883333	0.950000
0.899808	1.093997	-143.664667	-8.045609	0.900000	0.950000
0.912242	1.093022	-142.541280	-7.929020	0.916667	0.950000
0.924318	1.092042	-141.450700	-7.812881	0.933333	0.950000
0.936043	1.091060	-140.392279	-7.697418	0.950000	0.950000
0.947425	1.090078	-139.365296	-7.582837	0.966667	0.950000
0.958471	1.089097	-138.369005	-7.469314	0.983333	0.950000
0.969189	1.088119	-137.402628	-7.356994	1.000000	0.950000
0.029885	1.088119	137.318671	-7.354228	0.000000	0.950000
0.040603	1.089097	138.285035	-7.466573	0.016667	0.950000
0.051649	1.090078	139.281309	-7.580126	0.033333	0.950000
0.063031	1.091060	140.308276	-7.694740	0.050000	0.950000
0.074756	1.092042	141.366683	-7.810240	0.066667	0.950000
0.086832	1.093022	142.457243	-7.926421	0.083333	0.950000
0.099266	1.093997	143.580612	-8.043055	0.100000	0.950000
0.112064	1.094967	144.737395	-8.159893	0.116667	0.950000
0.125232	1.095928	145.928117	-8.276641	0.133333	0.950000
0.138773	1.096878	147.153221	-8.393011	0.150000	0.950000
0.152691	1.097815	148.413045	-8.508651	0.166667	0.950000
0.166989	1.098736	149.707820	-8.623191	0.183333	0.950000
0.181666	1.099638	151.037642	-8.736227	0.200000	0.950000
0.196722	1.100518	152.402461	-8.847348	0.216667	0.950000
0.212154	1.101373	153.802066	-8.956087	0.233333	0.950000
0.227958	1.102200	155.236074	-9.061963	0.250000	0.950000
0.244126	1.102995	156.703906	-9.164471	0.266667	0.950000
0.260651	1.103755	158.204773	-9.263111	0.283333	0.950000
0.277520	1.104476	159.737683	-9.357327	0.300000	0.950000
0.294721	1.105155	161.301405	-9.446592	0.316667	0.950000
0.312237	1.105790	162.894480	-9.530368	0.333333	0.950000
0.330050	1.106375	164.515213	-9.608113	0.350000	0.950000
0.348140	1.106909	166.161673	-9.679321	0.366667	0.950000
0.366481	1.107387	167.831695	-9.743482	0.383333	0.950000
0.385050	1.107808	169.522898	-9.800140	0.400000	0.950000
0.403817	1.108169	171.232683	-9.848864	0.416667	0.950000
0.422753	1.108467	172.958272	-9.889288	0.433333	0.950000
0.441827	1.108701	174.696715	-9.921087	0.450000	0.950000
0.461005	1.108870	176.444922	-9.944021	0.466667	0.950000
0.480253	1.108971	178.199702	-9.957877	0.483333	0.950000
0.499537	1.109005	179.957791	-9.962562	0.500000	0.950000
0.518821	1.108971	-178.284118	-9.958026	0.516667	0.950000
0.538069	1.108870	-176.529337	-9.944318	0.533333	0.950000
0.557247	1.108701	-174.781120	-9.921531	0.550000	0.950000
0.576321	1.108467	-173.042674	-9.889877	0.566667	0.950000
0.595257	1.108169	-171.317076	-9.849596	0.583333	0.950000
0.614024	1.107808	-169.607280	-9.801011	0.600000	0.950000
0.632593	1.107387	-167.916065	-9.744489	0.616667	0.950000
0.650935	1.106909	-166.246027	-9.680460	0.633333	0.950000
0.669024	1.106375	-164.599555	-9.609380	0.650000	0.950000
0.686837	1.105790	-162.978805	-9.531759	0.666667	0.950000
0.704353	1.105155	-161.385711	-9.448101	0.683333	0.950000
0.721554	1.104476	-159.821971	-9.358948	0.700000	0.950000
0.738423	1.103755	-158.289044	-9.264840	0.716667	0.950000
0.754948	1.102995	-156.788155	-9.166302	0.733333	0.950000
0.771117	1.102200	-155.320308	-9.063891	0.750000	0.950000
0.786920	1.101373	-153.886281	-8.958106	0.766667	0.950000
0.802352	1.100518	-152.486654	-8.849452	0.783333	0.950000
0.817408	1.099638	-151.121813	-8.738411	0.800000	0.950000
0.832085	1.098736	-149.791974	-8.625449	0.816667	0.950000
0.846383	1.097815	-148.497178	-8.510978	0.833333	0.950000
0.860301	1.096878	-147.237335	-8.395403	0.850000	0.950000
0.873842	1.095928	-146.012208	-8.279092	0.866667	0.950000
0.887010	1.094967	-144.821467	-8.162397	0.883333	0.950000
0.899808	1.093997	-143.664667	-8.045609	0.900000	0.950000
0.912242	1.093022	-142.541280	-7.929020	0.916667	0.950000
0.924318	1.092042	-141.450700	-7.812881	0.933333	0.950000
0.936043	1.091060	-140.392279	-7.697418	0.950000	0.950000
0.947425	1.090078	-139.365296	-7.582837	0.966667	0.950000
0.958471	1.089097	-138.369005	-7.469314	0.983333	0.950000
0.969189	1.088119	-137.402628	-7.356994	1.000000	0.950000
0.022410	1.078247	136.694685	-6.523992	0.000000	0.933333
0.033149	1.079144	137.662916	-6.626361	0.016667	0.933333
0.044226	1.080044	138.661859	-6.729958	0.033333	0.933333
0.055648	1.080946	139.692365	-6.834654	0.050000	0.933333
0.067426	1.081849	140.755251	-6.940293	0.066667	0.933333
0.079567	1.082752	141.851305	-7.046697	0.083333	0.933333
0.092079	1.083651	142.981260	-7.153657	0.100000	0.933333
0.104970	1.084546	144.145798	-7.260944	0.116667	0.933333
0.118245	1.085434	145.345517	-7.368315	0.133333	0.933333
0.131909	1.086314	146.580943	-7.475473	0.150000	0.933333
0.145968	1.087182	147.852487	-7.582107	0.166667	0.933333
0.160423	1.088036	149.160454	-7.687882	0.183333	0.933333
0.175277	1.088874	150.505004	-7.792424	0.200000	0.933333
0.190529	1.089692	151.886155	-7.895327	0.216667	0.933333
0.206177	1.090488	153.303747	-7.996167	0.233333	0.933333
0.222217	1.091258	154.757443	-8.094495	0.250000	0.933333
0.238642	1.092000	156.246691	-8.189838	0.266667	0.933333
0.255445	1.092710	157.770729	-8.281691	0.283333	0.933333
0.272614	1.093385	159.328561	-8.369547	0.300000	0.933333
0.290135	1.094021	160.918942	-8.452883	0.316667	0.933333
0.307991	1.094615	162.540380	-8.531199	0.333333	0.933333
0.326165	1.095164	164.191124	-8.603953	0.350000	0.933333
0.344632	1.095665	165.869160	-8.670646	0.366667	0.933333
0.363370	1.096115	167.572225	-8.730818	0.383333	0.933333
0.382351	1.096511	169.297814	-8.783985	0.400000	0.933333
0.401545	1.096850	171.043187	-8.829745	0.416667	0.933333
0.420920	1.097131	172.805398	-8.867743	0.433333	0.933333
0.440443	1.097352	174.581312	-8.897640	0.450000	0.933333
0.460078	1.097510	176.367646	-8.919205	0.466667	0.933333
0.479789	1.097606	178.160997	-8.932249	0.483333	0.933333
0.499537	1.097638	179.957875	-8.936649	0.500000	0.933333
0.519285	1.097606	-178.245245	-8.932386	0.516667	0.933333
0.538996	1.097510	-176.451894	-8.919477	0.533333	0.933333
0.558631	1.097352	-174.665554	-8.898047	0.550000	0.933333
0.578154	1.097131	-172.889634	-8.868283	0.566667	0.933333
0.597529	1.096850	-171.127418	-8.830415	0.583333	0.933333
0.616723	1.096511	-169.382033	-8.784783	0.600000	0.933333
0.635704	1.096115	-167.656434	-8.731739	0.616667	0.933333
0.654442	1.095665	-165.953358	-8.671689	0.633333	0.933333
0.672910	1.095164	-164.275309	-8.605112	0.650000	0.933333
0.691083	1.094615	-162.624555	-8.532469	0.666667	0.933333
0.708939	1.094021	-161.003100	-8.454261	0.683333	0.933333
0.726460	1.093385	-159.412704	-8.371027	0.700000	0.933333
0.743629	1.092710	-157.854857	-8.283268	0.716667	0.933333
0.760432	1.092000	-156.330800	-8.191507	0.733333	0.933333
0.776857	1.091258	-154.841537	-8.096250	0.750000	0.933333
0.792897	1.090488	-153.387828	-7.998004	0.766667	0.933333
0.808545	1.089692	-151.970220	-7.897241	0.783333	0.933333
0.823797	1.088874	-150.589048	-7.794409	0.800000	0.933333
0.838651	1.088036	-149.244483	-7.689933	0.816667	0.933333
0.853106	1.087182	-147.936502	-7.584220	0.833333	0.933333
0.867165	1.086314	-146.664941	-7.477641	0.850000	0.933333
0.880830	1.085434	-145.429500	-7.370535	0.866667	0.933333
0.894104	1.084546	-144.229762	-7.263212	0.883333	0.933333
0.906995	1.083651	-143.065210	-7.155968	0.900000	0.933333
0.919507	1.082752	-141.935241	-7.049047	0.916667	0.933333
0.931648	1.081849	-140.839170	-6.942679	0.933333	0.933333
0.943426	1.080946	-139.776273	-6.837072	0.950000	0.933333
0.954849	1.080044	-138.745751	-6.732403	0.966667	0.933333
0.965925	1.079144	-137.746794	-6.628831	0.983333	0.933333
0.976664	1.078247	-136.778558	-6.526485	1.000000	0.933333
0.022410	1.078247	136.694685	-6.523992	0.000000	0.933333
0.033149	1.079144	137.662916	-6.626361	0.016667	0.933333
0.044226	1.080044	138.661859	-6.729958	0.033333	0.933333
0.055648	1.080946	139.692365	-6.834654	0.050000	0.933333
0.067426	1.081849	140.755251	-6.940293	0.066667	0.933333
0.079567	1.082752	141.851305	-7.046697	0.083333	0.933333
0.092079	1.083651	142.981260	-7.153657	0.100000	0.933333
0.104970	1.084546	144.145798	-7.260944	0.116667	0.933333
0.118245	1.085434	145.345517	-7.368315	0.133333	0.933333
0.131909	1.086314	146.580943	-7.475473	0.150000	0.933333
0.145968	1.087182	147.852487	-7.582107	0.166667	0.933333
0.160423	1.088036	149.160454	-7.687882	0.183333	0.933333
0.175277	1.088874	150.505004	-7.792424	0.200000	0.933333
0.190529	1.089692	151.886155	-7.895327	0.216667	0.933333
0.206177	1.090488	153.303747	-7.996167	0.233333	0.933333
0.222217	1.091258	154.757443	-8.094495	0.250000	0.933333
0.238642	1.092000	156.246691	-8.189838	0.266667	0.933333
0.255445	1.092710	157.770729	-8.281691	0.283333	0.933333
0.272614	1.093385	159.328561	-8.369547	0.300000	0.933333
0.290135	1.094021	160.918942	-8.452883	0.316667	0.933333
0.307991	1.094615	162.540380	-8.531199	0.333333	0.933333
0.326165	1.095164	164.191124	-8.603953	0.350000	0.933333
0.344632	1.095665	165.869160	-8.670646	0.366667	0.933333
0.363370	1.096115	167.572225	-8.730818	0.383333	0.933333
0.382351	1.096511	169.297814	-8.783985	0.400000	0.933333
0.401545	1.096850	171.043187	-8.829745	0.416667	0.933333
0.420920	1.097131	172.805398	-8.867743	0.433333	0.933333
0.440443	1.097352	174.581312	-8.897640	0.450000	0.933333
0.460078	1.097510	176.367646	-8.919205	0.466667	0.933333
0.479789	1.097606	178.160997	-8.932249	0.483333	0.933333
0.499537	1.097638	179.957875	-8.936649	0.500000	0.933333
0.519285	1.097606	-178.245245	-8.932386	0.516667	0.933333
0.538996	1.097510	-176.451894	-8.919477	0.533333	0.933333
0.558631	1.097352	-174.665554	-8.898047	0.550000	0.933333
0.578154	1.097131	-172.889634	-8.868283	0.566667	0.933333
0.597529	1.096850	-171.127418	-8.830415	0.583333	0.933333
0.616723	1.096511	-169.382033	-8.784783	0.600000	0.933333
0.635704	1.096115	-167.656434	-8.731739	0.616667	0.933333
0.654442	1.095665	-165.953358	-8.671689	0.633333	0.933333
0.672910	1.095164	-164.275309	-8.605112	0.650000	0.933333
0.691083	1.094615	-162.624555	-8.532469	0.666667	0.933333
0.708939	1.094021	-161.003100	-8.454261	0.683333	0.933333
0.726460	1.093385	-159.412704	-8.371027	0.700000	0.933333
0.743629	1.092710	-157.854857	-8.283268	0.716667	0.933333
0.760432	1.092000	-156.330800	-8.191507	0.733333	0.933333
0.776857	1.091258	-154.841537	-8.096250	0.750000	0.933333
0.792897	1.090488	-153.387828	-7.998004	0.766667	0.933333
0.808545	1.089692	-151.970220	-7.897241	0.783333	0.933333
0.823797	1.088874	-150.589048	-7.794409	0.800000	0.933333
0.838651	1.088036	-149.244483	-7.689933	0.816667	0.933333
0.853106	1.087182	-147.936502	-7.584220	0.833333	0.933333
0.867165	1.086314	-146.664941	-7.477641	0.850000	0.933333
0.880830	1.085434	-145.429500	-7.370535	0.866667	0.933333
0.894104	1.084546	-144.229762	-7.263212	0.883333	0.933333
0.906995	1.083651	-143.065210	-7.155968	0.900000	0.933333
0.919507	1.082752	-141.935241	-7.049047	0.916667	0.933333
0.931648	1.081849	-140.839170	-6.942679	0.933333	0.933333
0.943426	1.080946	-139.776273	-6.837072	0.950000	0.933333
0.954849	1.080044	-138.745751	-6.732403	0.966667	0.933333
0.965925	1.079144	-137.746794	-6.628831	0.983333	0.933333
0.976664	1.078247	-136.778558	-6.526485	1.000000	0.933333
0.014811	1.068038	136.055909	-5.670422	0.000000	0.916667
0.025566	1.068844	137.025576	-5.761820	0.016667	0.916667
0.036667	1.069654	138.026767	-5.854422	0.033333	0.916667
0.048126	1.070466	139.060404	-5.948124	0.050000	0.916667
0.059951	1.071280	140.127381	-6.042796	0.066667	0.916667
0.072152	1.072095	141.228565	-6.138279	0.083333	0.916667
0.084737	1.072907	142.364769	-6.234393	0.100000	0.916667
0.097715	1.073717	143.536759	-6.330939	0.116667	0.916667
0.111093	1.074522	144.745220	-6.427696	0.133333	0.916667
0.124877	1.075319	145.990760	-6.524398	0.150000	0.916667
0.139073	1.076107	147.273875	-6.620777	0.166667	0.916667
0.153684	1.076884	148.594950	-6.716511	0.183333	0.916667
0.168712	1.077647	149.954222	-6.811273	0.200000	0.916667
0.184159	1.078393	151.351781	-6.904690	0.216667	0.916667
0.200023	1.079119	152.787528	-6.996373	0.233333	0.916667
0.216301	1.079824	154.261179	-7.085901	0.250000	0.916667
0.232986	1.080502	155.772225	-7.172825	0.266667	0.916667
0.250071	1.081153	157.319927	-7.256687	0.283333	0.916667
0.267544	1.081771	158.903296	-7.337025	0.300000	0.916667
0.285392	1.082355	160.521076	-7.413319	0.316667	0.916667
0.303597	1.082901	162.171746	-7.485105	0.333333	0.916667
0.322140	1.083407	163.853492	-7.551874	0.350000	0.916667
0.340997	1.083868	165.564226	-7.613159	0.366667	0.916667
0.360144	1.084282	167.301579	-7.668490	0.383333	0.916667
0.379551	1.084647	169.062914	-7.717435	0.400000	0.916667
0.399186	1.084961	170.845335	-7.759599	0.416667	0.916667
0.419017	1.085220	172.645721	-7.794623	0.433333	0.916667
0.439005	1.085424	174.460739	-7.822205	0.450000	0.916667
0.459115	1.085570	176.286888	-7.842109	0.466667	0.916667
0.479306	1.085659	178.120534	-7.854139	0.483333	0.916667
0.499537	1.085688	179.957954	-7.858212	0.500000	0.916667
0.519769	1.085659	-178.204626	-7.854261	0.516667	0.916667
0.539959	1.085570	-176.370978	-7.842354	0.533333	0.916667
0.560069	1.085424	-174.544825	-7.822571	0.550000	0.916667
0.580057	1.085220	-172.729803	-7.795108	0.566667	0.916667
0.599888	1.084961	-170.929411	-7.760201	0.583333	0.916667
0.619523	1.084647	-169.146983	-7.718151	0.600000	0.916667
0.638930	1.084282	-167.385643	-7.669317	0.616667	0.916667
0.658077	1.083868	-165.648277	-7.614094	0.633333	0.916667
0.676934	1.083407	-163.937531	-7.552913	0.650000	0.916667
0.695477	1.082901	-162.255777	-7.486243	0.666667	0.916667
0.713682	1.082355	-160.605096	-7.414553	0.683333	0.916667
0.731530	1.081771	-158.987301	-7.338349	0.700000	0.916667
0.749003	1.081153	-157.403922	-7.258097	0.716667	0.916667
0.766088	1.080502	-155.856210	-7.174316	0.733333	0.916667
0.782773	1.079824	-154.345149	-7.087468	0.750000	0.916667
0.799051	1.079119	-152.871484	-6.998012	0.766667	0.916667
0.814915	1.078393	-151.435722	-6.906396	0.783333	0.916667
0.830362	1.077647	-150.038152	-6.813041	0.800000	0.916667
0.845391	1.076884	-148.678866	-6.718337	0.816667	0.916667
0.860002	1.076107	-147.357778	-6.622656	0.833333	0.916667
0.874197	1.075319	-146.074651	-6.526325	0.850000	0.916667
0.887981	1.074522	-144.829100	-6.429668	0.866667	0.916667
0.901359	1.073717	-143.620627	-6.332952	0.883333	0.916667
0.914337	1.072907	-142.448627	-6.236443	0.900000	0.916667
0.926923	1.072095	-141.312407	-6.140361	0.916667	0.916667
0.939123	1.071280	-140.211213	-6.044908	0.933333	0.916667
0.950948	1.070466	-139.144231	-5.950263	0.950000	0.916667
0.962407	1.069654	-138.110580	-5.856584	0.966667	0.916667
0.973508	1.068844	-137.109379	-5.764003	0.983333	0.916667
0.984263	1.068038	-136.139704	-5.672623	1.000000	0.916667
0.014811	1.068038	136.055909	-5.670422	0.000000	0.916667
0.025566	1.068844	137.025576	-5.761820	0.016667	0.916667
0.036667	1.069654	138.026767	-5.854422	0.033333	0.916667
0.048126	1.070466	139.060404	-5.948124	0.050000	0.916667
0.059951	1.071280	140.127381	-6.042796	0.066667	0.916667
0.072152	1.072095	141.228565	-6.138279	0.083333	0.916667
0.084737	1.072907	142.364769	-6.234393	0.100000	0.916667
0.097715	1.073717	143.536759	-6.330939	0.116667	0.916667
0.111093	1.074522	144.745220	-6.427696	0.133333	0.916667
0.124877	1.075319	145.990760	-6.524398	0.150000	0.916667
0.139073	1.076107	147.273875	-6.620777	0.166667	0.916667
0.153684	1.076884	148.594950	-6.716511	0.183333	0.916667
0.168712	1.077647	149.954222	-6.811273	0.200000	0.916667
0.184159	1.078393	151.351781	-6.904690	0.216667	0.916667
0.200023	1.079119	152.787528	-6.996373	0.233333	0.916667
0.216301	1.079824	154.261179	-7.085901	0.250000	0.916667
0.232986	1.080502	155.772225	-7.172825	0.266667	0.916667
0.250071	1.081153	157.319927	-7.256687	0.283333	0.916667
0.267544	1.081771	158.903296	-7.337025	0.300000	0.916667
0.285392	1.082355	160.521076	-7.413319	0.316667	0.916667
0.303597	1.082901	162.171746	-7.485105	0.333333	0.916667
0.322140	1.083407	163.853492	-7.551874	0.350000	0.916667
0.340997	1.083868	165.564226	-7.613159	0.366667	0.916667
0.360144	1.084282	167.301579	-7.668490	0.383333	0.916667
0.379551	1.084647	169.062914	-7.717435	0.400000	0.916667
0.399186	1.084961	170.845335	-7.759599	0.416667	0.916667
0.419017	1.085220	172.645721	-7.794623	0.433333	0.916667
0.439005	1.085424	174.460739	-7.822205	0.450000	0.916667
0.459115	1.085570	176.286888	-7.842109	0.466667	0.916667
0.479306	1.085659	178.120534	-7.854139	0.483333	0.916667
0.499537	1.085688	179.957954	-7.858212	0.500000	0.916667
0.519769	1.085659	-178.204626	-7.854261	0.516667	0.916667
0.539959	1.085570	-176.370978	-7.842354	0.533333	0.916667
0.560069	1.085424	-174.544825	-7.822571	0.550000	0.916667
0.580057	1.085220	-172.729803	-7.795108	0.566667	0.916667
0.599888	1.084961	-170.929411	-7.760201	0.583333	0.916667
0.619523	1.084647	-169.146983	-7.718151	0.600000	0.916667
0.638930	1.084282	-167.385643	-7.669317	0.616667	0.916667
0.658077	1.083868	-165.648277	-7.614094	0.633333	0.916667
0.676934	1.083407	-163.937531	-7.552913	0.650000	0.916667
0.695477	1.082901	-162.255777	-7.486243	0.666667	0.916667
0.713682	1.082355	-160.605096	-7.414553	0.683333	0.916667
0.731530	1.081771	-158.987301	-7.338349	0.700000	0.916667
0.749003	1.081153	-157.403922	-7.258097	0.716667	0.916667
0.766088	1.080502	-155.856210	-7.174316	0.733333	0.916667
0.782773	1.079824	-154.345149	-7.087468	0.750000	0.916667
0.799051	1.079119	-152.871484	-6.998012	0.766667	0.916667
0.814915	1.078393	-151.435722	-6.906396	0.783333	0.916667
0.830362	1.077647	-150.038152	-6.813041	0.800000	0.916667
0.845391	1.076884	-148.678866	-6.718337	0.816667	0.916667
0.860002	1.076107	-147.357778	-6.622656	0.833333	0.916667
0.874197	1.075319	-146.074651	-6.526325	0.850000	0.916667
0.887981	1.074522	-144.829100	-6.429668	0.866667	0.916667
0.901359	1.073717	-143.620627	-6.332952	0.883333	0.916667
0.914337	1.072907	-142.448627	-6.236443	0.900000	0.916667
0.926923	1.072095	-141.312407	-6.140361	0.916667	0.916667
0.939123	1.071280	-140.211213	-6.044908	0.933333	0.916667
0.950948	1.070466	-139.144231	-5.950263	0.950000	0.916667
0.962407	1.069654	-138.110580	-5.856584	0.966667	0.916667
0.973508	1.068844	-137.109379	-5.764003	0.983333	0.916667
0.984263	1.068038	-136.139704	-5.672623	1.000000	0.916667
0.007094	1.057483	135.401975	-4.793260	0.000000	0.900000
0.017858	1.058188	136.372616	-4.872613	0.016667	0.900000
0.028979	1.058896	137.375598	-4.953124	0.033333	0.900000
0.040467	1.059608	138.411921	-5.034697	0.050000	0.900000
0.052333	1.060322	139.482561	-5.117218	0.066667	0.900000
0.064588	1.061037	140.588468	-5.200564	0.083333	0.900000
0.077241	1.061752	141.730544	-5.284577	0.100000	0.900000
0.090302	1.062465	142.909644	-5.369095	0.116667	0.900000
0.103778	1.063174	144.126547	-5.453910	0.133333	0.900000
0.117677	1.063877	145.381952	-5.538809	0.150000	0.900000
0.132006	1.064574	146.676447	-5.623556	0.166667	0.900000
0.146770	1.065261	148.010509	-5.707857	0.183333	0.900000
0.161972	1.065937	149.384461	-5.791438	0.200000	0.900000
0.177612	1.066599	150.798471	-5.873954	0.216667	0.900000
0.193692	1.067244	152.252518	-5.955066	0.233333	0.900000
0.210208	1.067871	153.746374	-6.034388	0.250000	0.900000
0.227156	1.068475	155.279582	-6.111524	0.266667	0.900000
0.244526	1.069055	156.851436	-6.186053	0.283333	0.900000
0.262308	1.069607	158.460961	-6.257543	0.300000	0.900000
0.280489	1.070129	160.106900	-6.325545	0.316667	0.900000
0.299050	1.070618	161.787692	-6.389610	0.333333	0.900000
0.317972	1.071070	163.501480	-6.449270	0.350000	0.900000
0.337231	1.071484	165.246085	-6.504094	0.366667	0.900000
0.356799	1.071856	167.019036	-6.553637	0.383333	0.900000
0.376646	1.072184	168.817549	-6.597512	0.400000	0.900000
0.396738	1.072465	170.638568	-6.635336	0.416667	0.900000
0.417040	1.072699	172.478777	-6.666782	0.433333	0.900000
0.437512	1.072882	174.334636	-6.691567	0.450000	0.900000
0.458114	1.073014	176.202401	-6.709441	0.466667	0.900000
0.478804	1.073093	178.078194	-6.720264	0.483333	0.900000
0.499537	1.073120	179.958025	-6.723916	0.500000	0.900000
0.520271	1.073093	-178.162144	-6.720371	0.516667	0.900000
0.540960	1.073014	-176.286347	-6.709655	0.533333	0.900000
0.561562	1.072882	-174.418581	-6.691887	0.550000	0.900000
0.582034	1.072699	-172.562719	-6.667206	0.566667	0.900000
0.602336	1.072465	-170.722505	-6.635862	0.583333	0.900000
0.622428	1.072184	-168.901481	-6.598138	0.600000	0.900000
0.642275	1.071856	-167.102962	-6.554359	0.616667	0.900000
0.661843	1.071484	-165.330007	-6.504910	0.633333	0.900000
0.681102	1.071070	-163.585392	-6.450176	0.650000	0.900000
0.700024	1.070618	-161.871598	-6.390603	0.666667	0.900000
0.718585	1.070129	-160.190797	-6.326620	0.683333	0.900000
0.736766	1.069607	-158.544850	-6.258696	0.700000	0.900000
0.754548	1.069055	-156.935315	-6.187280	0.716667	0.900000
0.771918	1.068475	-155.363450	-6.112821	0.733333	0.900000
0.788866	1.067871	-153.830232	-6.035750	0.750000	0.900000
0.805382	1.067244	-152.336364	-5.956489	0.766667	0.900000
0.821462	1.066599	-150.882308	-5.875434	0.783333	0.900000
0.837103	1.065937	-149.468290	-5.792970	0.800000	0.900000
0.852304	1.065261	-148.094326	-5.709438	0.816667	0.900000
0.867068	1.064574	-146.760254	-5.625182	0.833333	0.900000
0.881397	1.063877	-145.465749	-5.540475	0.850000	0.900000
0.895296	1.063174	-144.210339	-5.455614	0.866667	0.900000
0.908773	1.062465	-142.993427	-5.370833	0.883333	0.900000
0.921833	1.061752	-141.814316	-5.286345	0.900000	0.900000
0.934486	1.061037	-140.672232	-5.202360	0.916667	0.900000
0.946741	1.060322	-139.566315	-5.119038	0.933333	0.900000
0.958607	1.059608	-138.495671	-5.036539	0.950000	0.900000
0.970095	1.058896	-137.459341	-4.954985	0.966667	0.900000
0.981216	1.058188	-136.456351	-4.874489	0.983333	0.900000
0.991980	1.057483	-135.485703	-4.795150	1.000000	0.900000
0.007094	1.057483	135.401975	-4.793260	0.000000	0.900000
0.017858	1.058188	136.372616	-4.872613	0.016667	0.900000
0.028979	1.058896	137.375598	-4.953124	0.033333	0.900000
0.040467	1.059608	138.411921	-5.034697	0.050000	0.900000
0.052333	1.060322	139.482561	-5.117218	0.066667	0.900000
0.064588	1.061037	140.588468	-5.200564	0.083333	0.900000
0.077241	1.061752	141.730544	-5.284577	0.100000	0.900000
0.090302	1.062465	142.909644	-5.369095	0.116667	0.900000
0.103778	1.063174	144.126547	-5.453910	0.133333	0.900000
0.117677	1.063877	145.381952	-5.538809	0.150000	0.900000
0.132006	1.064574	146.676447	-5.623556	0.166667	0.900000
0.146770	1.065261	148.010509	-5.707857	0.183333	0.900000
0.161972	1.065937	149.384461	-5.791438	0.200000	0.900000
0.177612	1.066599	150.798471	-5.873954	0.216667	0.900000
0.193692	1.067244	152.252518	-5.955066	0.233333	0.900000
0.210208	1.067871	153.746374	-6.034388	0.250000	0.900000
0.227156	1.068475	155.279582	-6.111524	0.266667	0.900000
0.244526	1.069055	156.851436	-6.186053	0.283333	0.900000
0.262308	1.069607	158.460961	-6.257543	0.300000	0.900000
0.280489	1.070129	160.106900	-6.325545	0.316667	0.900000
0.299050	1.070618	161.787692	-6.389610	0.333333	0.900000
0.317972	1.071070	163.501480	-6.449270	0.350000	0.900000
0.337231	1.071484	165.246085	-6.504094	0.366667	0.900000
0.356799	1.071856	167.019036	-6.553637	0.383333	0.900000
0.376646	1.072184	168.817549	-6.597512	0.400000	0.900000
0.396738	1.072465	170.638568	-6.635336	0.416667	0.900000
0.417040	1.072699	172.478777	-6.666782	0.433333	0.900000
0.437512	1.072882	174.334636	-6.691567	0.450000	0.900000
0.458114	1.073014	176.202401	-6.709441	0.466667	0.900000
0.478804	1.073093	178.078194	-6.720264	0.483333	0.900000
0.499537	1.073120	179.958025	-6.723916	0.500000	0.900000
0.520271	1.073093	-178.162144	-6.720371	0.516667	0.900000
0.540960	1.073014	-176.286347	-6.709655	0.533333	0.900000
0.561562	1.072882	-174.418581	-6.691887	0.550000	0.900000
0.582034	1.072699	-172.562719	-6.667206	0.566667	0.900000
0.602336	1.072465	-170.722505	-6.635862	0.583333	0.900000
0.622428	1.072184	-168.901481	-6.598138	0.600000	0.900000
0.642275	1.071856	-167.102962	-6.554359	0.616667	0.900000
0.661843	1.071484	-165.330007	-6.504910	0.633333	0.900000
0.681102	1.071070	-163.585392	-6.450176	0.650000	0.900000
0.700024	1.070618	-161.871598	-6.390603	0.666667	0.900000
0.718585	1.070129	-160.190797	-6.326620	0.683333	0.900000
0.736766	1.069607	-158.544850	-6.258696	0.700000	0.900000
0.754548	1.069055	-156.935315	-6.187280	0.716667	0.900000
0.771918	1.068475	-155.363450	-6.112821	0.733333	0.900000
0.788866	1.067871	-153.830232	-6.035750	0.750000	0.900000
0.805382	1.067244	-152.336364	-5.956489	0.766667	0.900000
0.821462	1.066599	-150.882308	-5.875434	0.783333	0.900000
0.837103	1.065937	-149.468290	-5.792970	0.800000	0.900000
0.852304	1.065261	-148.094326	-5.709438	0.816667	0.900000
0.867068	1.064574	-146.760254	-5.625182	0.833333	0.900000
0.881397	1.063877	-145.465749	-5.540475	0.850000	0.900000
0.895296	1.063174	-144.210339	-5.455614	0.866667	0.900000
0.908773	1.062465	-142.993427	-5.370833	0.883333	0.900000
0.921833	1.061752	-141.814316	-5.286345	0.900000	0.900000
0.934486	1.061037	-140.672232	-5.202360	0.916667	0.900000
0.946741	1.060322	-139.566315	-5.119038	0.933333	0.900000
0.958607	1.059608	-138.495671	-5.036539	0.950000	0.900000
0.970095	1.058896	-137.459341	-4.954985	0.966667	0.900000
0.981216	1.058188	-136.456351	-4.874489	0.983333	0.900000
0.991980	1.057483	-135.485703	-4.795150	1.000000	0.900000
-0.000737	1.046574	134.732512	-3.892295	0.000000	0.883333
0.010031	1.047166	135.703626	-3.958495	0.016667	0.883333
0.021164	1.047762	136.707905	-4.025749	0.033333	0.883333
0.032676	1.048361	137.746430	-4.093974	0.050000	0.883333
0.044578	1.048963	138.820262	-4.163091	0.066667	0.883333
0.056881	1.049566	139.930443	-4.232997	0.083333	0.883333
0.069596	1.050170	141.077968	-4.303568	0.100000	0.883333
0.082733	1.050773	142.263791	-4.374658	0.116667	0.883333
0.096303	1.051374	143.488789	-4.446114	0.133333	0.883333
0.110313	1.051971	144.753764	-4.517750	0.150000	0.883333
0.124771	1.052563	146.059406	-4.589365	0.166667	0.883333
0.139684	1.053148	147.406290	-4.660727	0.183333	0.883333
0.155055	1.053723	148.794839	-4.731574	0.200000	0.883333
0.170888	1.054288	150.225311	-4.801639	0.216667	0.883333
0.187183	1.054839	151.697766	-4.870622	0.233333	0.883333
0.203938	1.055375	153.212054	-4.938192	0.250000	0.883333
0.221149	1.055892	154.767773	-5.004002	0.266667	0.883333
0.238807	1.056390	156.364261	-5.067696	0.283333	0.883333
0.256903	1.056864	158.000567	-5.128877	0.300000	0.883333
0.275423	1.057313	159.675433	-5.187149	0.316667	0.883333
0.294349	1.057733	161.387273	-5.242128	0.333333	0.883333
0.313659	1.058123	163.134175	-5.293399	0.350000	0.883333
0.333330	1.058480	164.913883	-5.340574	0.366667	0.883333
0.353332	1.058801	166.723802	-5.383250	0.383333	0.883333
0.373633	1.059084	168.561011	-5.421089	0.400000	0.883333
0.394198	1.059328	170.422273	-5.453735	0.416667	0.883333
0.414987	1.059529	172.304068	-5.480889	0.433333	0.883333
0.435961	1.059688	174.202616	-5.502309	0.450000	0.883333
0.457074	1.059802	176.113926	-5.517766	0.466667	0.883333
0.478282	1.059871	178.033841	-5.527129	0.483333	0.883333
0.499537	1.059894	179.958087	-5.530292	0.500000	0.883333
0.520792	1.059871	-178.117666	-5.527219	0.516667	0.883333
0.542000	1.059802	-176.197747	-5.517947	0.533333	0.883333
0.563113	1.059688	-174.286435	-5.502578	0.550000	0.883333
0.584087	1.059529	-172.387887	-5.481246	0.566667	0.883333
0.604877	1.059328	-170.506087	-5.454177	0.583333	0.883333
0.625441	1.059084	-168.644821	-5.421614	0.600000	0.883333
0.645743	1.058801	-166.807610	-5.383857	0.616667	0.883333
0.665744	1.058480	-164.997686	-5.341260	0.633333	0.883333
0.685415	1.058123	-163.217973	-5.294160	0.650000	0.883333
0.704725	1.057733	-161.471063	-5.242961	0.666667	0.883333
0.723651	1.057313	-159.759216	-5.188049	0.683333	0.883333
0.742171	1.056864	-158.084347	-5.129843	0.700000	0.883333
0.760267	1.056390	-156.448032	-5.068723	0.716667	0.883333
0.777925	1.055892	-154.851539	-5.005086	0.733333	0.883333
0.795136	1.055375	-153.295814	-4.939329	0.750000	0.883333
0.811891	1.054839	-151.781522	-4.871810	0.766667	0.883333
0.828186	1.054288	-150.309057	-4.802874	0.783333	0.883333
0.844019	1.053723	-148.878579	-4.732852	0.800000	0.883333
0.859390	1.053148	-147.490026	-4.662044	0.816667	0.883333
0.874303	1.052563	-146.143130	-4.590717	0.833333	0.883333
0.888761	1.051971	-144.837482	-4.519135	0.850000	0.883333
0.902771	1.051374	-143.572502	-4.447529	0.866667	0.883333
0.916341	1.050773	-142.347500	-4.376099	0.883333	0.883333
0.929478	1.050170	-141.161672	-4.305034	0.900000	0.883333
0.942193	1.049566	-140.014139	-4.234484	0.916667	0.883333
0.954496	1.048963	-138.903952	-4.164597	0.933333	0.883333
0.966398	1.048361	-137.830120	-4.095497	0.950000	0.883333
0.977910	1.047762	-136.791583	-4.027286	0.966667	0.883333
0.989044	1.047166	-135.787298	-3.960045	0.983333	0.883333
0.999811	1.046574	-134.816180	-3.893855	1.000000	0.883333
-0.000737	1.046574	134.732512	-3.892295	0.000000	0.883333
0.010031	1.047166	135.703626	-3.958495	0.016667	0.883333
0.021164	1.047762	136.707905	-4.025749	0.033333	0.883333
0.032676	1.048361	137.746430	-4.093974	0.050000	0.883333
0.044578	1.048963	138.820262	-4.163091	0.066667	0.883333
0.056881	1.049566	139.930443	-4.232997	0.083333	0.883333
0.069596	1.050170	141.077968	-4.303568	0.100000	0.883333
0.082733	1.050773	142.263791	-4.374658	0.116667	0.883333
0.096303	1.051374	143.488789	-4.446114	0.133333	0.883333
0.110313	1.051971	144.753764	-4.517750	0.150000	0.883333
0.124771	1.052563	146.059406	-4.589365	0.166667	0.883333
0.139684	1.053148	147.406290	-4.660727	0.183333	0.883333
0.155055	1.053723	148.794839	-4.731574	0.200000	0.883333
0.170888	1.054288	150.225311	-4.801639	0.216667	0.883333
0.187183	1.054839	151.697766	-4.870622	0.233333	0.883333
0.203938	1.055375	153.212054	-4.938192	0.250000	0.883333
0.221149	1.055892	154.767773	-5.004002	0.266667	0.883333
0.238807	1.056390	156.364261	-5.067696	0.283333	0.883333
0.256903	1.056864	158.000567	-5.128877	0.300000	0.883333
0.275423	1.057313	159.675433	-5.187149	0.316667	0.883333
0.294349	1.057733	161.387273	-5.242128	0.333333	0.883333
0.313659	1.058123	163.134175	-5.293399	0.350000	0.883333
0.333330	1.058480	164.913883	-5.340574	0.366667	0.883333
0.353332	1.058801	166.723802	-5.383250	0.383333	0.883333
0.373633	1.059084	168.561011	-5.421089	0.400000	0.883333
0.394198	1.059328	170.422273	-5.453735	0.416667	0.883333
0.414987	1.059529	172.304068	-5.480889	0.433333	0.883333
0.435961	1.059688	174.202616	-5.502309	0.450000	0.883333
0.457074	1.059802	176.113926	-5.517766	0.466667	0.883333
0.478282	1.059871	178.033841	-5.527129	0.483333	0.883333
0.499537	1.059894	179.958087	-5.530292	0.500000	0.883333
0.520792	1.059871	-178.117666	-5.527219	0.516667	0.883333
0.542000	1.059802	-176.197747	-5.517947	0.533333	0.883333
0.563113	1.059688	-174.286435	-5.502578	0.550000	0.883333
0.584087	1.059529	-172.387887	-5.481246	0.566667	0.883333
0.604877	1.059328	-170.506087	-5.454177	0.583333	0.883333
0.625441	1.059084	-168.644821	-5.421614	0.600000	0.883333
0.645743	1.058801	-166.807610	-5.383857	0.616667	0.883333
0.665744	1.058480	-164.997686	-5.341260	0.633333	0.883333
0.685415	1.058123	-163.217973	-5.294160	0.650000	0.883333
0.704725	1.057733	-161.471063	-5.242961	0.666667	0.883333
0.723651	1.057313	-159.759216	-5.188049	0.683333	0.883333
0.742171	1.056864	-158.084347	-5.129843	0.700000	0.883333
0.760267	1.056390	-156.448032	-5.068723	0.716667	0.883333
0.777925	1.055892	-154.851539	-5.005086	0.733333	0.883333
0.795136	1.055375	-153.295814	-4.939329	0.750000	0.883333
0.811891	1.054839	-151.781522	-4.871810	0.766667	0.883333
0.828186	1.054288	-150.309057	-4.802874	0.783333	0.883333
0.844019	1.053723	-148.878579	-4.732852	0.800000	0.883333
0.859390	1.053148	-147.490026	-4.662044	0.816667	0.883333
0.874303	1.052563	-146.143130	-4.590717	0.833333	0.883333
0.888761	1.051971	-144.837482	-4.519135	0.850000	0.883333
0.902771	1.051374	-143.572502	-4.447529	0.866667	0.883333
0.916341	1.050773	-142.347500	-4.376099	0.883333	0.883333
0.929478	1.050170	-141.161672	-4.305034	0.900000	0.883333
0.942193	1.049566	-140.014139	-4.234484	0.916667	0.883333
0.954496	1.048963	-138.903952	-4.164597	0.933333	0.883333
0.966398	1.048361	-137.830120	-4.095497	0.950000	0.883333
0.977910	1.047762	-136.791583	-4.027286	0.966667	0.883333
0.989044	1.047166	-135.787298	-3.960045	0.983333	0.883333
0.999811	1.046574	-134.816180	-3.893855	1.000000	0.883333
-0.008675	1.035302	134.047153	-2.967390	0.000000	0.866667
0.002090	1.035769	135.018202	-3.019271	0.016667	0.866667
0.013230	1.036240	136.023242	-3.072048	0.033333	0.866667
0.024759	1.036714	137.063442	-3.125652	0.050000	0.866667
0.036690	1.037191	138.139951	-3.180040	0.066667	0.866667
0.049035	1.037670	139.253909	-3.235122	0.083333	0.866667
0.061805	1.038149	140.406412	-3.290816	0.100000	0.866667
0.075014	1.038629	141.598520	-3.347000	0.116667	0.866667
0.088671	1.039107	142.831217	-3.403557	0.133333	0.866667
0.102787	1.039584	144.105417	-3.460350	0.150000	0.866667
0.117369	1.040056	145.421922	-3.517215	0.166667	0.866667
0.132427	1.040524	146.781418	-3.573969	0.183333	0.866667
0.147965	1.040985	148.184434	-3.630415	0.200000	0.866667
0.163988	1.041437	149.631334	-3.686330	0.216667	0.866667
0.180496	1.041880	151.122273	-3.741477	0.233333	0.866667
0.197490	1.042311	152.657187	-3.795578	0.250000	0.866667
0.214965	1.042728	154.235743	-3.848355	0.266667	0.866667
0.232914	1.043128	155.857336	-3.899510	0.283333	0.866667
0.251328	1.043511	157.521044	-3.948734	0.300000	0.866667
0.270193	1.043874	159.225620	-3.995692	0.316667	0.866667
0.289490	1.044215	160.969458	-4.040060	0.333333	0.866667
0.309198	1.044530	162.750592	-4.081492	0.350000	0.866667
0.329291	1.044820	164.566685	-4.119662	0.366667	0.866667
0.349740	1.045081	166.415024	-4.154242	0.383333	0.866667
0.370509	1.045311	168.292531	-4.184924	0.400000	0.866667
0.391563	1.045509	170.195784	-4.211425	0.416667	0.866667
0.412858	1.045673	172.121035	-4.233487	0.433333	0.866667
0.434351	1.045802	174.064255	-4.250897	0.450000	0.866667
0.455995	1.045895	176.021173	-4.263471	0.466667	0.866667
0.477740	1.045951	177.987328	-4.271087	0.483333	0.866667
0.499537	1.045970	179.958140	-4.273657	0.500000	0.866667
0.521334	1.045951	-178.071048	-4.271158	0.516667	0.866667
0.543079	1.045895	-176.104892	-4.263613	0.533333	0.866667
0.564723	1.045802	-174.147973	-4.251110	0.550000	0.866667
0.586216	1.045673	-172.204752	-4.233769	0.566667	0.866667
0.607512	1.045509	-170.279499	-4.211775	0.583333	0.866667
0.628565	1.045311	-168.376246	-4.185340	0.600000	0.866667
0.649334	1.045081	-166.498733	-4.154722	0.616667	0.866667
0.669783	1.044820	-164.650394	-4.120202	0.633333	0.866667
0.689876	1.044530	-162.834298	-4.082092	0.650000	0.866667
0.709584	1.044215	-161.053157	-4.040716	0.666667	0.866667
0.728881	1.043874	-159.309315	-3.996401	0.683333	0.866667
0.747746	1.043511	-157.604738	-3.949494	0.700000	0.866667
0.766160	1.043128	-155.941023	-3.900317	0.716667	0.866667
0.784109	1.042728	-154.319426	-3.849207	0.733333	0.866667
0.801584	1.042311	-152.740866	-3.796471	0.750000	0.866667
0.818578	1.041880	-151.205947	-3.742408	0.766667	0.866667
0.835086	1.041437	-149.715004	-3.687297	0.783333	0.866667
0.851109	1.040985	-148.268102	-3.631415	0.800000	0.866667
0.866647	1.040524	-146.865078	-3.574998	0.816667	0.866667
0.881705	1.040056	-145.505579	-3.518272	0.833333	0.866667
0.896287	1.039584	-144.189074	-3.461432	0.850000	0.866667
0.910403	1.039107	-142.914867	-3.404660	0.866667	0.866667
0.924060	1.038629	-141.682167	-3.348123	0.883333	0.866667
0.937269	1.038149	-140.490059	-3.291957	0.900000	0.866667
0.950040	1.037670	-139.337549	-3.236280	0.916667	0.866667
0.962384	1.037191	-138.223591	-3.181211	0.933333	0.866667
0.974315	1.036714	-137.147079	-3.126835	0.950000	0.866667
0.985844	1.036240	-136.106871	-3.073241	0.966667	0.866667
0.996984	1.035769	-135.101826	-3.020473	0.983333	0.866667
1.007749	1.035302	-134.130775	-2.968598	1.000000	0.866667
-0.008675	1.035302	134.047153	-2.967390	0.000000	0.866667
0.002090	1.035769	135.018202	-3.019271	0.016667	0.866667
0.013230	1.036240	136.023242	-3.072048	0.033333	0.866667
0.024759	1.036714	137.063442	-3.125652	0.050000	0.866667
0.036690	1.037191	138.139951	-3.180040	0.066667	0.866667
0.049035	1.037670	139.253909	-3.235122	0.083333	0.866667
0.061805	1.038149	140.406412	-3.290816	0.100000	0.866667
0.075014	1.038629	141.598520	-3.347000	0.116667	0.866667
0.088671	1.039107	142.831217	-3.403557	0.133333	0.866667
0.102787	1.039584	144.105417	-3.460350	0.150000	0.866667
0.117369	1.040056	145.421922	-3.517215	0.166667	0.866667
0.132427	1.040524	146.781418	-3.573969	0.183333	0.866667
0.147965	1.040985	148.184434	-3.630415	0.200000	0.866667
0.163988	1.041437	149.631334	-3.686330	0.216667	0.866667
0.180496	1.041880	151.122273	-3.741477	0.233333	0.866667
0.197490	1.042311	152.657187	-3.795578	0.250000	0.866667
0.214965	1.042728	154.235743	-3.848355	0.266667	0.866667
0.232914	1.043128	155.857336	-3.899510	0.283333	0.866667
0.251328	1.043511	157.521044	-3.948734	0.300000	0.866667
0.270193	1.043874	159.225620	-3.995692	0.316667	0.866667
0.289490	1.044215	160.969458	-4.040060	0.333333	0.866667
0.309198	1.044530	162.750592	-4.081492	0.350000	0.866667
0.329291	1.044820	164.566685	-4.119662	0.366667	0.866667
0.349740	1.045081	166.415024	-4.154242	0.383333	0.866667
0.370509	1.045311	168.292531	-4.184924	0.400000	0.866667
0.391563	1.045509	170.195784	-4.211425	0.416667	0.866667
0.412858	1.045673	172.121035	-4.233487	0.433333	0.866667
0.434351	1.045802	174.064255	-4.250897	0.450000	0.866667
0.455995	1.045895	176.021173	-4.263471	0.466667	0.866667
0.477740	1.045951	177.987328	-4.271087	0.483333	0.866667
0.499537	1.045970	179.958140	-4.273657	0.500000	0.866667
0.521334	1.045951	-178.071048	-4.271158	0.516667	0.866667
0.543079	1.045895	-176.104892	-4.263613	0.533333	0.866667
0.564723	1.045802	-174.147973	-4.251110	0.550000	0.866667
0.586216	1.045673	-172.204752	-4.233769	0.566667	0.866667
0.607512	1.045509	-170.279499	-4.211775	0.583333	0.866667
0.628565	1.045311	-168.376246	-4.185340	0.600000	0.866667
0.649334	1.045081	-166.498733	-4.154722	0.616667	0.866667
0.669783	1.044820	-164.650394	-4.120202	0.633333	0.866667
0.689876	1.044530	-162.834298	-4.082092	0.650000	0.866667
0.709584	1.044215	-161.053157	-4.040716	0.666667	0.866667
0.728881	1.043874	-159.309315	-3.996401	0.683333	0.866667
0.747746	1.043511	-157.604738	-3.949494	0.700000	0.866667
0.766160	1.043128	-155.941023	-3.900317	0.716667	0.866667
0.784109	1.042728	-154.319426	-3.849207	0.733333	0.866667
0.801584	1.042311	-152.740866	-3.796471	0.750000	0.866667
0.818578	1.041880	-151.205947	-3.742408	0.766667	0.866667
0.835086	1.041437	-149.715004	-3.687297	0.783333	0.866667
0.851109	1.040985	-148.268102	-3.631415	0.800000	0.866667
0.866647	1.040524	-146.865078	-3.574998	0.816667	0.866667
0.881705	1.040056	-145.505579	-3.518272	0.833333	0.866667
0.896287	1.039584	-144.189074	-3.461432	0.850000	0.866667
0.910403	1.039107	-142.914867	-3.404660	0.866667	0.866667
0.924060	1.038629	-141.682167	-3.348123	0.883333	0.866667
0.937269	1.038149	-140.490059	-3.291957	0.900000	0.866667
0.950040	1.037670	-139.337549	-3.236280	0.916667	0.866667
0.962384	1.037191	-138.223591	-3.181211	0.933333	0.866667
0.974315	1.036714	-137.147079	-3.126835	0.950000	0.866667
0.985844	1.036240	-136.106871	-3.073241	0.966667	0.866667
0.996984	1.035769	-135.101826	-3.020473	0.983333	0.866667
1.007749	1.035302	-134.130775	-2.968598	1.000000	0.866667
-0.016712	1.023658	133.345525	-2.018497	0.000000	0.850000
-0.005957	1.023988	134.315931	-2.054837	0.016667	0.850000
0.005183	1.024321	135.321155	-2.091852	0.033333	0.850000
0.016723	1.024657	136.362456	-2.129505	0.050000	0.850000
0.028676	1.024995	137.441080	-2.167764	0.066667	0.850000
0.041056	1.025335	138.558269	-2.206558	0.083333	0.850000
0.053876	1.025675	139.715228	-2.245847	0.100000	0.850000
0.067149	1.026017	140.913128	-2.285540	0.116667	0.850000
0.080888	1.026358	142.153073	-2.325560	0.133333	0.850000
0.095103	1.026697	143.436097	-2.365814	0.150000	0.850000
0.109806	1.027035	144.763124	-2.406191	0.166667	0.850000
0.125003	1.027370	146.134965	-2.446555	0.183333	0.850000
0.140704	1.027700	147.552268	-2.486763	0.200000	0.850000
0.156913	1.028025	149.015517	-2.526662	0.216667	0.850000
0.173633	1.028343	150.524975	-2.566082	0.233333	0.850000
0.190865	1.028653	152.080674	-2.604823	0.250000	0.850000
0.208605	1.028953	153.682369	-2.642679	0.266667	0.850000
0.226847	1.029243	155.329520	-2.679433	0.283333	0.850000
0.245583	1.029520	157.021250	-2.714862	0.300000	0.850000
0.264797	1.029782	158.756327	-2.748718	0.316667	0.850000
0.284473	1.030029	160.533135	-2.780744	0.333333	0.850000
0.304587	1.030258	162.349661	-2.810703	0.350000	0.850000
0.325114	1.030468	164.203483	-2.838335	0.366667	0.850000
0.346021	1.030658	166.091767	-2.863400	0.383333	0.850000
0.367274	1.030825	168.011272	-2.885673	0.400000	0.850000
0.388831	1.030969	169.958371	-2.904926	0.416667	0.850000
0.410649	1.031089	171.929075	-2.920977	0.433333	0.850000
0.432680	1.031183	173.919085	-2.933639	0.450000	0.850000
0.454874	1.031251	175.923821	-2.942799	0.466667	0.850000
0.477178	1.031292	177.938499	-2.948338	0.483333	0.850000
0.499537	1.031306	179.958181	-2.950218	0.500000	0.850000
0.521896	1.031292	-178.022137	-2.948388	0.516667	0.850000
0.544200	1.031251	-176.007459	-2.942900	0.533333	0.850000
0.566394	1.031183	-174.002723	-2.933790	0.550000	0.850000
0.588425	1.031089	-172.012712	-2.921177	0.566667	0.850000
0.610243	1.030969	-170.042004	-2.905173	0.583333	0.850000
0.631800	1.030825	-168.094906	-2.885967	0.600000	0.850000
0.653053	1.030658	-166.175403	-2.863738	0.616667	0.850000
0.673960	1.030468	-164.287117	-2.838716	0.633333	0.850000
0.694487	1.030258	-162.433291	-2.811126	0.650000	0.850000
0.714601	1.030029	-160.616764	-2.781206	0.666667	0.850000
0.734277	1.029782	-158.839951	-2.749217	0.683333	0.850000
0.753491	1.029520	-157.104874	-2.715397	0.700000	0.850000
0.772227	1.029243	-155.413144	-2.680000	0.716667	0.850000
0.790469	1.028953	-153.765989	-2.643277	0.733333	0.850000
0.808209	1.028653	-152.164292	-2.605450	0.750000	0.850000
0.825441	1.028343	-150.608590	-2.566735	0.766667	0.850000
0.842161	1.028025	-149.099134	-2.527339	0.783333	0.850000
0.858370	1.027700	-147.635883	-2.487462	0.800000	0.850000
0.874071	1.027370	-146.218577	-2.447275	0.816667	0.850000
0.889269	1.027035	-144.846734	-2.406928	0.833333	0.850000
0.903971	1.026697	-143.519702	-2.366568	0.850000	0.850000
0.918186	1.026358	-142.236678	-2.326329	0.866667	0.850000
0.931925	1.026017	-140.996729	-2.286322	0.883333	0.850000
0.945198	1.025675	-139.798829	-2.246640	0.900000	0.850000
0.958018	1.025335	-138.641866	-2.207361	0.916667	0.850000
0.970398	1.024995	-137.524677	-2.168576	0.933333	0.850000
0.982351	1.024657	-136.446053	-2.130325	0.950000	0.850000
0.993891	1.024321	-135.404756	-2.092679	0.966667	0.850000
1.005031	1.023988	-134.399527	-2.055669	0.983333	0.850000
1.015786	1.023658	-133.429117	-2.019333	1.000000	0.850000
-0.016712	1.023658	133.345525	-2.018497	0.000000	0.850000
-0.005957	1.023988	134.315931	-2.054837	0.016667	0.850000
0.005183	1.024321	135.321155	-2.091852	0.033333	0.850000
0.016723	1.024657	136.362456	-2.129505	0.050000	0.850000
0.028676	1.024995	137.441080	-2.167764	0.066667	0.850000
0.041056	1.025335	138.558269	-2.206558	0.083333	0.850000
0.053876	1.025675	139.715228	-2.245847	0.100000	0.850000
0.067149	1.026017	140.913128	-2.285540	0.116667	0.850000
0.080888	1.026358	142.153073	-2.325560	0.133333	0.850000
0.095103	1.026697	143.436097	-2.365814	0.150000	0.850000
0.109806	1.027035	144.763124	-2.406191	0.166667	0.850000
0.125003	1.027370	146.134965	-2.446555	0.183333	0.850000
0.140704	1.027700	147.552268	-2.486763	0.200000	0.850000
0.156913	1.028025	149.015517	-2.526662	0.216667	0.850000
0.173633	1.028343	150.524975	-2.566082	0.233333	0.850000
0.190865	1.028653	152.080674	-2.604823	0.250000	0.850000
0.208605	1.028953	153.682369	-2.642679	0.266667	0.850000
0.226847	1.029243	155.329520	-2.679433	0.283333	0.850000
0.245583	1.029520	157.021250	-2.714862	0.300000	0.850000
0.264797	1.029782	158.756327	-2.748718	0.316667	0.850000
0.284473	1.030029	160.533135	-2.780744	0.333333	0.850000
0.304587	1.030258	162.349661	-2.810703	0.350000	0.850000
0.325114	1.030468	164.203483	-2.838335	0.366667	0.850000
0.346021	1.030658	166.091767	-2.863400	0.383333	0.850000
0.367274	1.030825	168.011272	-2.885673	0.400000	0.850000
0.388831	1.030969	169.958371	-2.904926	0.416667	0.850000
0.410649	1.031089	171.929075	-2.920977	0.433333	0.850000
0.432680	1.031183	173.919085	-2.933639	0.450000	0.850000
0.454874	1.031251	175.923821	-2.942799	0.466667	0.850000
0.477178	1.031292	177.938499	-2.948338	0.483333	0.850000
0.499537	1.031306	179.958181	-2.950218	0.500000	0.850000
0.521896	1.031292	-178.022137	-2.948388	0.516667	0.850000
0.544200	1.031251	-176.007459	-2.942900	0.533333	0.850000
0.566394	1.031183	-174.002723	-2.933790	0.550000	0.850000
0.588425	1.031089	-172.012712	-2.921177	0.566667	0.850000
0.610243	1.030969	-170.042004	-2.905173	0.583333	0.850000
0.631800	1.030825	-168.094906	-2.885967	0.600000	0.850000
0.653053	1.030658	-166.175403	-2.863738	0.616667	0.850000
0.673960	1.030468	-164.287117	-2.838716	0.633333	0.850000
0.694487	1.030258	-162.433291	-2.811126	0.650000	0.850000
0.714601	1.030029	-160.616764	-2.781206	0.666667	0.850000
0.734277	1.029782	-158.839951	-2.749217	0.683333	0.850000
0.753491	1.029520	-157.104874	-2.715397	0.700000	0.850000
0.772227	1.029243	-155.413144	-2.680000	0.716667	0.850000
0.790469	1.028953	-153.765989	-2.643277	0.733333	0.850000
0.808209	1.028653	-152.164292	-2.605450	0.750000	0.850000
0.825441	1.028343	-150.608590	-2.566735	0.766667	0.850000
0.842161	1.028025	-149.099134	-2.527339	0.783333	0.850000
0.858370	1.027700	-147.635883	-2.487462	0.800000	0.850000
0.874071	1.027370	-146.218577	-2.447275	0.816667	0.850000
0.889269	1.027035	-144.846734	-2.406928	0.833333	0.850000
0.903971	1.026697	-143.519702	-2.366568	0.850000	0.850000
0.918186	1.026358	-142.236678	-2.326329	0.866667	0.850000
0.931925	1.026017	-140.996729	-2.286322	0.883333	0.850000
0.945198	1.025675	-139.798829	-2.246640	0.900000	0.850000
0.958018	1.025335	-138.641866	-2.207361	0.916667	0.850000
0.970398	1.024995	-137.524677	-2.168576	0.933333	0.850000
0.982351	1.024657	-136.446053	-2.130325	0.950000	0.850000
0.993891	1.024321	-135.404756	-2.092679	0.966667	0.850000
1.005031	1.023988	-134.399527	-2.055669	0.983333	0.850000
1.015786	1.023658	-133.429117	-2.019333	1.000000	0.850000
-0.024841	1.011636	132.627262	-1.045663	0.000000	0.833333
-0.014102	1.011816	133.596406	-1.065197	0.016667	0.833333
-0.002968	1.011997	134.601192	-1.085119	0.033333	0.833333
0.008576	1.012180	135.642973	-1.105413	0.050000	0.833333
0.020544	1.012364	136.723098	-1.126068	0.066667	0.833333
0.032953	1.012550	137.842918	-1.147044	0.083333	0.833333
0.045816	1.012736	139.003753	-1.168310	0.100000	0.833333
0.059147	1.012923	140.206896	-1.189839	0.116667	0.833333
0.072961	1.013110	141.453577	-1.211575	0.133333	0.833333
0.087269	1.013297	142.744963	-1.233475	0.150000	0.833333
0.102085	1.013482	144.082113	-1.255484	0.166667	0.833333
0.117418	1.013667	145.465972	-1.277515	0.183333	0.833333
0.133277	1.013849	146.897327	-1.299515	0.200000	0.833333
0.149669	1.014028	148.376788	-1.321376	0.216667	0.833333
0.166598	1.014204	149.904746	-1.343006	0.233333	0.833333
0.184066	1.014376	151.481348	-1.364307	0.250000	0.833333
0.202070	1.014543	153.106450	-1.385167	0.266667	0.833333
0.220607	1.014704	154.779589	-1.405450	0.283333	0.833333
0.239667	1.014858	156.499950	-1.425034	0.300000	0.833333
0.259236	1.015004	158.266327	-1.443772	0.316667	0.833333
0.279296	1.015142	160.077101	-1.461536	0.333333	0.833333
0.299826	1.015270	161.930219	-1.478185	0.350000	0.833333
0.320796	1.015388	163.823176	-1.493555	0.366667	0.833333
0.342175	1.015494	165.753009	-1.507514	0.383333	0.833333
0.363925	1.015588	167.716308	-1.519942	0.400000	0.833333
0.386002	1.015669	169.709230	-1.530691	0.416667	0.833333
0.408360	1.015736	171.727527	-1.539658	0.433333	0.833333
0.430949	1.015789	173.766595	-1.546738	0.450000	0.833333
0.453712	1.015827	175.821527	-1.551865	0.466667	0.833333
0.476595	1.015850	177.887169	-1.554970	0.483333	0.833333
0.499537	1.015858	179.958207	-1.556016	0.500000	0.833333
0.522479	1.015850	-177.970755	-1.554997	0.516667	0.833333
0.545362	1.015827	-175.905112	-1.551919	0.533333	0.833333
0.568125	1.015789	-173.850180	-1.546820	0.550000	0.833333
0.590714	1.015736	-171.811114	-1.539766	0.566667	0.833333
0.613072	1.015669	-169.792814	-1.530824	0.583333	0.833333
0.635149	1.015588	-167.799890	-1.520100	0.600000	0.833333
0.656899	1.015494	-165.836593	-1.507697	0.616667	0.833333
0.678278	1.015388	-163.906757	-1.493761	0.633333	0.833333
0.699248	1.015270	-162.013804	-1.478412	0.650000	0.833333
0.719778	1.015142	-160.160686	-1.461785	0.666667	0.833333
0.739838	1.015004	-158.349907	-1.444040	0.683333	0.833333
0.759407	1.014858	-156.583532	-1.425321	0.700000	0.833333
0.778467	1.014704	-154.863173	-1.405754	0.716667	0.833333
0.797004	1.014543	-153.190028	-1.385488	0.733333	0.833333
0.815008	1.014376	-151.564928	-1.364642	0.750000	0.833333
0.832476	1.014204	-149.988324	-1.343355	0.766667	0.833333
0.849405	1.014028	-148.460364	-1.321737	0.783333	0.833333
0.865797	1.013849	-146.980903	-1.299888	0.800000	0.833333
0.881656	1.013667	-145.549552	-1.277899	0.816667	0.833333
0.896989	1.013482	-144.165691	-1.255877	0.833333	0.833333
0.911805	1.013297	-142.828539	-1.233875	0.850000	0.833333
0.926113	1.013110	-141.537155	-1.211983	0.866667	0.833333
0.939927	1.012923	-140.290471	-1.190254	0.883333	0.833333
0.953258	1.012736	-139.087329	-1.168731	0.900000	0.833333
0.966121	1.012550	-137.926497	-1.147470	0.916667	0.833333
0.978530	1.012364	-136.806673	-1.126497	0.933333	0.833333
0.990498	1.012180	-135.726551	-1.105846	0.950000	0.833333
1.002042	1.011997	-134.684761	-1.085556	0.966667	0.833333
1.013176	1.011816	-133.679977	-1.065636	0.983333	0.833333
1.023916	1.011636	-132.710831	-1.046103	1.000000	0.833333
-0.024841	1.011636	132.627262	-1.045663	0.000000	0.833333
-0.014102	1.011816	133.596406	-1.065197	0.016667	0.833333
-0.002968	1.011997	134.601192	-1.085119	0.033333	0.833333
0.008576	1.012180	135.642973	-1.105413	0.050000	0.833333
0.020544	1.012364	136.723098	-1.126068	0.066667	0.833333
0.032953	1.012550	137.842918	-1.147044	0.083333	0.833333
0.045816	1.012736	139.003753	-1.168310	0.100000	0.833333
0.059147	1.012923	140.206896	-1.189839	0.116667	0.833333
0.072961	1.013110	141.453577	-1.211575	0.133333	0.833333
0.087269	1.013297	142.744963	-1.233475	0.150000	0.833333
0.102085	1.013482	144.082113	-1.255484	0.166667	0.833333
0.117418	1.013667	145.465972	-1.277515	0.183333	0.833333
0.133277	1.013849	146.897327	-1.299515	0.200000	0.833333
0.149669	1.014028	148.376788	-1.321376	0.216667	0.833333
0.166598	1.014204	149.904746	-1.343006	0.233333	0.833333
0.184066	1.014376	151.481348	-1.364307	0.250000	0.833333
0.202070	1.014543	153.106450	-1.385167	0.266667	0.833333
0.220607	1.014704	154.779589	-1.405450	0.283333	0.833333
0.239667	1.014858	156.499950	-1.425034	0.300000	0.833333
0.259236	1.015004	158.266327	-1.443772	0.316667	0.833333
0.279296	1.015142	160.077101	-1.461536	0.333333	0.833333
0.299826	1.015270	161.930219	-1.478185	0.350000	0.833333
0.320796	1.015388	163.823176	-1.493555	0.366667	0.833333
0.342175	1.015494	165.753009	-1.507514	0.383333	0.833333
0.363925	1.015588	167.716308	-1.519942	0.400000	0.833333
0.386002	1.015669	169.709230	-1.530691	0.416667	0.833333
0.408360	1.015736	171.727527	-1.539658	0.433333	0.833333
0.430949	1.015789	173.766595	-1.546738	0.450000	0.833333
0.453712	1.015827	175.821527	-1.551865	0.466667	0.833333
0.476595	1.015850	177.887169	-1.554970	0.483333	0.833333
0.499537	1.015858	179.958207	-1.556016	0.500000	0.833333
0.522479	1.015850	-177.970755	-1.554997	0.516667	0.833333
0.545362	1.015827	-175.905112	-1.551919	0.533333	0.833333
0.568125	1.015789	-173.850180	-1.546820	0.550000	0.833333
0.590714	1.015736	-171.811114	-1.539766	0.566667	0.833333
0.613072	1.015669	-169.792814	-1.530824	0.583333	0.833333
0.635149	1.015588	-167.799890	-1.520100	0.600000	0.833333
0.656899	1.015494	-165.836593	-1.507697	0.616667	0.833333
0.678278	1.015388	-163.906757	-1.493761	0.633333	0.833333
0.699248	1.015270	-162.013804	-1.478412	0.650000	0.833333
0.719778	1.015142	-160.160686	-1.461785	0.666667	0.833333
0.739838	1.015004	-158.349907	-1.444040	0.683333	0.833333
0.759407	1.014858	-156.583532	-1.425321	0.700000	0.833333
0.778467	1.014704	-154.863173	-1.405754	0.716667	0.833333
0.797004	1.014543	-153.190028	-1.385488	0.733333	0.833333
0.815008	1.014376	-151.564928	-1.364642	0.750000	0.833333
0.832476	1.014204	-149.988324	-1.343355	0.766667	0.833333
0.849405	1.014028	-148.460364	-1.321737	0.783333	0.833333
0.865797	1.013849	-146.980903	-1.299888	0.800000	0.833333
0.881656	1.013667	-145.549552	-1.277899	0.816667	0.833333
0.896989	1.013482	-144.165691	-1.255877	0.833333	0.833333
0.911805	1.013297	-142.828539	-1.233875	0.850000	0.833333
0.926113	1.013110	-141.537155	-1.211983	0.866667	0.833333
0.939927	1.012923	-140.290471	-1.190254	0.883333	0.833333
0.953258	1.012736	-139.087329	-1.168731	0.900000	0.833333
0.966121	1.012550	-137.926497	-1.147470	0.916667	0.833333
0.978530	1.012364	-136.806673	-1.126497	0.933333	0.833333
0.990498	1.012180	-135.726551	-1.105846	0.950000	0.833333
1.002042	1.011997	-134.684761	-1.085556	0.966667	0.833333
1.013176	1.011816	-133.679977	-1.065636	0.983333	0.833333
1.023916	1.011636	-132.710831	-1.046103	1.000000	0.833333
-0.033052	0.999229	131.891998	-0.049016	0.000000	0.816667
-0.022335	0.999244	132.859216	-0.050438	0.016667	0.816667
-0.011214	0.999259	133.862893	-0.051886	0.033333	0.816667
0.000327	0.999274	134.904484	-0.053370	0.050000	0.816667
0.012304	0.999289	135.985443	-0.054879	0.066667	0.816667
0.024734	0.999304	137.107237	-0.056424	0.083333	0.816667
0.037632	0.999320	138.271308	-0.057985	0.100000	0.816667
0.051015	0.999335	139.479080	-0.059564	0.116667	0.816667
0.064897	0.999351	140.731922	-0.061168	0.133333	0.816667
0.079293	0.999366	142.031141	-0.062787	0.150000	0.816667
0.094216	0.999382	143.377945	-0.064422	0.166667	0.816667
0.109678	0.999397	144.773429	-0.066052	0.183333	0.816667
0.125690	0.999412	146.218529	-0.067685	0.200000	0.816667
0.142261	0.999427	147.714007	-0.069319	0.216667	0.816667
0.159395	0.999442	149.260393	-0.070933	0.233333	0.816667
0.177097	0.999456	150.857967	-0.072525	0.250000	0.816667
0.195365	0.999470	152.506701	-0.074083	0.266667	0.816667
0.214197	0.999483	154.206232	-0.075613	0.283333	0.816667
0.233583	0.999496	155.955818	-0.077081	0.300000	0.816667
0.253510	0.999509	157.754295	-0.078496	0.316667	0.816667
0.273962	0.999520	159.600052	-0.079842	0.333333	0.816667
0.294914	0.999531	161.491002	-0.081095	0.350000	0.816667
0.316339	0.999541	163.424559	-0.082262	0.366667	0.816667
0.338201	0.999550	165.397634	-0.083328	0.383333	0.816667
0.360461	0.999558	167.406631	-0.084268	0.400000	0.816667
0.383075	0.999565	169.447481	-0.085090	0.416667	0.816667
0.405991	0.999570	171.515655	-0.085769	0.433333	0.816667
0.429155	0.999575	173.606221	-0.086311	0.450000	0.816667
0.452509	0.999578	175.713898	-0.086706	0.466667	0.816667
0.475991	0.999580	177.833143	-0.086939	0.483333	0.816667
0.499537	0.999581	179.958218	-0.087021	0.500000	0.816667
0.523084	0.999580	-177.916708	-0.086941	0.516667	0.816667
0.546565	0.999578	-175.797463	-0.086709	0.533333	0.816667
0.569919	0.999575	-173.689785	-0.086316	0.550000	0.816667
0.593083	0.999570	-171.599220	-0.085775	0.566667	0.816667
0.615999	0.999565	-169.531045	-0.085097	0.583333	0.816667
0.638613	0.999558	-167.490199	-0.084277	0.600000	0.816667
0.660873	0.999550	-165.481199	-0.083338	0.616667	0.816667
0.682735	0.999541	-163.508122	-0.082273	0.633333	0.816667
0.704160	0.999531	-161.574567	-0.081108	0.650000	0.816667
0.725112	0.999520	-159.683616	-0.079855	0.666667	0.816667
0.745564	0.999509	-157.837860	-0.078511	0.683333	0.816667
0.765491	0.999496	-156.039380	-0.077097	0.700000	0.816667
0.784877	0.999483	-154.289797	-0.075629	0.716667	0.816667
0.803709	0.999470	-152.590265	-0.074100	0.733333	0.816667
0.821977	0.999456	-150.941532	-0.072544	0.750000	0.816667
0.839679	0.999442	-149.343956	-0.070952	0.766667	0.816667
0.856813	0.999427	-147.797574	-0.069338	0.783333	0.816667
0.873384	0.999412	-146.302093	-0.067704	0.800000	0.816667
0.889396	0.999397	-144.856994	-0.066072	0.816667	0.816667
0.904858	0.999382	-143.461511	-0.064443	0.833333	0.816667
0.919781	0.999366	-142.114707	-0.062808	0.850000	0.816667
0.934177	0.999351	-140.815485	-0.061189	0.866667	0.816667
0.948059	0.999335	-139.562640	-0.059585	0.883333	0.816667
0.961442	0.999320	-138.354878	-0.058006	0.900000	0.816667
0.974340	0.999304	-137.190805	-0.056445	0.916667	0.816667
0.986770	0.999289	-136.069005	-0.054900	0.933333	0.816667
0.998747	0.999274	-134.988049	-0.053391	0.950000	0.816667
1.010288	0.999259	-133.946458	-0.051908	0.966667	0.816667
1.021409	0.999244	-132.942782	-0.050459	0.983333	0.816667
1.032127	0.999229	-131.975565	-0.049037	1.000000	0.816667
-0.033052	0.999229	131.891998	-0.049016	0.000000	0.816667
-0.022335	0.999244	132.859216	-0.050438	0.016667	0.816667
-0.011214	0.999259	133.862893	-0.051886	0.033333	0.816667
0.000327	0.999274	134.904484	-0.053370	0.050000	0.816667
0.012304	0.999289	135.985443	-0.054879	0.066667	0.816667
0.024734	0.999304	137.107237	-0.056424	0.083333	0.816667
0.037632	0.999320	138.271308	-0.057985	0.100000	0.816667
0.051015	0.999335	139.479080	-0.059564	0.116667	0.816667
0.064897	0.999351	140.731922	-0.061168	0.133333	0.816667
0.079293	0.999366	142.031141	-0.062787	0.150000	0.816667
0.094216	0.999382	143.377945	-0.064422	0.166667	0.816667
0.109678	0.999397	144.773429	-0.066052	0.183333	0.816667
0.125690	0.999412	146.218529	-0.067685	0.200000	0.816667
0.142261	0.999427	147.714007	-0.069319	0.216667	0.816667
0.159395	0.999442	149.260393	-0.070933	0.233333	0.816667
0.177097	0.999456	150.857967	-0.072525	0.250000	0.816667
0.195365	0.999470	152.506701	-0.074083	0.266667	0.816667
0.214197	0.999483	154.206232	-0.075613	0.283333	0.816667
0.233583	0.999496	155.955818	-0.077081	0.300000	0.816667
0.253510	0.999509	157.754295	-0.078496	0.316667	0.816667
0.273962	0.999520	159.600052	-0.079842	0.333333	0.816667
0.294914	0.999531	161.491002	-0.081095	0.350000	0.816667
0.316339	0.999541	163.424559	-0.082262	0.366667	0.816667
0.338201	0.999550	165.397634	-0.083328	0.383333	0.816667
0.360461	0.999558	167.406631	-0.084268	0.400000	0.816667
0.383075	0.999565	169.447481	-0.085090	0.416667	0.816667
0.405991	0.999570	171.515655	-0.085769	0.433333	0.816667
0.429155	0.999575	173.606221	-0.086311	0.450000	0.816667
0.452509	0.999578	175.713898	-0.086706	0.466667	0.816667
0.475991	0.999580	177.833143	-0.086939	0.483333	0.816667
0.499537	0.999581	179.958218	-0.087021	0.500000	0.816667
0.523084	0.999580	-177.916708	-0.086941	0.516667	0.816667
0.546565	0.999578	-175.797463	-0.086709	0.533333	0.816667
0.569919	0.999575	-173.689785	-0.086316	0.550000	0.816667
0.593083	0.999570	-171.599220	-0.085775	0.566667	0.816667
0.615999	0.999565	-169.531045	-0.085097	0.583333	0.816667
0.638613	0.999558	-167.490199	-0.084277	0.600000	0.816667
0.660873	0.999550	-165.481199	-0.083338	0.616667	0.816667
0.682735	0.999541	-163.508122	-0.082273	0.633333	0.816667
0.704160	0.999531	-161.574567	-0.081108	0.650000	0.816667
0.725112	0.999520	-159.683616	-0.079855	0.666667	0.816667
0.745564	0.999509	-157.837860	-0.078511	0.683333	0.816667
0.765491	0.999496	-156.039380	-0.077097	0.700000	0.816667
0.784877	0.999483	-154.289797	-0.075629	0.716667	0.816667
0.803709	0.999470	-152.590265	-0.074100	0.733333	0.816667
0.821977	0.999456	-150.941532	-0.072544	0.750000	0.816667
0.839679	0.999442	-149.343956	-0.070952	0.766667	0.816667
0.856813	0.999427	-147.797574	-0.069338	0.783333	0.816667
0.873384	0.999412	-146.302093	-0.067704	0.800000	0.816667
0.889396	0.999397	-144.856994	-0.066072	0.816667	0.816667
0.904858	0.999382	-143.461511	-0.064443	0.833333	0.816667
0.919781	0.999366	-142.114707	-0.062808	0.850000	0.816667
0.934177	0.999351	-140.815485	-0.061189	0.866667	0.816667
0.948059	0.999335	-139.562640	-0.059585	0.883333	0.816667
0.961442	0.999320	-138.354878	-0.058006	0.900000	0.816667
0.974340	0.999304	-137.190805	-0.056445	0.916667	0.816667
0.986770	0.999289	-136.069005	-0.054900	0.933333	0.816667
0.998747	0.999274	-134.988049	-0.053391	0.950000	0.816667
1.010288	0.999259	-133.946458	-0.051908	0.966667	0.816667
1.021409	0.999244	-132.942782	-0.050459	0.983333	0.816667
1.032127	0.999229	-131.975565	-0.049037	1.000000	0.816667
-0.041334	0.986432	131.139374	0.971191	0.000000	0.800000
-0.030646	0.986267	132.103957	0.989221	0.016667	0.800000
-0.019544	0.986100	133.105808	1.007667	0.033333	0.800000
-0.008013	0.985932	134.146484	1.026494	0.050000	0.800000
0.003966	0.985761	135.227552	1.045714	0.066667	0.800000
0.016411	0.985589	136.350601	1.065298	0.083333	0.800000
0.029337	0.985416	137.517204	1.085208	0.100000	0.800000
0.042764	0.985241	138.728925	1.105429	0.116667	0.800000
0.056707	0.985066	139.987278	1.125916	0.133333	0.800000
0.071183	0.984891	141.293729	1.146631	0.150000	0.800000
0.086206	0.984717	142.649644	1.167503	0.166667	0.800000
0.101792	0.984543	144.056285	1.188493	0.183333	0.800000
0.117952	0.984370	145.514755	1.209504	0.200000	0.800000
0.134696	0.984200	147.025982	1.230478	0.216667	0.800000
0.152032	0.984032	148.590656	1.251305	0.233333	0.800000
0.169964	0.983868	150.209209	1.271890	0.250000	0.800000
0.188495	0.983708	151.881753	1.292121	0.266667	0.800000
0.207621	0.983554	153.608042	1.311870	0.283333	0.800000
0.227335	0.983405	155.387426	1.331005	0.300000	0.800000
0.247624	0.983264	157.218798	1.349389	0.316667	0.800000
0.268472	0.983130	159.100574	1.366868	0.333333	0.800000
0.289855	0.983006	161.030634	1.383299	0.350000	0.800000
0.311742	0.982891	163.006323	1.398523	0.366667	0.800000
0.334099	0.982787	165.024415	1.412393	0.383333	0.800000
0.356884	0.982695	167.081135	1.424762	0.400000	0.800000
0.380049	0.982616	169.172157	1.435497	0.416667	0.800000
0.403540	0.982550	171.292653	1.444459	0.433333	0.800000
0.427299	0.982498	173.437330	1.451557	0.450000	0.800000
0.451263	0.982460	175.600512	1.456700	0.466667	0.800000
0.475365	0.982437	177.776202	1.459816	0.483333	0.800000
0.499537	0.982430	179.958209	1.460866	0.500000	0.800000
0.523709	0.982437	-177.859785	1.459843	0.516667	0.800000
0.547811	0.982460	-175.684092	1.456754	0.533333	0.800000
0.571775	0.982498	-173.520915	1.451637	0.550000	0.800000
0.595534	0.982550	-171.376235	1.444565	0.566667	0.800000
0.619025	0.982616	-169.255739	1.435628	0.583333	0.800000
0.642190	0.982695	-167.164714	1.424918	0.600000	0.800000
0.664975	0.982787	-165.107999	1.412573	0.616667	0.800000
0.687332	0.982891	-163.089904	1.398725	0.633333	0.800000
0.709219	0.983006	-161.114217	1.383523	0.650000	0.800000
0.730602	0.983130	-159.184151	1.367112	0.666667	0.800000
0.751450	0.983264	-157.302381	1.349652	0.683333	0.800000
0.771739	0.983405	-155.471006	1.331286	0.700000	0.800000
0.791453	0.983554	-153.691623	1.312168	0.716667	0.800000
0.810579	0.983708	-151.965329	1.292434	0.733333	0.800000
0.829110	0.983868	-150.292789	1.272217	0.750000	0.800000
0.847042	0.984032	-148.674232	1.251645	0.766667	0.800000
0.864378	0.984200	-147.109559	1.230829	0.783333	0.800000
0.881122	0.984370	-145.598330	1.209866	0.800000	0.800000
0.897282	0.984543	-144.139860	1.188865	0.816667	0.800000
0.912868	0.984717	-142.733219	1.167883	0.833333	0.800000
0.927891	0.984891	-141.377303	1.147020	0.850000	0.800000
0.942367	0.985066	-140.070851	1.126311	0.866667	0.800000
0.956310	0.985241	-138.812494	1.105830	0.883333	0.800000
0.969737	0.985416	-137.600782	1.085614	0.900000	0.800000
0.982663	0.985589	-136.434178	1.065709	0.916667	0.800000
0.995108	0.985761	-135.311121	1.046128	0.933333	0.800000
1.007087	0.985932	-134.230059	1.026912	0.950000	0.800000
1.018618	0.986100	-133.189379	1.008087	0.966667	0.800000
1.029720	0.986267	-132.187528	0.989643	0.983333	0.800000
1.040409	0.986432	-131.222947	0.971614	1.000000	0.800000
-0.041334	0.986432	131.139374	0.971191	0.000000	0.800000
-0.030646	0.986267	132.103957	0.989221	0.016667	0.800000
-0.019544	0.986100	133.105808	1.007667	0.033333	0.800000
-0.008013	0.985932	134.146484	1.026494	0.050000	0.800000
0.003966	0.985761	135.227552	1.045714	0.066667	0.800000
0.016411	0.985589	136.350601	1.065298	0.083333	0.800000
0.029337	0.985416	137.517204	1.085208	0.100000	0.800000
0.042764	0.985241	138.728925	1.105429	0.116667	0.800000
0.056707	0.985066	139.987278	1.125916	0.133333	0.800000
0.071183	0.984891	141.293729	1.146631	0.150000	0.800000
0.086206	0.984717	142.649644	1.167503	0.166667	0.800000
0.101792	0.984543	144.056285	1.188493	0.183333	0.800000
0.117952	0.984370	145.514755	1.209504	0.200000	0.800000
0.134696	0.984200	147.025982	1.230478	0.216667	0.800000
0.152032	0.984032	148.590656	1.251305	0.233333	0.800000
0.169964	0.983868	150.209209	1.271890	0.250000	0.800000
0.188495	0.983708	151.881753	1.292121	0.266667	0.800000
0.207621	0.983554	153.608042	1.311870	0.283333	0.800000
0.227335	0.983405	155.387426	1.331005	0.300000	0.800000
0.247624	0.983264	157.218798	1.349389	0.316667	0.800000
0.268472	0.983130	159.100574	1.366868	0.333333	0.800000
0.289855	0.983006	161.030634	1.383299	0.350000	0.800000
0.311742	0.982891	163.006323	1.398523	0.366667	0.800000
0.334099	0.982787	165.024415	1.412393	0.383333	0.800000
0.356884	0.982695	167.081135	1.424762	0.400000	0.800000
0.380049	0.982616	169.172157	1.435497	0.416667	0.800000
0.403540	0.982550	171.292653	1.444459	0.433333	0.800000
0.427299	0.982498	173.437330	1.451557	0.450000	0.800000
0.451263	0.982460	175.600512	1.456700	0.466667	0.800000
0.475365	0.982437	177.776202	1.459816	0.483333	0.800000
0.499537	0.982430	179.958209	1.460866	0.500000	0.800000
0.523709	0.982437	-177.859785	1.459843	0.516667	0.800000
0.547811	0.982460	-175.684092	1.456754	0.533333	0.800000
0.571775	0.982498	-173.520915	1.451637	0.550000	0.800000
0.595534	0.982550	-171.376235	1.444565	0.566667	0.800000
0.619025	0.982616	-169.255739	1.435628	0.583333	0.800000
0.642190	0.982695	-167.164714	1.424918	0.600000	0.800000
0.664975	0.982787	-165.107999	1.412573	0.616667	0.800000
0.687332	0.982891	-163.089904	1.398725	0.633333	0.800000
0.709219	0.983006	-161.114217	1.383523	0.650000	0.800000
0.730602	0.983130	-159.184151	1.367112	0.666667	0.800000
0.751450	0.983264	-157.302381	1.349652	0.683333	0.800000
0.771739	0.983405	-155.471006	1.331286	0.700000	0.800000
0.791453	0.983554	-153.691623	1.312168	0.716667	0.800000
0.810579	0.983708	-151.965329	1.292434	0.733333	0.800000
0.829110	0.983868	-150.292789	1.272217	0.750000	0.800000
0.847042	0.984032	-148.674232	1.251645	0.766667	0.800000
0.864378	0.984200	-147.109559	1.230829	0.783333	0.800000
0.881122	0.984370	-145.598330	1.209866	0.800000	0.800000
0.897282	0.984543	-144.139860	1.188865	0.816667	0.800000
0.912868	0.984717	-142.733219	1.167883	0.833333	0.800000
0.927891	0.984891	-141.377303	1.147020	0.850000	0.800000
0.942367	0.985066	-140.070851	1.126311	0.866667	0.800000
0.956310	0.985241	-138.812494	1.105830	0.883333	0.800000
0.969737	0.985416	-137.600782	1.085614	0.900000	0.800000
0.982663	0.985589	-136.434178	1.065709	0.916667	0.800000
0.995108	0.985761	-135.311121	1.046128	0.933333	0.800000
1.007087	0.985932	-134.230059	1.026912	0.950000	0.800000
1.018618	0.986100	-133.189379	1.008087	0.966667	0.800000
1.029720	0.986267	-132.187528	0.989643	0.983333	0.800000
1.040409	0.986432	-131.222947	0.971614	1.000000	0.800000
-0.049676	0.973239	130.369034	2.014585	0.000000	0.783333
-0.039022	0.972879	131.330228	2.053444	0.016667	0.783333
-0.027946	0.972515	132.329482	2.093228	0.033333	0.783333
-0.016431	0.972146	133.368462	2.133930	0.050000	0.783333
-0.004457	0.971772	134.448855	2.175518	0.066667	0.783333
0.007995	0.971395	135.572376	2.217951	0.083333	0.783333
0.020942	0.971014	136.740737	2.261181	0.100000	0.783333
0.034406	0.970631	137.955651	2.305154	0.116667	0.783333
0.048402	0.970246	139.218793	2.349773	0.133333	0.783333
0.062951	0.969860	140.531792	2.394963	0.150000	0.783333
0.078069	0.969474	141.896194	2.440602	0.166667	0.783333
0.093771	0.969089	143.313441	2.486559	0.183333	0.783333
0.110072	0.968707	144.784821	2.532681	0.200000	0.783333
0.126984	0.968329	146.311448	2.578778	0.216667	0.783333
0.144517	0.967956	147.894195	2.624664	0.233333	0.783333
0.162677	0.967590	149.533668	2.670102	0.250000	0.783333
0.181467	0.967234	151.230141	2.714843	0.266667	0.783333
0.200887	0.966888	152.983509	2.758603	0.283333	0.783333
0.220929	0.966556	154.793232	2.801095	0.300000	0.783333
0.241583	0.966239	156.658287	2.841990	0.316667	0.783333
0.262831	0.965939	158.577124	2.880949	0.333333	0.783333
0.284650	0.965659	160.547612	2.917634	0.350000	0.783333
0.307010	0.965401	162.567026	2.951690	0.366667	0.783333
0.329873	0.965167	164.632010	2.982760	0.383333	0.783333
0.353195	0.964960	166.738592	3.010511	0.400000	0.783333
0.376927	0.964780	168.882184	3.034615	0.416667	0.783333
0.401010	0.964631	171.057626	3.054776	0.433333	0.783333
0.425382	0.964513	173.259236	3.070753	0.450000	0.783333
0.449975	0.964428	175.480889	3.082329	0.466667	0.783333
0.474718	0.964377	177.716110	3.089348	0.483333	0.783333
0.499537	0.964359	179.958177	3.091716	0.500000	0.783333
0.524356	0.964377	-177.799756	3.089407	0.516667	0.783333
0.549099	0.964428	-175.564537	3.082446	0.533333	0.783333
0.573692	0.964513	-173.342880	3.070928	0.550000	0.783333
0.598064	0.964631	-171.141269	3.055007	0.566667	0.783333
0.622147	0.964780	-168.965824	3.034901	0.583333	0.783333
0.645879	0.964960	-166.822232	3.010850	0.600000	0.783333
0.669201	0.965167	-164.715649	2.983150	0.616667	0.783333
0.692064	0.965401	-162.650661	2.952128	0.633333	0.783333
0.714424	0.965659	-160.631247	2.918118	0.650000	0.783333
0.736243	0.965939	-158.660754	2.881477	0.666667	0.783333
0.757491	0.966239	-156.741917	2.842559	0.683333	0.783333
0.778145	0.966556	-154.876857	2.801701	0.700000	0.783333
0.798187	0.966888	-153.067132	2.759244	0.716667	0.783333
0.817607	0.967234	-151.313766	2.715516	0.733333	0.783333
0.836397	0.967590	-149.617289	2.670805	0.750000	0.783333
0.854557	0.967956	-147.977812	2.625393	0.766667	0.783333
0.872090	0.968329	-146.395065	2.579532	0.783333	0.783333
0.889002	0.968707	-144.868434	2.533457	0.800000	0.783333
0.905303	0.969089	-143.397052	2.487354	0.816667	0.783333
0.921005	0.969474	-141.979805	2.441415	0.833333	0.783333
0.936123	0.969860	-140.615398	2.395791	0.850000	0.783333
0.950672	0.970246	-139.302395	2.350614	0.866667	0.783333
0.964668	0.970631	-138.039258	2.306006	0.883333	0.783333
0.978132	0.971014	-136.824343	2.262043	0.900000	0.783333
0.991079	0.971395	-135.655970	2.218822	0.916667	0.783333
1.003531	0.971772	-134.532449	2.176396	0.933333	0.783333
1.015505	0.972146	-133.452062	2.134813	0.950000	0.783333
1.027020	0.972515	-132.413078	2.094116	0.966667	0.783333
1.038096	0.972879	-131.413820	2.054335	0.983333	0.783333
1.048750	0.973239	-130.452621	2.015479	1.000000	0.783333
-0.049676	0.973239	130.369034	2.014585	0.000000	0.783333
-0.039022	0.972879	131.330228	2.053444	0.016667	0.783333
-0.027946	0.972515	132.329482	2.093228	0.033333	0.783333
-0.016431	0.972146	133.368462	2.133930	0.050000	0.783333
-0.004457	0.971772	134.448855	2.175518	0.066667	0.783333
0.007995	0.971395	135.572376	2.217951	0.083333	0.783333
0.020942	0.971014	136.740737	2.261181	0.100000	0.783333
0.034406	0.970631	137.955651	2.305154	0.116667	0.783333
0.048402	0.970246	139.218793	2.349773	0.133333	0.783333
0.062951	0.969860	140.531792	2.394963	0.150000	0.783333
0.078069	0.969474	141.896194	2.440602	0.166667	0.783333
0.093771	0.969089	143.313441	2.486559	0.183333	0.783333
0.110072	0.968707	144.784821	2.532681	0.200000	0.783333
0.126984	0.968329	146.311448	2.578778	0.216667	0.783333
0.144517	0.967956	147.894195	2.624664	0.233333	0.783333
0.162677	0.967590	149.533668	2.670102	0.250000	0.783333
0.181467	0.967234	151.230141	2.714843	0.266667	0.783333
0.200887	0.966888	152.983509	2.758603	0.283333	0.783333
0.220929	0.966556	154.793232	2.801095	0.300000	0.783333
0.241583	0.966239	156.658287	2.841990	0.316667	0.783333
0.262831	0.965939	158.577124	2.880949	0.333333	0.783333
0.284650	0.965659	160.547612	2.917634	0.350000	0.783333
0.307010	0.965401	162.567026	2.951690	0.366667	0.783333
0.329873	0.965167	164.632010	2.982760	0.383333	0.783333
0.353195	0.964960	166.738592	3.010511	0.400000	0.783333
0.376927	0.964780	168.882184	3.034615	0.416667	0.783333
0.401010	0.964631	171.057626	3.054776	0.433333	0.783333
0.425382	0.964513	173.259236	3.070753	0.450000	0.783333
0.449975	0.964428	175.480889	3.082329	0.466667	0.783333
0.474718	0.964377	177.716110	3.089348	0.483333	0.783333
0.499537	0.964359	179.958177	3.091716	0.500000	0.783333
0.524356	0.964377	-177.799756	3.089407	0.516667	0.783333
0.549099	0.964428	-175.564537	3.082446	0.533333	0.783333
0.573692	0.964513	-173.342880	3.070928	0.550000	0.783333
0.598064	0.964631	-171.141269	3.055007	0.566667	0.783333
0.622147	0.964780	-168.965824	3.034901	0.583333	0.783333
0.645879	0.964960	-166.822232	3.010850	0.600000	0.783333
0.669201	0.965167	-164.715649	2.983150	0.616667	0.783333
0.692064	0.965401	-162.650661	2.952128	0.633333	0.783333
0.714424	0.965659	-160.631247	2.918118	0.650000	0.783333
0.736243	0.965939	-158.660754	2.881477	0.666667	0.783333
0.757491	0.966239	-156.741917	2.842559	0.683333	0.783333
0.778145	0.966556	-154.876857	2.801701	0.700000	0.783333
0.798187	0.966888	-153.067132	2.759244	0.716667	0.783333
0.817607	0.967234	-151.313766	2.715516	0.733333	0.783333
0.836397	0.967590	-149.617289	2.670805	0.750000	0.783333
0.854557	0.967956	-147.977812	2.625393	0.766667	0.783333
0.872090	0.968329	-146.395065	2.579532	0.783333	0.783333
0.889002	0.968707	-144.868434	2.533457	0.800000	0.783333
0.905303	0.969089	-143.397052	2.487354	0.816667	0.783333
0.921005	0.969474	-141.979805	2.441415	0.833333	0.783333
0.936123	0.969860	-140.615398	2.395791	0.850000	0.783333
0.950672	0.970246	-139.302395	2.350614	0.866667	0.783333
0.964668	0.970631	-138.039258	2.306006	0.883333	0.783333
0.978132	0.971014	-136.824343	2.262043	0.900000	0.783333
0.991079	0.971395	-135.655970	2.218822	0.916667	0.783333
1.003531	0.971772	-134.532449	2.176396	0.933333	0.783333
1.015505	0.972146	-133.452062	2.134813	0.950000	0.783333
1.027020	0.972515	-132.413078	2.094116	0.966667	0.783333
1.038096	0.972879	-131.413820	2.054335	0.983333	0.783333
1.048750	0.973239	-130.452621	2.015479	1.000000	0.783333
-0.058062	0.959647	129.580637	3.080667	0.000000	0.766667
-0.047449	0.959078	130.537636	3.141729	0.016667	0.766667
-0.036406	0.958499	131.533470	3.204345	0.033333	0.766667
-0.024913	0.957913	132.569917	3.268488	0.050000	0.766667
-0.012951	0.957318	133.648785	3.334128	0.066667	0.766667
-0.000500	0.956716	134.771926	3.401202	0.083333	0.766667
0.012462	0.956109	135.941198	3.469657	0.100000	0.766667
0.025954	0.955496	137.158473	3.539387	0.116667	0.766667
0.039998	0.954879	138.425594	3.610273	0.133333	0.766667
0.054612	0.954260	139.744373	3.682198	0.150000	0.766667
0.069816	0.953641	141.116547	3.754963	0.166667	0.766667
0.085628	0.953022	142.543755	3.828373	0.183333	0.766667
0.102063	0.952406	144.027494	3.902178	0.200000	0.766667
0.119138	0.951796	145.569081	3.976118	0.216667	0.766667
0.136862	0.951194	147.169600	4.049846	0.233333	0.766667
0.155245	0.950602	148.829855	4.123011	0.250000	0.766667
0.174292	0.950024	150.550304	4.195191	0.266667	0.766667
0.194003	0.949463	152.331012	4.265949	0.283333	0.766667
0.214374	0.948922	154.171578	4.334787	0.300000	0.766667
0.235394	0.948406	156.071083	4.401174	0.316667	0.766667
0.257046	0.947916	158.028031	4.464549	0.333333	0.766667
0.279307	0.947459	160.040298	4.524330	0.350000	0.766667
0.302147	0.947037	162.105095	4.579919	0.366667	0.766667
0.325525	0.946653	164.218943	4.630727	0.383333	0.766667
0.349398	0.946313	166.377661	4.676167	0.400000	0.766667
0.373710	0.946018	168.576379	4.715691	0.416667	0.766667
0.398401	0.945773	170.809583	4.748797	0.433333	0.766667
0.423404	0.945579	173.071167	4.775047	0.450000	0.766667
0.448647	0.945439	175.354510	4.794081	0.466667	0.766667
0.474051	0.945354	177.652591	4.805631	0.483333	0.766667
0.499537	0.945325	179.958119	4.809533	0.500000	0.766667
0.525023	0.945354	-177.736352	4.805725	0.516667	0.766667
0.550427	0.945439	-175.438270	4.794268	0.533333	0.766667
0.575670	0.945579	-173.154923	4.775326	0.550000	0.766667
0.600673	0.945773	-170.893338	4.749166	0.566667	0.766667
0.625364	0.946018	-168.660131	4.716148	0.583333	0.766667
0.649676	0.946313	-166.461409	4.676708	0.600000	0.766667
0.673549	0.946653	-164.302689	4.631349	0.616667	0.766667
0.696928	0.947037	-162.188834	4.580618	0.633333	0.766667
0.719767	0.947459	-160.124034	4.525101	0.650000	0.766667
0.742028	0.947916	-158.111757	4.465388	0.666667	0.766667
0.763680	0.948406	-156.154805	4.402077	0.683333	0.766667
0.784700	0.948922	-154.255291	4.335749	0.700000	0.766667
0.805071	0.949463	-152.414721	4.266966	0.716667	0.766667
0.824782	0.950024	-150.634009	4.196257	0.733333	0.766667
0.843829	0.950602	-148.913554	4.124123	0.750000	0.766667
0.862212	0.951194	-147.253290	4.050999	0.766667	0.766667
0.879936	0.951796	-145.652768	3.977308	0.783333	0.766667
0.897011	0.952406	-144.111174	3.903400	0.800000	0.766667
0.913446	0.953022	-142.627429	3.829625	0.816667	0.766667
0.929258	0.953641	-141.200214	3.756241	0.833333	0.766667
0.944462	0.954260	-139.828039	3.683498	0.850000	0.766667
0.959076	0.954879	-138.509250	3.611593	0.866667	0.766667
0.973120	0.955496	-137.242130	3.540723	0.883333	0.766667
0.986612	0.956109	-136.024843	3.471007	0.900000	0.766667
0.999574	0.956716	-134.855569	3.402564	0.916667	0.766667
1.012025	0.957318	-133.732422	3.335500	0.933333	0.766667
1.023987	0.957913	-132.653555	3.269867	0.950000	0.766667
1.035480	0.958499	-131.617107	3.205729	0.966667	0.766667
1.046523	0.959078	-130.621262	3.143117	0.983333	0.766667
1.057136	0.959647	-129.664265	3.082058	1.000000	0.766667
-0.058062	0.959647	129.580637	3.080667	0.000000	0.766667
-0.047449	0.959078	130.537636	3.141729	0.016667	0.766667
-0.036406	0.958499	131.533470	3.204345	0.033333	0.766667
-0.024913	0.957913	132.569917	3.268488	0.050000	0.766667
-0.012951	0.957318	133.648785	3.334128	0.066667	0.766667
-0.000500	0.956716	134.771926	3.401202	0.083333	0.766667
0.012462	0.956109	135.941198	3.469657	0.100000	0.766667
0.025954	0.955496	137.158473	3.539387	0.116667	0.766667
0.039998	0.954879	138.425594	3.610273	0.133333	0.766667
0.054612	0.954260	139.744373	3.682198	0.150000	0.766667
0.069816	0.953641	141.116547	3.754963	0.166667	0.766667
0.085628	0.953022	142.543755	3.828373	0.183333	0.766667
0.102063	0.952406	144.027494	3.902178	0.200000	0.766667
0.119138	0.951796	145.569081	3.976118	0.216667	0.766667
0.136862	0.951194	147.169600	4.049846	0.233333	0.766667
0.155245	0.950602	148.829855	4.123011	0.250000	0.766667
0.174292	0.950024	150.550304	4.195191	0.266667	0.766667
0.194003	0.949463	152.331012	4.265949	0.283333	0.766667
0.214374	0.948922	154.171578	4.334787	0.300000	0.766667
0.235394	0.948406	156.071083	4.401174	0.316667	0.766667
0.257046	0.947916	158.028031	4.464549	0.333333	0.766667
0.279307	0.947459	160.040298	4.524330	0.350000	0.766667
0.302147	0.947037	162.105095	4.579919	0.366667	0.766667
0.325525	0.946653	164.218943	4.630727	0.383333	0.766667
0.349398	0.946313	166.377661	4.676167	0.400000	0.766667
0.373710	0.946018	168.576379	4.715691	0.416667	0.766667
0.398401	0.945773	170.809583	4.748797	0.433333	0.766667
0.423404	0.945579	173.071167	4.775047	0.450000	0.766667
0.448647	0.945439	175.354510	4.794081	0.466667	0.766667
0.474051	0.945354	177.652591	4.805631	0.483333	0.766667
0.499537	0.945325	179.958119	4.809533	0.500000	0.766667
0.525023	0.945354	-177.736352	4.805725	0.516667	0.766667
0.550427	0.945439	-175.438270	4.794268	0.533333	0.766667
0.575670	0.945579	-173.154923	4.775326	0.550000	0.766667
0.600673	0.945773	-170.893338	4.749166	0.566667	0.766667
0.625364	0.946018	-168.660131	4.716148	0.583333	0.766667
0.649676	0.946313	-166.461409	4.676708	0.600000	0.766667
0.673549	0.946653	-164.302689	4.631349	0.616667	0.766667
0.696928	0.947037	-162.188834	4.580618	0.633333	0.766667
0.719767	0.947459	-160.124034	4.525101	0.650000	0.766667
0.742028	0.947916	-158.111757	4.465388	0.666667	0.766667
0.763680	0.948406	-156.154805	4.402077	0.683333	0.766667
0.784700	0.948922	-154.255291	4.335749	0.700000	0.766667
0.805071	0.949463	-152.414721	4.266966	0.716667	0.766667
0.824782	0.950024	-150.634009	4.196257	0.733333	0.766667
0.843829	0.950602	-148.913554	4.124123	0.750000	0.766667
0.862212	0.951194	-147.253290	4.050999	0.766667	0.766667
0.879936	0.951796	-145.652768	3.977308	0.783333	0.766667
0.897011	0.952406	-144.111174	3.903400	0.800000	0.766667
0.913446	0.953022	-142.627429	3.829625	0.816667	0.766667
0.929258	0.953641	-141.200214	3.756241	0.833333	0.766667
0.944462	0.954260	-139.828039	3.683498	0.850000	0.766667
0.959076	0.954879	-138.509250	3.611593	0.866667	0.766667
0.973120	0.955496	-137.242130	3.540723	0.883333	0.766667
0.986612	0.956109	-136.024843	3.471007	0.900000	0.766667
0.999574	0.956716	-134.855569	3.402564	0.916667	0.766667
1.012025	0.957318	-133.732422	3.335500	0.933333	0.766667
1.023987	0.957913	-132.653555	3.269867	0.950000	0.766667
1.035480	0.958499	-131.617107	3.205729	0.966667	0.766667
1.046523	0.959078	-130.621262	3.143117	0.983333	0.766667
1.057136	0.959647	-129.664265	3.082058	1.000000	0.766667
-0.066481	0.945656	128.773848	4.168789	0.000000	0.750000
-0.055913	0.944859	129.725797	4.253463	0.016667	0.750000
-0.044908	0.944050	130.717331	4.340401	0.033333	0.750000
-0.033445	0.943227	131.750344	4.429589	0.050000	0.750000
-0.021501	0.942393	132.826773	4.520982	0.066667	0.750000
-0.009056	0.941548	133.948609	4.614529	0.083333	0.750000
0.003912	0.940692	135.117866	4.710140	0.100000	0.750000
0.017427	0.939829	136.336583	4.807701	0.116667	0.750000
0.031509	0.938959	137.606786	4.907064	0.133333	0.750000
0.046181	0.938084	138.930482	5.008039	0.150000	0.750000
0.061464	0.937207	140.309612	5.110397	0.166667	0.750000
0.077378	0.936330	141.746038	5.213861	0.183333	0.750000
0.093942	0.935456	143.241479	5.318097	0.200000	0.750000
0.111172	0.934588	144.797487	5.422712	0.216667	0.750000
0.129082	0.933730	146.415375	5.527259	0.233333	0.750000
0.147683	0.932885	148.096178	5.631214	0.250000	0.750000
0.166983	0.932059	149.840569	5.734002	0.266667	0.750000
0.186983	0.931255	151.648810	5.834969	0.283333	0.750000
0.207681	0.930480	153.520671	5.933399	0.300000	0.750000
0.229067	0.929737	155.455362	6.028520	0.316667	0.750000
0.251126	0.929034	157.451471	6.119514	0.333333	0.750000
0.273834	0.928374	159.506895	6.205509	0.350000	0.750000
0.297159	0.927765	161.618799	6.285632	0.366667	0.750000
0.321063	0.927211	163.783580	6.358980	0.383333	0.750000
0.345496	0.926718	165.996842	6.424689	0.400000	0.750000
0.370403	0.926291	168.253428	6.481922	0.416667	0.750000
0.395718	0.925935	170.547425	6.529921	0.433333	0.750000
0.421369	0.925654	172.872264	6.568012	0.450000	0.750000
0.447279	0.925450	175.220780	6.595657	0.466667	0.750000
0.473364	0.925327	177.585351	6.612438	0.483333	0.750000
0.499537	0.925286	179.958031	6.618106	0.500000	0.750000
0.525710	0.925327	-177.669289	6.612571	0.516667	0.750000
0.551795	0.925450	-175.304712	6.595923	0.533333	0.750000
0.577705	0.925654	-172.956193	6.568407	0.550000	0.750000
0.603356	0.925935	-170.631353	6.530444	0.566667	0.750000
0.628671	0.926291	-168.337344	6.482568	0.583333	0.750000
0.653578	0.926718	-166.080756	6.425453	0.600000	0.750000
0.678011	0.927211	-163.867482	6.359858	0.616667	0.750000
0.701915	0.927765	-161.702691	6.286618	0.633333	0.750000
0.725241	0.928374	-159.590777	6.206596	0.650000	0.750000
0.747948	0.929034	-157.535342	6.120696	0.666667	0.750000
0.770007	0.929737	-155.539219	6.029790	0.683333	0.750000
0.791394	0.930480	-153.604517	5.934751	0.700000	0.750000
0.812091	0.931255	-151.732646	5.836394	0.716667	0.750000
0.832091	0.932059	-149.924391	5.735496	0.733333	0.750000
0.851391	0.932885	-148.179988	5.632770	0.750000	0.750000
0.869992	0.933730	-146.499174	5.528871	0.766667	0.750000
0.887902	0.934588	-144.881275	5.424373	0.783333	0.750000
0.905132	0.935456	-143.325255	5.319801	0.800000	0.750000
0.921696	0.936330	-141.829806	5.215604	0.816667	0.750000
0.937610	0.937207	-140.393367	5.112175	0.833333	0.750000
0.952893	0.938084	-139.014231	5.009846	0.850000	0.750000
0.967565	0.938959	-137.690525	4.908896	0.866667	0.750000
0.981648	0.939829	-136.420313	4.809554	0.883333	0.750000
0.995162	0.940692	-135.201588	4.712011	0.900000	0.750000
1.008131	0.941548	-134.032319	4.616414	0.916667	0.750000
1.020576	0.942393	-132.910477	4.522878	0.933333	0.750000
1.032519	0.943227	-131.834044	4.431493	0.950000	0.750000
1.043982	0.944050	-130.801017	4.342311	0.966667	0.750000
1.054987	0.944859	-129.809478	4.255377	0.983333	0.750000
1.065555	0.945656	-128.857520	4.170704	1.000000	0.750000
-0.066481	0.945656	128.773848	4.168789	0.000000	0.750000
-0.055913	0.944859	129.725797	4.253463	0.016667	0.750000
-0.044908	0.944050	130.717331	4.340401	0.033333	0.750000
-0.033445	0.943227	131.750344	4.429589	0.050000	0.750000
-0.021501	0.942393	132.826773	4.520982	0.066667	0.750000
-0.009056	0.941548	133.948609	4.614529	0.083333	0.750000
0.003912	0.940692	135.117866	4.710140	0.100000	0.750000
0.017427	0.939829	136.336583	4.807701	0.116667	0.750000
0.031509	0.938959	137.606786	4.907064	0.133333	0.750000
0.046181	0.938084	138.930482	5.008039	0.150000	0.750000
0.061464	0.937207	140.309612	5.110397	0.166667	0.750000
0.077378	0.936330	141.746038	5.213861	0.183333	0.750000
0.093942	0.935456	143.241479	5.318097	0.200000	0.750000
0.111172	0.934588	144.797487	5.422712	0.216667	0.750000
0.129082	0.933730	146.415375	5.527259	0.233333	0.750000
0.147683	0.932885	148.096178	5.631214	0.250000	0.750000
0.166983	0.932059	149.840569	5.734002	0.266667	0.750000
0.186983	0.931255	151.648810	5.834969	0.283333	0.750000
0.207681	0.930480	153.520671	5.933399	0.300000	0.750000
0.229067	0.929737	155.455362	6.028520	0.316667	0.750000
0.251126	0.929034	157.451471	6.119514	0.333333	0.750000
0.273834	0.928374	159.506895	6.205509	0.350000	0.750000
0.297159	0.927765	161.618799	6.285632	0.366667	0.750000
0.321063	0.927211	163.783580	6.358980	0.383333	0.750000
0.345496	0.926718	165.996842	6.424689	0.400000	0.750000
0.370403	0.926291	168.253428	6.481922	0.416667	0.750000
0.395718	0.925935	170.547425	6.529921	0.433333	0.750000
0.421369	0.925654	172.872264	6.568012	0.450000	0.750000
0.447279	0.925450	175.220780	6.595657	0.466667	0.750000
0.473364	0.925327	177.585351	6.612438	0.483333	0.750000
0.499537	0.925286	179.958031	6.618106	0.500000	0.750000
0.525710	0.925327	-177.669289	6.612571	0.516667	0.750000
0.551795	0.925450	-175.304712	6.595923	0.533333	0.750000
0.577705	0.925654	-172.956193	6.568407	0.550000	0.750000
0.603356	0.925935	-170.631353	6.530444	0.566667	0.750000
0.628671	0.926291	-168.337344	6.482568	0.583333	0.750000
0.653578	0.926718	-166.080756	6.425453	0.600000	0.750000
0.678011	0.927211	-163.867482	6.359858	0.616667	0.750000
0.701915	0.927765	-161.702691	6.286618	0.633333	0.750000
0.725241	0.928374	-159.590777	6.206596	0.650000	0.750000
0.747948	0.929034	-157.535342	6.120696	0.666667	0.750000
0.770007	0.929737	-155.539219	6.029790	0.683333	0.750000
0.791394	0.930480	-153.604517	5.934751	0.700000	0.750000
0.812091	0.931255	-151.732646	5.836394	0.716667	0.750000
0.832091	0.932059	-149.924391	5.735496	0.733333	0.750000
0.851391	0.932885	-148.179988	5.632770	0.750000	0.750000
0.869992	0.933730	-146.499174	5.528871	0.766667	0.750000
0.887902	0.934588	-144.881275	5.424373	0.783333	0.750000
0.905132	0.935456	-143.325255	5.319801	0.800000	0.750000
0.921696	0.936330	-141.829806	5.215604	0.816667	0.750000
0.937610	0.937207	-140.393367	5.112175	0.833333	0.750000
0.952893	0.938084	-139.014231	5.009846	0.850000	0.750000
0.967565	0.938959	-137.690525	4.908896	0.866667	0.750000
0.981648	0.939829	-136.420313	4.809554	0.883333	0.750000
0.995162	0.940692	-135.201588	4.712011	0.900000	0.750000
1.008131	0.941548	-134.032319	4.616414	0.916667	0.750000
1.020576	0.942393	-132.910477	4.522878	0.933333	0.750000
1.032519	0.943227	-131.834044	4.431493	0.950000	0.750000
1.043982	0.944050	-130.801017	4.342311	0.966667	0.750000
1.054987	0.944859	-129.809478	4.255377	0.983333	0.750000
1.065555	0.945656	-128.857520	4.170704	1.000000	0.750000
-0.074914	0.931264	127.948347	5.278172	0.000000	0.733333
-0.064398	0.930224	128.894340	5.387844	0.016667	0.733333
-0.053437	0.929165	129.880638	5.500601	0.033333	0.733333
-0.042008	0.928089	130.909253	5.616432	0.050000	0.733333
-0.030090	0.926995	131.982257	5.735308	0.066667	0.733333
-0.017658	0.925886	133.101788	5.857166	0.083333	0.733333
-0.004689	0.924762	134.270021	5.981909	0.100000	0.733333
0.008840	0.923626	135.489172	6.109415	0.116667	0.733333
0.022954	0.922480	136.761462	6.239499	0.133333	0.733333
0.037677	0.921325	138.089107	6.371932	0.150000	0.733333
0.053032	0.920166	139.474273	6.506436	0.166667	0.733333
0.069041	0.919005	140.919058	6.642649	0.183333	0.733333
0.085725	0.917845	142.425430	6.780156	0.200000	0.733333
0.103104	0.916692	143.995202	6.918446	0.216667	0.733333
0.121193	0.915551	145.629944	7.056935	0.233333	0.733333
0.140007	0.914425	147.330954	7.194938	0.250000	0.733333
0.159555	0.913322	149.099154	7.331686	0.266667	0.733333
0.179840	0.912247	150.935036	7.466297	0.283333	0.733333
0.200863	0.911208	152.838576	7.597816	0.300000	0.733333
0.222615	0.910212	154.809151	7.725184	0.316667	0.733333
0.245082	0.909266	156.845455	7.847278	0.333333	0.733333
0.268240	0.908378	158.945439	7.962905	0.350000	0.733333
0.292058	0.907556	161.106236	8.070836	0.366667	0.733333
0.316494	0.906809	163.324123	8.169825	0.383333	0.733333
0.341499	0.906142	165.594493	8.258645	0.400000	0.733333
0.367012	0.905565	167.911866	8.336129	0.416667	0.733333
0.392964	0.905082	170.269923	8.401193	0.433333	0.733333
0.419280	0.904701	172.661569	8.452884	0.450000	0.733333
0.445874	0.904425	175.079043	8.490423	0.466667	0.733333
0.472658	0.904258	177.514043	8.513225	0.483333	0.733333
0.499537	0.904202	179.957907	8.520924	0.500000	0.733333
0.526416	0.904258	-177.598228	8.513402	0.516667	0.733333
0.553200	0.904425	-175.163224	8.490776	0.533333	0.733333
0.579794	0.904701	-172.745742	8.453409	0.550000	0.733333
0.606110	0.905082	-170.354090	8.401886	0.566667	0.733333
0.632063	0.905565	-167.996019	8.336985	0.583333	0.733333
0.657576	0.906142	-165.678632	8.259658	0.600000	0.733333
0.682580	0.906809	-163.408243	8.170986	0.616667	0.733333
0.707016	0.907556	-161.190342	8.072138	0.633333	0.733333
0.730834	0.908378	-159.029526	7.964340	0.650000	0.733333
0.753992	0.909266	-156.929523	7.848836	0.666667	0.733333
0.776459	0.910212	-154.893200	7.726856	0.683333	0.733333
0.798211	0.911208	-152.922604	7.599593	0.700000	0.733333
0.819234	0.912247	-151.019045	7.468170	0.716667	0.733333
0.839520	0.913322	-149.183138	7.333645	0.733333	0.733333
0.859067	0.914425	-147.414922	7.196976	0.750000	0.733333
0.877881	0.915551	-145.713892	7.059043	0.766667	0.733333
0.895971	0.916692	-144.079128	6.920617	0.783333	0.733333
0.913349	0.917845	-142.509338	6.782381	0.800000	0.733333
0.930033	0.919005	-141.002950	6.644922	0.816667	0.733333
0.946042	0.920166	-139.558147	6.508750	0.833333	0.733333
0.961397	0.921325	-138.172964	6.374282	0.850000	0.733333
0.976120	0.922480	-136.845302	6.241879	0.866667	0.733333
0.990234	0.923626	-135.572998	6.111820	0.883333	0.733333
1.003763	0.924762	-134.353837	5.984334	0.900000	0.733333
1.016732	0.925886	-133.185590	5.859607	0.916667	0.733333
1.029164	0.926995	-132.066044	5.737761	0.933333	0.733333
1.041083	0.928089	-130.993031	5.618893	0.950000	0.733333
1.052511	0.929165	-129.964400	5.503068	0.966667	0.733333
1.063472	0.930224	-128.978095	5.390313	0.983333	0.733333
1.073988	0.931264	-128.032085	5.280641	1.000000	0.733333
-0.074914	0.931264	127.948347	5.278172	0.000000	0.733333
-0.064398	0.930224	128.894340	5.387844	0.016667	0.733333
-0.053437	0.929165	129.880638	5.500601	0.033333	0.733333
-0.042008	0.928089	130.909253	5.616432	0.050000	0.733333
-0.030090	0.926995	131.982257	5.735308	0.066667	0.733333
-0.017658	0.925886	133.101788	5.857166	0.083333	0.733333
-0.004689	0.924762	134.270021	5.981909	0.100000	0.733333
0.008840	0.923626	135.489172	6.109415	0.116667	0.733333
0.022954	0.922480	136.761462	6.239499	0.133333	0.733333
0.037677	0.921325	138.089107	6.371932	0.150000	0.733333
0.053032	0.920166	139.474273	6.506436	0.166667	0.733333
0.069041	0.919005	140.919058	6.642649	0.183333	0.733333
0.085725	0.917845	142.425430	6.780156	0.200000	0.733333
0.103104	0.916692	143.995202	6.918446	0.216667	0.733333
0.121193	0.915551	145.629944	7.056935	0.233333	0.733333
0.140007	0.914425	147.330954	7.194938	0.250000	0.733333
0.159555	0.913322	149.099154	7.331686	0.266667	0.733333
0.179840	0.912247	150.935036	7.466297	0.283333	0.733333
0.200863	0.911208	152.838576	7.597816	0.300000	0.733333
0.222615	0.910212	154.809151	7.725184	0.316667	0.733333
0.245082	0.909266	156.845455	7.847278	0.333333	0.733333
0.268240	0.908378	158.945439	7.962905	0.350000	0.733333
0.292058	0.907556	161.106236	8.070836	0.366667	0.733333
0.316494	0.906809	163.324123	8.169825	0.383333	0.733333
0.341499	0.906142	165.594493	8.258645	0.400000	0.733333
0.367012	0.905565	167.911866	8.336129	0.416667	0.733333
0.392964	0.905082	170.269923	8.401193	0.433333	0.733333
0.419280	0.904701	172.661569	8.452884	0.450000	0.733333
0.445874	0.904425	175.079043	8.490423	0.466667	0.733333
0.472658	0.904258	177.514043	8.513225	0.483333	0.733333
0.499537	0.904202	179.957907	8.520924	0.500000	0.733333
0.526416	0.904258	-177.598228	8.513402	0.516667	0.733333
0.553200	0.904425	-175.163224	8.490776	0.533333	0.733333
0.579794	0.904701	-172.745742	8.453409	0.550000	0.733333
0.606110	0.905082	-170.354090	8.401886	0.566667	0.733333
0.632063	0.905565	-167.996019	8.336985	0.583333	0.733333
0.657576	0.906142	-165.678632	8.259658	0.600000	0.733333
0.682580	0.906809	-163.408243	8.170986	0.616667	0.733333
0.707016	0.907556	-161.190342	8.072138	0.633333	0.733333
0.730834	0.908378	-159.029526	7.964340	0.650000	0.733333
0.753992	0.909266	-156.929523	7.848836	0.666667	0.733333
0.776459	0.910212	-154.893200	7.726856	0.683333	0.733333
0.798211	0.911208	-152.922604	7.599593	0.700000	0.733333
0.819234	0.912247	-151.019045	7.468170	0.716667	0.733333
0.839520	0.913322	-149.183138	7.333645	0.733333	0.733333
0.859067	0.914425	-147.414922	7.196976	0.750000	0.733333
0.877881	0.915551	-145.713892	7.059043	0.766667	0.733333
0.895971	0.916692	-144.079128	6.920617	0.783333	0.733333
0.913349	0.917845	-142.509338	6.782381	0.800000	0.733333
0.930033	0.919005	-141.002950	6.644922	0.816667	0.733333
0.946042	0.920166	-139.558147	6.508750	0.833333	0.733333
0.961397	0.921325	-138.172964	6.374282	0.850000	0.733333
0.976120	0.922480	-136.845302	6.241879	0.866667	0.733333
0.990234	0.923626	-135.572998	6.111820	0.883333	0.733333
1.003763	0.924762	-134.353837	5.984334	0.900000	0.733333
1.016732	0.925886	-133.185590	5.859607	0.916667	0.733333
1.029164	0.926995	-132.066044	5.737761	0.933333	0.733333
1.041083	0.928089	-130.993031	5.618893	0.950000	0.733333
1.052511	0.929165	-129.964400	5.503068	0.966667	0.733333
1.063472	0.930224	-128.978095	5.390313	0.983333	0.733333
1.073988	0.931264	-128.032085	5.280641	1.000000	0.733333
-0.083347	0.916472	127.103831	6.407878	0.000000	0.716667
-0.072887	0.915172	128.042908	6.543921	0.016667	0.716667
-0.061974	0.913846	129.022973	6.683974	0.033333	0.716667
-0.050586	0.912497	130.046162	6.828047	0.050000	0.716667
-0.038698	0.911125	131.114683	6.976116	0.066667	0.716667
-0.026285	0.909731	132.230827	7.128135	0.083333	0.716667
-0.013323	0.908317	133.396938	7.284002	0.100000	0.716667
0.000215	0.906886	134.615420	7.443583	0.116667	0.716667
0.014354	0.905439	135.888699	7.606669	0.133333	0.716667
0.029120	0.903980	137.219215	7.773009	0.150000	0.716667
0.044539	0.902513	138.609375	7.942264	0.166667	0.716667
0.060636	0.901041	140.061537	8.114008	0.183333	0.716667
0.077434	0.899569	141.577944	8.287723	0.200000	0.716667
0.094954	0.898102	143.160691	8.462801	0.216667	0.716667
0.113216	0.896648	144.811645	8.638498	0.233333	0.716667
0.132237	0.895211	146.532395	8.813963	0.250000	0.716667
0.152027	0.893801	148.324154	8.988205	0.266667	0.716667
0.172594	0.892425	150.187684	9.160120	0.283333	0.716667
0.193939	0.891092	152.123208	9.328453	0.300000	0.716667
0.216055	0.889812	154.130304	9.491834	0.316667	0.716667
0.238930	0.888594	156.207816	9.648789	0.333333	0.716667
0.262540	0.887449	158.353775	9.797743	0.350000	0.716667
0.286854	0.886388	160.565304	9.937058	0.366667	0.716667
0.311829	0.885421	162.838577	10.065069	0.383333	0.716667
0.337414	0.884559	165.168770	10.180134	0.400000	0.716667
0.363544	0.883810	167.550070	10.280668	0.416667	0.716667
0.390147	0.883184	169.975703	10.365196	0.433333	0.716667
0.417141	0.882689	172.438009	10.432428	0.450000	0.716667
0.444436	0.882330	174.928559	10.481293	0.466667	0.716667
0.471935	0.882113	177.438295	10.510993	0.483333	0.716667
0.499537	0.882040	179.957742	10.521022	0.500000	0.716667
0.527139	0.882113	-177.522809	10.511218	0.516667	0.716667
0.554638	0.882330	-175.013066	10.481741	0.533333	0.716667
0.581933	0.882689	-172.522508	10.433096	0.550000	0.716667
0.608927	0.883184	-170.060187	10.366077	0.566667	0.716667
0.635530	0.883810	-167.634530	10.281756	0.583333	0.716667
0.661661	0.884559	-165.253207	10.181420	0.600000	0.716667
0.687245	0.885421	-162.922991	10.066543	0.616667	0.716667
0.712220	0.886388	-160.649688	9.938708	0.633333	0.716667
0.736534	0.887449	-158.438132	9.799559	0.650000	0.716667
0.760144	0.888594	-156.292145	9.650760	0.666667	0.716667
0.783019	0.889812	-154.214596	9.493946	0.683333	0.716667
0.805135	0.891092	-152.207472	9.330695	0.700000	0.716667
0.826480	0.892425	-150.271915	9.162480	0.716667	0.716667
0.847047	0.893801	-148.408350	8.990671	0.733333	0.716667
0.866837	0.895211	-146.616559	8.816525	0.750000	0.716667
0.885858	0.896648	-144.895780	8.641144	0.766667	0.716667
0.904120	0.898102	-143.244798	8.465522	0.783333	0.716667
0.921641	0.899569	-141.662022	8.290509	0.800000	0.716667
0.938438	0.901041	-140.145589	8.116851	0.816667	0.716667
0.954535	0.902513	-138.693401	7.945155	0.833333	0.716667
0.969954	0.903980	-137.303212	7.775941	0.850000	0.716667
0.984720	0.905439	-135.972676	7.609635	0.866667	0.716667
0.998859	0.906886	-134.699371	7.446576	0.883333	0.716667
1.012397	0.908317	-133.480873	7.287017	0.900000	0.716667
1.025359	0.909731	-132.314738	7.131166	0.916667	0.716667
1.037772	0.911125	-131.198572	6.979159	0.933333	0.716667
1.049660	0.912497	-130.130032	6.831098	0.950000	0.716667
1.061048	0.913846	-129.106831	6.687029	0.966667	0.716667
1.071961	0.915172	-128.126745	6.546975	0.983333	0.716667
1.082421	0.916472	-127.187654	6.410930	1.000000	0.716667
-0.083347	0.916472	127.103831	6.407878	0.000000	0.716667
-0.072887	0.915172	128.042908	6.543921	0.016667	0.716667
-0.061974	0.913846	129.022973	6.683974	0.033333	0.716667
-0.050586	0.912497	130.046162	6.828047	0.050000	0.716667
-0.038698	0.911125	131.114683	6.976116	0.066667	0.716667
-0.026285	0.909731	132.230827	7.128135	0.083333	0.716667
-0.013323	0.908317	133.396938	7.284002	0.100000	0.716667
0.000215	0.906886	134.615420	7.443583	0.116667	0.716667
0.014354	0.905439	135.888699	7.606669	0.133333	0.716667
0.029120	0.903980	137.219215	7.773009	0.150000	0.716667
0.044539	0.902513	138.609375	7.942264	0.166667	0.716667
0.060636	0.901041	140.061537	8.114008	0.183333	0.716667
0.077434	0.899569	141.577944	8.287723	0.200000	0.716667
0.094954	0.898102	143.160691	8.462801	0.216667	0.716667
0.113216	0.896648	144.811645	8.638498	0.233333	0.716667
0.132237	0.895211	146.532395	8.813963	0.250000	0.716667
0.152027	0.893801	148.324154	8.988205	0.266667	0.716667
0.172594	0.892425	150.187684	9.160120	0.283333	0.716667
0.193939	0.891092	152.123208	9.328453	0.300000	0.716667
0.216055	0.889812	154.130304	9.491834	0.316667	0.716667
0.238930	0.888594	156.207816	9.648789	0.333333	0.716667
0.262540	0.887449	158.353775	9.797743	0.350000	0.716667
0.286854	0.886388	160.565304	9.937058	0.366667	0.716667
0.311829	0.885421	162.838577	10.065069	0.383333	0.716667
0.337414	0.884559	165.168770	10.180134	0.400000	0.716667
0.363544	0.883810	167.550070	10.280668	0.416667	0.716667
0.390147	0.883184	169.975703	10.365196	0.433333	0.716667
0.417141	0.882689	172.438009	10.432428	0.450000	0.716667
0.444436	0.882330	174.928559	10.481293	0.466667	0.716667
0.471935	0.882113	177.438295	10.510993	0.483333	0.716667
0.499537	0.882040	179.957742	10.521022	0.500000	0.716667
0.527139	0.882113	-177.522809	10.511218	0.516667	0.716667
0.554638	0.882330	-175.013066	10.481741	0.533333	0.716667
0.581933	0.882689	-172.522508	10.433096	0.550000	0.716667
0.608927	0.883184	-170.060187	10.366077	0.566667	0.716667
0.635530	0.883810	-167.634530	10.281756	0.583333	0.716667
0.661661	0.884559	-165.253207	10.181420	0.600000	0.716667
0.687245	0.885421	-162.922991	10.066543	0.616667	0.716667
0.712220	0.886388	-160.649688	9.938708	0.633333	0.716667
0.736534	0.887449	-158.438132	9.799559	0.650000	0.716667
0.760144	0.888594	-156.292145	9.650760	0.666667	0.716667
0.783019	0.889812	-154.214596	9.493946	0.683333	0.716667
0.805135	0.891092	-152.207472	9.330695	0.700000	0.716667
0.826480	0.892425	-150.271915	9.162480	0.716667	0.716667
0.847047	0.893801	-148.408350	8.990671	0.733333	0.716667
0.866837	0.895211	-146.616559	8.816525	0.750000	0.716667
0.885858	0.896648	-144.895780	8.641144	0.766667	0.716667
0.904120	0.898102	-143.244798	8.465522	0.783333	0.716667
0.921641	0.899569	-141.662022	8.290509	0.800000	0.716667
0.938438	0.901041	-140.145589	8.116851	0.816667	0.716667
0.954535	0.902513	-138.693401	7.945155	0.833333	0.716667
0.969954	0.903980	-137.303212	7.775941	0.850000	0.716667
0.984720	0.905439	-135.972676	7.609635	0.866667	0.716667
0.998859	0.906886	-134.699371	7.446576	0.883333	0.716667
1.012397	0.908317	-133.480873	7.287017	0.900000	0.716667
1.025359	0.909731	-132.314738	7.131166	0.916667	0.716667
1.037772	0.911125	-131.198572	6.979159	0.933333	0.716667
1.049660	0.912497	-130.130032	6.831098	0.950000	0.716667
1.061048	0.913846	-129.106831	6.687029	0.966667	0.716667
1.071961	0.915172	-128.126745	6.546975	0.983333	0.716667
1.082421	0.916472	-127.187654	6.410930	1.000000	0.716667
-0.091759	0.901284	126.240014	7.556805	0.000000	0.700000
-0.081359	0.899706	127.171161	7.720564	0.016667	0.700000
-0.070500	0.898096	128.143938	7.889363	0.033333	0.700000
-0.059156	0.896455	129.160604	8.063245	0.050000	0.700000
-0.047304	0.894784	130.223508	8.242205	0.066667	0.700000
-0.034916	0.893085	131.335098	8.426213	0.083333	0.700000
-0.021966	0.891359	132.497897	8.615180	0.100000	0.700000
-0.008426	0.889609	133.714505	8.808959	0.116667	0.700000
0.005731	0.887838	134.987564	9.007350	0.133333	0.700000
0.020534	0.886049	136.319752	9.210054	0.150000	0.700000
0.036011	0.884247	137.713738	9.416701	0.166667	0.700000
0.052188	0.882437	139.172160	9.626794	0.183333	0.700000
0.069092	0.880623	140.697560	9.839739	0.200000	0.700000
0.086747	0.878814	142.292350	10.054794	0.216667	0.700000
0.105175	0.877016	143.958725	10.271076	0.233333	0.700000
0.124396	0.875238	145.698606	10.487545	0.250000	0.700000
0.144423	0.873489	147.513538	10.702997	0.266667	0.700000
0.165266	0.871779	149.404602	10.916044	0.283333	0.700000
0.186929	0.870120	151.372309	11.125131	0.300000	0.700000
0.209407	0.868524	153.416490	11.328530	0.316667	0.700000
0.232689	0.867003	155.536183	11.524360	0.333333	0.700000
0.256752	0.865572	157.729533	11.710607	0.350000	0.700000
0.281564	0.864243	159.993688	11.885165	0.366667	0.700000
0.307083	0.863029	162.324734	12.045879	0.383333	0.700000
0.333253	0.861946	164.717629	12.190594	0.400000	0.700000
0.360009	0.861004	167.166215	12.317231	0.416667	0.700000
0.387274	0.860216	169.663226	12.423864	0.433333	0.700000
0.414958	0.859592	172.200378	12.508776	0.450000	0.700000
0.442967	0.859140	174.768496	12.570542	0.466667	0.700000
0.471196	0.858866	177.357678	12.608103	0.483333	0.700000
0.499537	0.858774	179.957528	12.620792	0.500000	0.700000
0.527878	0.858866	-177.442617	12.608383	0.516667	0.700000
0.556107	0.859140	-174.853423	12.571097	0.533333	0.700000
0.584116	0.859592	-172.285290	12.509603	0.550000	0.700000
0.611800	0.860216	-169.748114	12.424955	0.566667	0.700000
0.639065	0.861004	-167.251073	12.318577	0.583333	0.700000
0.665821	0.861946	-164.802453	12.192182	0.600000	0.700000
0.691991	0.863029	-162.409520	12.047697	0.616667	0.700000
0.717510	0.864243	-160.078432	11.887201	0.633333	0.700000
0.742322	0.865572	-157.814235	11.712844	0.650000	0.700000
0.766385	0.867003	-155.620839	11.526784	0.666667	0.700000
0.789667	0.868524	-153.501096	11.331124	0.683333	0.700000
0.812145	0.870120	-151.456868	11.127881	0.700000	0.700000
0.833808	0.871779	-149.489111	10.918934	0.716667	0.700000
0.854651	0.873489	-147.598001	10.706014	0.733333	0.700000
0.874678	0.875238	-145.783024	10.490674	0.750000	0.700000
0.893899	0.877016	-144.043096	10.274304	0.766667	0.700000
0.912327	0.878814	-142.376677	10.058109	0.783333	0.700000
0.929982	0.880623	-140.781842	9.843129	0.800000	0.700000
0.946886	0.882437	-139.256406	9.630248	0.816667	0.700000
0.963063	0.884247	-137.797941	9.420209	0.833333	0.700000
0.978540	0.886049	-136.403919	9.213607	0.850000	0.700000
0.993343	0.887838	-135.071694	9.010940	0.866667	0.700000
1.007500	0.889609	-133.798609	8.812579	0.883333	0.700000
1.021040	0.891359	-132.581969	8.618822	0.900000	0.700000
1.033990	0.893085	-131.419139	8.429871	0.916667	0.700000
1.046378	0.894784	-130.307526	8.245874	0.933333	0.700000
1.058230	0.896455	-129.244591	8.066919	0.950000	0.700000
1.069574	0.898096	-128.227901	7.893038	0.966667	0.700000
1.080433	0.899706	-127.255106	7.724236	0.983333	0.700000
1.090833	0.901284	-126.323937	7.560472	1.000000	0.700000
-0.091759	0.901284	126.240014	7.556805	0.000000	0.700000
-0.081359	0.899706	127.171161	7.720564	0.016667	0.700000
-0.070500	0.898096	128.143938	7.889363	0.033333	0.700000
-0.059156	0.896455	129.160604	8.063245	0.050000	0.700000
-0.047304	0.894784	130.223508	8.242205	0.066667	0.700000
-0.034916	0.893085	131.335098	8.426213	0.083333	0.700000
-0.021966	0.891359	132.497897	8.615180	0.100000	0.700000
-0.008426	0.889609	133.714505	8.808959	0.116667	0.700000
0.005731	0.887838	134.987564	9.007350	0.133333	0.700000
0.020534	0.886049	136.319752	9.210054	0.150000	0.700000
0.036011	0.884247	137.713738	9.416701	0.166667	0.700000
0.052188	0.882437	139.172160	9.626794	0.183333	0.700000
0.069092	0.880623	140.697560	9.839739	0.200000	0.700000
0.086747	0.878814	142.292350	10.054794	0.216667	0.700000
0.105175	0.877016	143.958725	10.271076	0.233333	0.700000
0.124396	0.875238	145.698606	10.487545	0.250000	0.700000
0.144423	0.873489	147.513538	10.702997	0.266667	0.700000
0.165266	0.871779	149.404602	10.916044	0.283333	0.700000
0.186929	0.870120	151.372309	11.125131	0.300000	0.700000
0.209407	0.868524	153.416490	11.328530	0.316667	0.700000
0.232689	0.867003	155.536183	11.524360	0.333333	0.700000
0.256752	0.865572	157.729533	11.710607	0.350000	0.700000
0.281564	0.864243	159.993688	11.885165	0.366667	0.700000
0.307083	0.863029	162.324734	12.045879	0.383333	0.700000
0.333253	0.861946	164.717629	12.190594	0.400000	0.700000
0.360009	0.861004	167.166215	12.317231	0.416667	0.700000
0.387274	0.860216	169.663226	12.423864	0.433333	0.700000
0.414958	0.859592	172.200378	12.508776	0.450000	0.700000
0.442967	0.859140	174.768496	12.570542	0.466667	0.700000
0.471196	0.858866	177.357678	12.608103	0.483333	0.700000
0.499537	0.858774	179.957528	12.620792	0.500000	0.700000
0.527878	0.858866	-177.442617	12.608383	0.516667	0.700000
0.556107	0.859140	-174.853423	12.571097	0.533333	0.700000
0.584116	0.859592	-172.285290	12.509603	0.550000	0.700000
0.611800	0.860216	-169.748114	12.424955	0.566667	0.700000
0.639065	0.861004	-167.251073	12.318577	0.583333	0.700000
0.665821	0.861946	-164.802453	12.192182	0.600000	0.700000
0.691991	0.863029	-162.409520	12.047697	0.616667	0.700000
0.717510	0.864243	-160.078432	11.887201	0.633333	0.700000
0.742322	0.865572	-157.814235	11.712844	0.650000	0.700000
0.766385	0.867003	-155.620839	11.526784	0.666667	0.700000
0.789667	0.868524	-153.501096	11.331124	0.683333	0.700000
0.812145	0.870120	-151.456868	11.127881	0.700000	0.700000
0.833808	0.871779	-149.489111	10.918934	0.716667	0.700000
0.854651	0.873489	-147.598001	10.706014	0.733333	0.700000
0.874678	0.875238	-145.783024	10.490674	0.750000	0.700000
0.893899	0.877016	-144.043096	10.274304	0.766667	0.700000
0.912327	0.878814	-142.376677	10.058109	0.783333	0.700000
0.929982	0.880623	-140.781842	9.843129	0.800000	0.700000
0.946886	0.882437	-139.256406	9.630248	0.816667	0.700000
0.963063	0.884247	-137.797941	9.420209	0.833333	0.700000
0.978540	0.886049	-136.403919	9.213607	0.850000	0.700000
0.993343	0.887838	-135.071694	9.010940	0.866667	0.700000
1.007500	0.889609	-133.798609	8.812579	0.883333	0.700000
1.021040	0.891359	-132.581969	8.618822	0.900000	0.700000
1.033990	0.893085	-131.419139	8.429871	0.916667	0.700000
1.046378	0.894784	-130.307526	8.245874	0.933333	0.700000
1.058230	0.896455	-129.244591	8.066919	0.950000	0.700000
1.069574	0.898096	-128.227901	7.893038	0.966667	0.700000
1.080433	0.899706	-127.255106	7.724236	0.983333	0.700000
1.090833	0.901284	-126.323937	7.560472	1.000000	0.700000
-0.100133	0.885704	125.356634	8.723699	0.000000	0.683333
-0.089796	0.883832	126.278784	8.916462	0.016667	0.683333
-0.078993	0.881920	127.243153	9.115413	0.033333	0.683333
-0.067699	0.879968	128.252129	9.320627	0.050000	0.683333
-0.055886	0.877978	129.308204	9.532130	0.066667	0.683333
-0.043527	0.875952	130.413988	9.749917	0.083333	0.683333
-0.030595	0.873892	131.572188	9.973916	0.100000	0.683333
-0.017058	0.871800	132.785608	10.204004	0.116667	0.683333
-0.002889	0.869680	134.057118	10.439963	0.133333	0.683333
0.011945	0.867536	135.389651	10.681489	0.150000	0.683333
0.027472	0.865372	136.786155	10.928163	0.166667	0.683333
0.043723	0.863195	138.249570	11.179449	0.183333	0.683333
0.060726	0.861012	139.782766	11.434656	0.200000	0.683333
0.078509	0.858829	141.388503	11.692938	0.216667	0.683333
0.097096	0.856657	143.069342	11.953254	0.233333	0.683333
0.116510	0.854505	144.827581	12.214381	0.250000	0.683333
0.136768	0.852384	146.665142	12.474865	0.266667	0.683333
0.157882	0.850308	148.583477	12.733034	0.283333	0.683333
0.179858	0.848289	150.583443	12.986991	0.300000	0.683333
0.202694	0.846344	152.665177	13.234609	0.316667	0.683333
0.226380	0.844488	154.827964	13.473559	0.333333	0.683333
0.250895	0.842737	157.070110	13.701320	0.350000	0.683333
0.276207	0.841110	159.388829	13.915245	0.366667	0.683333
0.302272	0.839622	161.780135	14.112600	0.383333	0.683333
0.329034	0.838291	164.238787	14.290640	0.400000	0.683333
0.356422	0.837133	166.758258	14.446706	0.416667	0.683333
0.384355	0.836163	169.330756	14.578310	0.433333	0.683333
0.412741	0.835394	171.947312	14.683229	0.450000	0.683333
0.441475	0.834837	174.597912	14.759622	0.466667	0.683333
0.470446	0.834499	177.271709	14.806099	0.483333	0.683333
0.499537	0.834386	179.957260	14.821805	0.500000	0.683333
0.528628	0.834499	-177.357184	14.806438	0.516667	0.683333
0.557599	0.834837	-174.683374	14.760297	0.533333	0.683333
0.586334	0.835394	-172.032743	14.684232	0.550000	0.683333
0.614719	0.836163	-169.416155	14.579633	0.566667	0.683333
0.642652	0.837133	-166.843614	14.448336	0.583333	0.683333
0.670041	0.838291	-164.324090	14.292564	0.600000	0.683333
0.696802	0.839622	-161.865384	14.114800	0.616667	0.683333
0.722867	0.841110	-159.474014	13.917704	0.633333	0.683333
0.748179	0.842737	-157.155236	13.704019	0.650000	0.683333
0.772694	0.844488	-154.913018	13.476479	0.666667	0.683333
0.796380	0.846344	-152.750166	13.237731	0.683333	0.683333
0.819216	0.848289	-150.668364	12.990295	0.700000	0.683333
0.841192	0.850308	-148.668325	12.736502	0.716667	0.683333
0.862306	0.852384	-146.749926	12.478480	0.733333	0.683333
0.882564	0.854505	-144.912299	12.218125	0.750000	0.683333
0.901978	0.856657	-143.153994	11.957111	0.766667	0.683333
0.920565	0.858829	-141.473097	11.696893	0.783333	0.683333
0.938348	0.861012	-139.867297	11.438695	0.800000	0.683333
0.955351	0.863195	-138.334045	11.183558	0.816667	0.683333
0.971602	0.865372	-136.870574	10.932331	0.833333	0.683333
0.987129	0.867536	-135.474026	10.685706	0.850000	0.683333
1.001963	0.869680	-134.141446	10.444219	0.866667	0.683333
1.016132	0.871800	-132.869886	10.208289	0.883333	0.683333
1.029669	0.873892	-131.656431	9.978224	0.900000	0.683333
1.042601	0.875952	-130.498189	9.754239	0.916667	0.683333
1.054960	0.877978	-129.392362	9.536460	0.933333	0.683333
1.066773	0.879968	-128.336251	9.324959	0.950000	0.683333
1.078067	0.881920	-127.327251	9.119743	0.966667	0.683333
1.088870	0.883832	-126.362851	8.920785	0.983333	0.683333
1.099207	0.885704	-125.440668	8.728010	1.000000	0.683333
-0.100133	0.885704	125.356634	8.723699	0.000000	0.683333
-0.089796	0.883832	126.278784	8.916462	0.016667	0.683333
-0.078993	0.881920	127.243153	9.115413	0.033333	0.683333
-0.067699	0.879968	128.252129	9.320627	0.050000	0.683333
-0.055886	0.877978	129.308204	9.532130	0.066667	0.683333
-0.043527	0.875952	130.413988	9.749917	0.083333	0.683333
-0.030595	0.873892	131.572188	9.973916	0.100000	0.683333
-0.017058	0.871800	132.785608	10.204004	0.116667	0.683333
-0.002889	0.869680	134.057118	10.439963	0.133333	0.683333
0.011945	0.867536	135.389651	10.681489	0.150000	0.683333
0.027472	0.865372	136.786155	10.928163	0.166667	0.683333
0.043723	0.863195	138.249570	11.179449	0.183333	0.683333
0.060726	0.861012	139.782766	11.434656	0.200000	0.683333
0.078509	0.858829	141.388503	11.692938	0.216667	0.683333
0.097096	0.856657	143.069342	11.953254	0.233333	0.683333
0.116510	0.854505	144.827581	12.214381	0.250000	0.683333
0.136768	0.852384	146.665142	12.474865	0.266667	0.683333
0.157882	0.850308	148.583477	12.733034	0.283333	0.683333
0.179858	0.848289	150.583443	12.986991	0.300000	0.683333
0.202694	0.846344	152.665177	13.234609	0.316667	0.683333
0.226380	0.844488	154.827964	13.473559	0.333333	0.683333
0.250895	0.842737	157.070110	13.701320	0.350000	0.683333
0.276207	0.841110	159.388829	13.915245	0.366667	0.683333
0.302272	0.839622	161.780135	14.112600	0.383333	0.683333
0.329034	0.838291	164.238787	14.290640	0.400000	0.683333
0.356422	0.837133	166.758258	14.446706	0.416667	0.683333
0.384355	0.836163	169.330756	14.578310	0.433333	0.683333
0.412741	0.835394	171.947312	14.683229	0.450000	0.683333
0.441475	0.834837	174.597912	14.759622	0.466667	0.683333
0.470446	0.834499	177.271709	14.806099	0.483333	0.683333
0.499537	0.834386	179.957260	14.821805	0.500000	0.683333
0.528628	0.834499	-177.357184	14.806438	0.516667	0.683333
0.557599	0.834837	-174.683374	14.760297	0.533333	0.683333
0.586334	0.835394	-172.032743	14.684232	0.550000	0.683333
0.614719	0.836163	-169.416155	14.579633	0.566667	0.683333
0.642652	0.837133	-166.843614	14.448336	0.583333	0.683333
0.670041	0.838291	-164.324090	14.292564	0.600000	0.683333
0.696802	0.839622	-161.865384	14.114800	0.616667	0.683333
0.722867	0.841110	-159.474014	13.917704	0.633333	0.683333
0.748179	0.842737	-157.155236	13.704019	0.650000	0.683333
0.772694	0.844488	-154.913018	13.476479	0.666667	0.683333
0.796380	0.846344	-152.750166	13.237731	0.683333	0.683333
0.819216	0.848289	-150.668364	12.990295	0.700000	0.683333
0.841192	0.850308	-148.668325	12.736502	0.716667	0.683333
0.862306	0.852384	-146.749926	12.478480	0.733333	0.683333
0.882564	0.854505	-144.912299	12.218125	0.750000	0.683333
0.901978	0.856657	-143.153994	11.957111	0.766667	0.683333
0.920565	0.858829	-141.473097	11.696893	0.783333	0.683333
0.938348	0.861012	-139.867297	11.438695	0.800000	0.683333
0.955351	0.863195	-138.334045	11.183558	0.816667	0.683333
0.971602	0.865372	-136.870574	10.932331	0.833333	0.683333
0.987129	0.867536	-135.474026	10.685706	0.850000	0.683333
1.001963	0.869680	-134.141446	10.444219	0.866667	0.683333
1.016132	0.871800	-132.869886	10.208289	0.883333	0.683333
1.029669	0.873892	-131.656431	9.978224	0.900000	0.683333
1.042601	0.875952	-130.498189	9.754239	0.916667	0.683333
1.054960	0.877978	-129.392362	9.536460	0.933333	0.683333
1.066773	0.879968	-128.336251	9.324959	0.950000	0.683333
1.078067	0.881920	-127.327251	9.119743	0.966667	0.683333
1.088870	0.883832	-126.362851	8.920785	0.983333	0.683333
1.099207	0.885704	-125.440668	8.728010	1.000000	0.683333
-0.108448	0.869741	124.453453	9.907135	0.000000	0.666667
-0.098177	0.867557	125.365482	10.130131	0.016667	0.666667
-0.087433	0.865324	126.320263	10.360575	0.033333	0.666667
-0.076190	0.863043	127.320312	10.598573	0.050000	0.666667
-0.064420	0.860715	128.368265	10.844203	0.066667	0.666667
-0.052095	0.858341	129.466900	11.097492	0.083333	0.666667
-0.039184	0.855924	130.619110	11.358411	0.100000	0.666667
-0.025656	0.853467	131.827914	11.626840	0.116667	0.666667
-0.011479	0.850974	133.096423	11.902585	0.133333	0.666667
0.003380	0.848448	134.427837	12.185335	0.150000	0.666667
0.018952	0.845897	135.825399	12.474647	0.166667	0.666667
0.035270	0.843325	137.292378	12.769940	0.183333	0.666667
0.052366	0.840742	138.831999	13.070441	0.200000	0.666667
0.070270	0.838155	140.447406	13.375201	0.216667	0.666667
0.089010	0.835577	142.141565	13.683029	0.233333	0.666667
0.108610	0.833018	143.917199	13.992498	0.250000	0.666667
0.129092	0.830493	145.776661	14.301918	0.266667	0.666667
0.150471	0.828016	147.721834	14.609295	0.283333	0.666667
0.172755	0.825604	149.753981	14.912371	0.300000	0.666667
0.195944	0.823276	151.873611	15.208579	0.316667	0.666667
0.220031	0.821050	154.080320	15.495082	0.333333	0.666667
0.244996	0.818948	156.372635	15.768797	0.350000	0.666667
0.270806	0.816990	158.747881	16.026443	0.366667	0.666667
0.297418	0.815198	161.202043	16.264629	0.383333	0.666667
0.324772	0.813592	163.729684	16.479918	0.400000	0.666667
0.352796	0.812194	166.323903	16.668961	0.416667	0.666667
0.381404	0.811022	168.976339	16.828611	0.433333	0.666667
0.410497	0.810091	171.677266	16.956052	0.450000	0.666667
0.439964	0.809417	174.415741	17.048938	0.466667	0.666667
0.469686	0.809007	177.179839	17.105487	0.483333	0.666667
0.499537	0.808870	179.956927	17.124596	0.500000	0.666667
0.529388	0.809007	-177.265977	17.105892	0.516667	0.666667
0.559110	0.809417	-174.501857	17.049745	0.533333	0.666667
0.588577	0.810091	-171.763348	16.957251	0.550000	0.666667
0.617670	0.811022	-169.062368	16.830192	0.566667	0.666667
0.646278	0.812194	-166.409868	16.670907	0.583333	0.666667
0.674302	0.813592	-163.815583	16.482212	0.600000	0.666667
0.701656	0.815198	-161.287857	16.267249	0.616667	0.666667
0.728268	0.816990	-158.833608	16.029368	0.633333	0.666667
0.754078	0.818948	-156.458276	15.772003	0.650000	0.666667
0.779043	0.821050	-154.165865	15.498545	0.666667	0.666667
0.803130	0.823276	-151.959060	15.212277	0.683333	0.666667
0.826319	0.825604	-149.839336	14.916279	0.700000	0.666667
0.848603	0.828016	-147.807092	14.613391	0.716667	0.666667
0.869982	0.830493	-145.861826	14.306180	0.733333	0.666667
0.890464	0.833018	-144.002273	13.996906	0.750000	0.666667
0.910064	0.835577	-142.226552	13.687564	0.766667	0.666667
0.928804	0.838155	-140.532309	13.379843	0.783333	0.666667
0.946708	0.840742	-138.916821	13.075175	0.800000	0.666667
0.963804	0.843325	-137.377122	12.774751	0.816667	0.666667
0.980122	0.845897	-135.910075	12.479521	0.833333	0.666667
0.995694	0.848448	-134.512448	12.190261	0.850000	0.666667
1.010553	0.850974	-133.180973	11.907550	0.866667	0.666667
1.024730	0.853467	-131.912401	11.631833	0.883333	0.666667
1.038258	0.855924	-130.703543	11.363424	0.900000	0.666667
1.051169	0.858341	-129.551273	11.102516	0.916667	0.666667
1.063495	0.860715	-128.452596	10.849232	0.933333	0.666667
1.075264	0.863043	-127.404600	10.603600	0.950000	0.666667
1.086507	0.865324	-126.404506	10.365594	0.966667	0.666667
1.097251	0.867557	-125.449685	10.135137	0.983333	0.666667
1.107522	0.869741	-124.537616	9.912123	1.000000	0.666667
-0.108448	0.869741	124.453453	9.907135	0.000000	0.666667
-0.098177	0.867557	125.365482	10.130131	0.016667	0.666667
-0.087433	0.865324	126.320263	10.360575	0.033333	0.666667
-0.076190	0.863043	127.320312	10.598573	0.050000	0.666667
-0.064420	0.860715	128.368265	10.844203	0.066667	0.666667
-0.052095	0.858341	129.466900	11.097492	0.083333	0.666667
-0.039184	0.855924	130.619110	11.358411	0.100000	0.666667
-0.025656	0.853467	131.827914	11.626840	0.116667	0.666667
-0.011479	0.850974	133.096423	11.902585	0.133333	0.666667
0.003380	0.848448	134.427837	12.185335	0.150000	0.666667
0.018952	0.845897	135.825399	12.474647	0.166667	0.666667
0.035270	0.843325	137.292378	12.769940	0.183333	0.666667
0.052366	0.840742	138.831999	13.070441	0.200000	0.666667
0.070270	0.838155	140.447406	13.375201	0.216667	0.666667
0.089010	0.835577	142.141565	13.683029	0.233333	0.666667
0.108610	0.833018	143.917199	13.992498	0.250000	0.666667
0.129092	0.830493	145.776661	14.301918	0.266667	0.666667
0.150471	0.828016	147.721834	14.609295	0.283333	0.666667
0.172755	0.825604	149.753981	14.912371	0.300000	0.666667
0.195944	0.823276	151.873611	15.208579	0.316667	0.666667
0.220031	0.821050	154.080320	15.495082	0.333333	0.666667
0.244996	0.818948	156.372635	15.768797	0.350000	0.666667
0.270806	0.816990	158.747881	16.026443	0.366667	0.666667
0.297418	0.815198	161.202043	16.264629	0.383333	0.666667
0.324772	0.813592	163.729684	16.479918	0.400000	0.666667
0.352796	0.812194	166.323903	16.668961	0.416667	0.666667
0.381404	0.811022	168.976339	16.828611	0.433333	0.666667
0.410497	0.810091	171.677266	16.956052	0.450000	0.666667
0.439964	0.809417	174.415741	17.048938	0.466667	0.666667
0.469686	0.809007	177.179839	17.105487	0.483333	0.666667
0.499537	0.808870	179.956927	17.124596	0.500000	0.666667
0.529388	0.809007	-177.265977	17.105892	0.516667	0.666667
0.559110	0.809417	-174.501857	17.049745	0.533333	0.666667
0.588577	0.810091	-171.763348	16.957251	0.550000	0.666667
0.617670	0.811022	-169.062368	16.830192	0.566667	0.666667
0.646278	0.812194	-166.409868	16.670907	0.583333	0.666667
0.674302	0.813592	-163.815583	16.482212	0.600000	0.666667
0.701656	0.815198	-161.287857	16.267249	0.616667	0.666667
0.728268	0.816990	-158.833608	16.029368	0.633333	0.666667
0.754078	0.818948	-156.458276	15.772003	0.650000	0.666667
0.779043	0.821050	-154.165865	15.498545	0.666667	0.666667
0.803130	0.823276	-151.959060	15.212277	0.683333	0.666667
0.826319	0.825604	-149.839336	14.916279	0.700000	0.666667
0.848603	0.828016	-147.807092	14.613391	0.716667	0.666667
0.869982	0.830493	-145.861826	14.306180	0.733333	0.666667
0.890464	0.833018	-144.002273	13.996906	0.750000	0.666667
0.910064	0.835577	-142.226552	13.687564	0.766667	0.666667
0.928804	0.838155	-140.532309	13.379843	0.783333	0.666667
0.946708	0.840742	-138.916821	13.075175	0.800000	0.666667
0.963804	0.843325	-137.377122	12.774751	0.816667	0.666667
0.980122	0.845897	-135.910075	12.479521	0.833333	0.666667
0.995694	0.848448	-134.512448	12.190261	0.850000	0.666667
1.010553	0.850974	-133.180973	11.907550	0.866667	0.666667
1.024730	0.853467	-131.912401	11.631833	0.883333	0.666667
1.038258	0.855924	-130.703543	11.363424	0.900000	0.666667
1.051169	0.858341	-129.551273	11.102516	0.916667	0.666667
1.063495	0.860715	-128.452596	10.849232	0.933333	0.666667
1.075264	0.863043	-127.404600	10.603600	0.950000	0.666667
1.086507	0.865324	-126.404506	10.365594	0.966667	0.666667
1.097251	0.867557	-125.449685	10.135137	0.983333	0.666667
1.107522	0.869741	-124.537616	9.912123	1.000000	0.666667
-0.116682	0.853402	123.530262	11.105531	0.000000	0.650000
-0.106478	0.850890	124.430992	11.359913	0.016667	0.650000
-0.095795	0.848320	125.374942	11.623093	0.033333	0.650000
-0.084606	0.845690	126.364753	11.895244	0.050000	0.650000
-0.072882	0.843004	127.403209	12.176495	0.066667	0.650000
-0.060593	0.840262	128.493257	12.466926	0.083333	0.650000
-0.047706	0.837467	129.637983	12.766541	0.100000	0.650000
-0.034190	0.834622	130.840627	13.075264	0.116667	0.650000
-0.020009	0.831731	132.104548	13.392926	0.133333	0.650000
-0.005131	0.828800	133.433229	13.719217	0.150000	0.650000
0.010481	0.825833	134.830228	14.053694	0.166667	0.650000
0.026862	0.822839	136.299166	14.395730	0.183333	0.650000
0.044045	0.819826	137.843651	14.744504	0.200000	0.650000
0.062064	0.816806	139.467248	15.098943	0.216667	0.650000
0.080950	0.813790	141.173373	15.457730	0.233333	0.650000
0.100730	0.810792	142.965224	15.819235	0.250000	0.650000
0.121430	0.807828	144.845646	16.181500	0.266667	0.650000
0.143066	0.804917	146.817015	16.542228	0.283333	0.650000
0.165652	0.802077	148.881081	16.898745	0.300000	0.650000
0.189189	0.799331	151.038796	17.248009	0.316667	0.650000
0.213672	0.796702	153.290142	17.586629	0.333333	0.650000
0.239082	0.794215	155.633943	17.910885	0.350000	0.650000
0.265387	0.791895	158.067695	18.216795	0.366667	0.650000
0.292544	0.789768	160.587401	18.500200	0.383333	0.650000
0.320490	0.787860	163.187452	18.756874	0.400000	0.650000
0.349151	0.786197	165.860561	18.982659	0.416667	0.650000
0.378436	0.784801	168.597760	19.173633	0.433333	0.650000
0.408239	0.783692	171.388494	19.326285	0.450000	0.650000
0.438443	0.782887	174.220768	19.437647	0.466667	0.650000
0.468921	0.782399	177.081437	19.505494	0.483333	0.650000
0.499537	0.782235	179.956521	19.528431	0.500000	0.650000
0.530153	0.782399	-177.168385	19.505974	0.516667	0.650000
0.560631	0.782887	-174.307684	19.438601	0.533333	0.650000
0.590835	0.783692	-171.475356	19.327702	0.550000	0.650000
0.620638	0.784801	-168.684556	19.175499	0.566667	0.650000
0.649923	0.786197	-165.947271	18.984955	0.583333	0.650000
0.678584	0.787860	-163.274063	18.759576	0.600000	0.650000
0.706531	0.789768	-160.673903	18.503284	0.616667	0.650000
0.733687	0.791895	-158.154076	18.220232	0.633333	0.650000
0.759993	0.794215	-155.720198	17.914648	0.650000	0.650000
0.785402	0.796702	-153.376268	17.590688	0.666667	0.650000
0.809885	0.799331	-151.124790	17.252335	0.683333	0.650000
0.833422	0.802077	-148.966949	16.903311	0.700000	0.650000
0.856008	0.804917	-146.902755	16.547006	0.716667	0.650000
0.877644	0.807828	-144.931261	16.186464	0.733333	0.650000
0.898344	0.810792	-143.050715	15.824361	0.750000	0.650000
0.918124	0.813790	-141.258752	15.462995	0.766667	0.650000
0.937010	0.816806	-139.552514	15.104326	0.783333	0.650000
0.955029	0.819826	-137.928816	14.749986	0.800000	0.650000
0.972212	0.822839	-136.384222	14.401292	0.816667	0.650000
0.988593	0.825833	-134.915191	14.059322	0.833333	0.650000
1.004205	0.828800	-133.518106	13.724896	0.850000	0.650000
1.019084	0.831731	-132.189343	13.398642	0.866667	0.650000
1.033264	0.834622	-130.925343	13.081007	0.883333	0.650000
1.046780	0.837467	-129.722634	12.772301	0.900000	0.650000
1.059667	0.840262	-128.577836	12.472692	0.916667	0.650000
1.071956	0.843004	-127.487731	12.182260	0.933333	0.650000
1.083680	0.845690	-126.449210	11.901001	0.950000	0.650000
1.094869	0.848320	-125.459345	11.628835	0.966667	0.650000
1.105552	0.850890	-124.515348	11.365636	0.983333	0.650000
1.115757	0.853402	-123.614570	11.111229	1.000000	0.650000
-0.116682	0.853402	123.530262	11.105531	0.000000	0.650000
-0.106478	0.850890	124.430992	11.359913	0.016667	0.650000
-0.095795	0.848320	125.374942	11.623093	0.033333	0.650000
-0.084606	0.845690	126.364753	11.895244	0.050000	0.650000
-0.072882	0.843004	127.403209	12.176495	0.066667	0.650000
-0.060593	0.840262	128.493257	12.466926	0.083333	0.650000
-0.047706	0.837467	129.637983	12.766541	0.100000	0.650000
-0.034190	0.834622	130.840627	13.075264	0.116667	0.650000
-0.020009	0.831731	132.104548	13.392926	0.133333	0.650000
-0.005131	0.828800	133.433229	13.719217	0.150000	0.650000
0.010481	0.825833	134.830228	14.053694	0.166667	0.650000
0.026862	0.822839	136.299166	14.395730	0.183333	0.650000
0.044045	0.819826	137.843651	14.744504	0.200000	0.650000
0.062064	0.816806	139.467248	15.098943	0.216667	0.650000
0.080950	0.813790	141.173373	15.457730	0.233333	0.650000
0.100730	0.810792	142.965224	15.819235	0.250000	0.650000
0.121430	0.807828	144.845646	16.181500	0.266667	0.650000
0.143066	0.804917	146.817015	16.542228	0.283333	0.650000
0.165652	0.802077	148.881081	16.898745	0.300000	0.650000
0.189189	0.799331	151.038796	17.248009	0.316667	0.650000
0.213672	0.796702	153.290142	17.586629	0.333333	0.650000
0.239082	0.794215	155.633943	17.910885	0.350000	0.650000
0.265387	0.791895	158.067695	18.216795	0.366667	0.650000
0.292544	0.789768	160.587401	18.500200	0.383333	0.650000
0.320490	0.787860	163.187452	18.756874	0.400000	0.650000
0.349151	0.786197	165.860561	18.982659	0.416667	0.650000
0.378436	0.784801	168.597760	19.173633	0.433333	0.650000
0.408239	0.783692	171.388494	19.326285	0.450000	0.650000
0.438443	0.782887	174.220768	19.437647	0.466667	0.650000
0.468921	0.782399	177.081437	19.505494	0.483333	0.650000
0.499537	0.782235	179.956521	19.528431	0.500000	0.650000
0.530153	0.782399	-177.168385	19.505974	0.516667	0.650000
0.560631	0.782887	-174.307684	19.438601	0.533333	0.650000
0.590835	0.783692	-171.475356	19.327702	0.550000	0.650000
0.620638	0.784801	-168.684556	19.175499	0.566667	0.650000
0.649923	0.786197	-165.947271	18.984955	0.583333	0.650000
0.678584	0.787860	-163.274063	18.759576	0.600000	0.650000
0.706531	0.789768	-160.673903	18.503284	0.616667	0.650000
0.733687	0.791895	-158.154076	18.220232	0.633333	0.650000
0.759993	0.794215	-155.720198	17.914648	0.650000	0.650000
0.785402	0.796702	-153.376268	17.590688	0.666667	0.650000
0.809885	0.799331	-151.124790	17.252335	0.683333	0.650000
0.833422	0.802077	-148.966949	16.903311	0.700000	0.650000
0.856008	0.804917	-146.902755	16.547006	0.716667	0.650000
0.877644	0.807828	-144.931261	16.186464	0.733333	0.650000
0.898344	0.810792	-143.050715	15.824361	0.750000	0.650000
0.918124	0.813790	-141.258752	15.462995	0.766667	0.650000
0.937010	0.816806	-139.552514	15.104326	0.783333	0.650000
0.955029	0.819826	-137.928816	14.749986	0.800000	0.650000
0.972212	0.822839	-136.384222	14.401292	0.816667	0.650000
0.988593	0.825833	-134.915191	14.059322	0.833333	0.650000
1.004205	0.828800	-133.518106	13.724896	0.850000	0.650000
1.019084	0.831731	-132.189343	13.398642	0.866667	0.650000
1.033264	0.834622	-130.925343	13.081007	0.883333	0.650000
1.046780	0.837467	-129.722634	12.772301	0.900000	0.650000
1.059667	0.840262	-128.577836	12.472692	0.916667	0.650000
1.071956	0.843004	-127.487731	12.182260	0.933333	0.650000
1.083680	0.845690	-126.449210	11.901001	0.950000	0.650000
1.094869	0.848320	-125.459345	11.628835	0.966667	0.650000
1.105552	0.850890	-124.515348	11.365636	0.983333	0.650000
1.115757	0.853402	-123.614570	11.111229	1.000000	0.650000
-0.124815	0.836699	122.586884	12.317147	0.000000	0.633333
-0.114677	0.833844	123.475083	12.603955	0.016667	0.633333
-0.104056	0.830919	124.406895	12.901018	0.033333	0.633333
-0.092922	0.827924	125.385085	13.208583	0.050000	0.633333
-0.081245	0.824861	126.412586	13.526836	0.066667	0.633333
-0.068993	0.821731	127.492515	13.855917	0.083333	0.633333
-0.056133	0.818537	128.628152	14.195895	0.100000	0.633333
-0.042631	0.815282	129.822966	14.546740	0.116667	0.633333
-0.028450	0.811970	131.080573	14.908318	0.133333	0.633333
-0.013554	0.808607	132.404752	15.280346	0.150000	0.633333
0.002094	0.805199	133.799394	15.662386	0.166667	0.633333
0.018532	0.801756	135.268493	16.053789	0.183333	0.633333
0.035798	0.798286	136.816073	16.453680	0.200000	0.633333
0.053926	0.794802	138.446157	16.860912	0.216667	0.633333
0.072952	0.791317	140.162657	17.274010	0.233333	0.633333
0.092907	0.787848	141.969302	17.691157	0.250000	0.633333
0.113817	0.784414	143.869496	18.110139	0.266667	0.633333
0.135705	0.781034	145.866185	18.528312	0.283333	0.633333
0.158585	0.777733	147.961680	18.942589	0.300000	0.633333
0.182464	0.774535	150.157473	19.349411	0.316667	0.633333
0.207336	0.771468	152.454025	19.744777	0.333333	0.633333
0.233185	0.768563	154.850542	20.124267	0.350000	0.633333
0.259981	0.765849	157.344770	20.483104	0.366667	0.633333
0.287677	0.763357	159.932788	20.816262	0.383333	0.633333
0.316213	0.761120	162.608852	21.118614	0.400000	0.633333
0.345508	0.759166	165.365293	21.385068	0.416667	0.633333
0.375467	0.757525	168.192499	21.610812	0.433333	0.633333
0.405980	0.756220	171.078987	21.791497	0.450000	0.633333
0.436921	0.755272	174.011597	21.923445	0.466667	0.633333
0.468155	0.754698	176.975787	22.003891	0.483333	0.633333
0.499537	0.754505	179.956029	22.031096	0.500000	0.633333
0.530919	0.754698	-177.063715	22.004453	0.516667	0.633333
0.562153	0.755272	-174.099484	21.924563	0.533333	0.633333
0.593094	0.756220	-171.166803	21.793157	0.550000	0.633333
0.623607	0.757525	-168.280220	21.612996	0.566667	0.633333
0.653566	0.759166	-165.452897	21.387751	0.583333	0.633333
0.682861	0.761120	-162.696317	21.121769	0.600000	0.633333
0.711397	0.763357	-160.020103	20.819856	0.616667	0.633333
0.739093	0.765849	-157.431921	20.487105	0.633333	0.633333
0.765889	0.768563	-154.937526	20.128640	0.650000	0.633333
0.791738	0.771468	-152.540835	19.749487	0.666667	0.633333
0.816610	0.774535	-150.244112	19.354423	0.683333	0.633333
0.840489	0.777733	-148.048145	18.947870	0.700000	0.633333
0.863369	0.781034	-145.952481	18.533829	0.716667	0.633333
0.885257	0.784414	-143.955627	18.115861	0.733333	0.633333
0.906168	0.787848	-142.055275	17.697056	0.750000	0.633333
0.926122	0.791317	-140.248481	17.280060	0.766667	0.633333
0.945148	0.794802	-138.531836	16.867089	0.783333	0.633333
0.963277	0.798286	-136.901622	16.459961	0.800000	0.633333
0.980542	0.801756	-135.353905	16.060153	0.816667	0.633333
0.996980	0.805199	-133.884695	15.668816	0.833333	0.633333
1.012628	0.808607	-132.489938	15.286826	0.850000	0.633333
1.027524	0.811970	-131.165654	14.914833	0.866667	0.633333
1.041705	0.815282	-129.907951	14.553278	0.883333	0.633333
1.055207	0.818537	-128.713042	14.202443	0.900000	0.633333
1.068067	0.821731	-127.577320	13.862466	0.916667	0.633333
1.080319	0.824861	-126.497314	13.533376	0.933333	0.633333
1.091996	0.827924	-125.469739	13.215108	0.950000	0.633333
1.103130	0.830919	-124.491486	12.907521	0.966667	0.633333
1.113751	0.833844	-123.559608	12.610429	0.983333	0.633333
1.123889	0.836699	-122.671347	12.323587	1.000000	0.633333
-0.124815	0.836699	122.586884	12.317147	0.000000	0.633333
-0.114677	0.833844	123.475083	12.603955	0.016667	0.633333
-0.104056	0.830919	124.406895	12.901018	0.033333	0.633333
-0.092922	0.827924	125.385085	13.208583	0.050000	0.633333
-0.081245	0.824861	126.412586	13.526836	0.066667	0.633333
-0.068993	0.821731	127.492515	13.855917	0.083333	0.633333
-0.056133	0.818537	128.628152	14.195895	0.100000	0.633333
-0.042631	0.815282	129.822966	14.546740	0.116667	0.633333
-0.028450	0.811970	131.080573	14.908318	0.133333	0.633333
-0.013554	0.808607	132.404752	15.280346	0.150000	0.633333
0.002094	0.805199	133.799394	15.662386	0.166667	0.633333
0.018532	0.801756	135.268493	16.053789	0.183333	0.633333
0.035798	0.798286	136.816073	16.453680	0.200000	0.633333
0.053926	0.794802	138.446157	16.860912	0.216667	0.633333
0.072952	0.791317	140.162657	17.274010	0.233333	0.633333
0.092907	0.787848	141.969302	17.691157	0.250000	0.633333
0.113817	0.784414	143.869496	18.110139	0.266667	0.633333
0.135705	0.781034	145.866185	18.528312	0.283333	0.633333
0.158585	0.777733	147.961680	18.942589	0.300000	0.633333
0.182464	0.774535	150.157473	19.349411	0.316667	0.633333
0.207336	0.771468	152.454025	19.744777	0.333333	0.633333
0.233185	0.768563	154.850542	20.124267	0.350000	0.633333
0.259981	0.765849	157.344770	20.483104	0.366667	0.633333
0.287677	0.763357	159.932788	20.816262	0.383333	0.633333
0.316213	0.761120	162.608852	21.118614	0.400000	0.633333
0.345508	0.759166	165.365293	21.385068	0.416667	0.633333
0.375467	0.757525	168.192499	21.610812	0.433333	0.633333
0.405980	0.756220	171.078987	21.791497	0.450000	0.633333
0.436921	0.755272	174.011597	21.923445	0.466667	0.633333
0.468155	0.754698	176.975787	22.003891	0.483333	0.633333
0.499537	0.754505	179.956029	22.031096	0.500000	0.633333
0.530919	0.754698	-177.063715	22.004453	0.516667	0.633333
0.562153	0.755272	-174.099484	21.924563	0.533333	0.633333
0.593094	0.756220	-171.166803	21.793157	0.550000	0.633333
0.623607	0.757525	-168.280220	21.612996	0.566667	0.633333
0.653566	0.759166	-165.452897	21.387751	0.583333	0.633333
0.682861	0.761120	-162.696317	21.121769	0.600000	0.633333
0.711397	0.763357	-160.020103	20.819856	0.616667	0.633333
0.739093	0.765849	-157.431921	20.487105	0.633333	0.633333
0.765889	0.768563	-154.937526	20.128640	0.650000	0.633333
0.791738	0.771468	-152.540835	19.749487	0.666667	0.633333
0.816610	0.774535	-150.244112	19.354423	0.683333	0.633333
0.840489	0.777733	-148.048145	18.947870	0.700000	0.633333
0.863369	0.781034	-145.952481	18.533829	0.716667	0.633333
0.885257	0.784414	-143.955627	18.115861	0.733333	0.633333
0.906168	0.787848	-142.055275	17.697056	0.750000	0.633333
0.926122	0.791317	-140.248481	17.280060	0.766667	0.633333
0.945148	0.794802	-138.531836	16.867089	0.783333	0.633333
0.963277	0.798286	-136.901622	16.459961	0.800000	0.633333
0.980542	0.801756	-135.353905	16.060153	0.816667	0.633333
0.996980	0.805199	-133.884695	15.668816	0.833333	0.633333
1.012628	0.808607	-132.489938	15.286826	0.850000	0.633333
1.027524	0.811970	-131.165654	14.914833	0.866667	0.633333
1.041705	0.815282	-129.907951	14.553278	0.883333	0.633333
1.055207	0.818537	-128.713042	14.202443	0.900000	0.633333
1.068067	0.821731	-127.577320	13.862466	0.916667	0.633333
1.080319	0.824861	-126.497314	13.533376	0.933333	0.633333
1.091996	0.827924	-125.469739	13.215108	0.950000	0.633333
1.103130	0.830919	-124.491486	12.907521	0.966667	0.633333
1.113751	0.833844	-123.559608	12.610429	0.983333	0.633333
1.123889	0.836699	-122.671347	12.323587	1.000000	0.633333
-0.132823	0.819647	121.623178	13.540092	0.000000	0.616667
-0.122751	0.816432	122.497560	13.860252	0.016667	0.616667
-0.112191	0.813136	123.415864	14.192225	0.033333	0.616667
-0.101111	0.809759	124.380979	14.536324	0.050000	0.616667
-0.089481	0.806301	125.395982	14.892818	0.066667	0.616667
-0.077267	0.802764	126.464160	15.261921	0.083333	0.616667
-0.064435	0.799151	127.588994	15.643765	0.100000	0.616667
-0.050948	0.795465	128.774178	16.038397	0.116667	0.616667
-0.036768	0.791710	130.023602	16.445720	0.133333	0.616667
-0.021857	0.787892	131.341344	16.865510	0.150000	0.616667
-0.006175	0.784019	132.731649	17.297333	0.166667	0.616667
0.010317	0.780100	134.198905	17.740551	0.183333	0.616667
0.027661	0.776146	135.747585	18.194246	0.200000	0.616667
0.045895	0.772170	137.382205	18.657193	0.216667	0.616667
0.065056	0.768188	139.107224	19.127797	0.233333	0.616667
0.085179	0.764218	140.926965	19.604049	0.250000	0.616667
0.106294	0.760281	142.845458	20.083475	0.266667	0.616667
0.128427	0.756401	144.866304	20.563092	0.283333	0.616667
0.151595	0.752605	146.992475	21.039362	0.300000	0.616667
0.175808	0.748923	149.226103	21.508187	0.316667	0.616667
0.201062	0.745386	151.568231	21.964905	0.333333	0.616667
0.227343	0.742031	154.018564	22.404325	0.350000	0.616667
0.254621	0.738891	156.575196	22.820790	0.366667	0.616667
0.282851	0.736006	159.234361	23.208320	0.383333	0.616667
0.311968	0.733411	161.990234	23.560740	0.400000	0.616667
0.341890	0.731144	164.834772	23.871911	0.416667	0.616667
0.372519	0.729236	167.757680	24.135975	0.433333	0.616667
0.403736	0.727719	170.746460	24.347619	0.450000	0.616667
0.435409	0.726616	173.786632	24.502352	0.466667	0.616667
0.467394	0.725947	176.862061	24.596754	0.483333	0.616667
0.499537	0.725723	179.955439	24.628684	0.500000	0.616667
0.531680	0.725947	-176.951164	24.597408	0.516667	0.616667
0.563665	0.726616	-173.875676	24.503651	0.533333	0.616667
0.595338	0.727719	-170.835408	24.349548	0.550000	0.616667
0.626555	0.729236	-167.846502	24.138509	0.566667	0.616667
0.657184	0.731144	-164.923436	23.875023	0.583333	0.616667
0.687106	0.733411	-162.078710	23.564394	0.600000	0.616667
0.716223	0.736006	-159.322639	23.212477	0.616667	0.616667
0.744453	0.738891	-156.663258	22.825411	0.633333	0.616667
0.771731	0.742031	-154.106402	22.409367	0.650000	0.616667
0.798012	0.745386	-151.655841	21.970327	0.666667	0.616667
0.823266	0.748923	-149.313486	21.513946	0.683333	0.616667
0.847479	0.752605	-147.079631	21.045420	0.700000	0.616667
0.870647	0.756401	-144.953241	20.569409	0.716667	0.616667
0.892780	0.760281	-142.932188	20.090017	0.733333	0.616667
0.913895	0.764218	-141.013488	19.610781	0.750000	0.616667
0.934018	0.768188	-139.193555	19.134691	0.766667	0.616667
0.953179	0.772170	-137.468350	18.664219	0.783333	0.616667
0.971413	0.776146	-135.833561	18.201380	0.800000	0.616667
0.988757	0.780100	-134.284716	17.747770	0.816667	0.616667
1.005249	0.784019	-132.817314	17.304616	0.833333	0.616667
1.020931	0.787892	-131.426867	16.872839	0.850000	0.616667
1.035842	0.791710	-130.108999	16.453080	0.866667	0.616667
1.050022	0.795465	-128.859450	16.045772	0.883333	0.616667
1.063509	0.799151	-127.674148	15.651143	0.900000	0.616667
1.076341	0.802764	-126.549214	15.269293	0.916667	0.616667
1.088555	0.806301	-125.480940	14.900173	0.933333	0.616667
1.100185	0.809759	-124.465844	14.543653	0.950000	0.616667
1.111265	0.813136	-123.500647	14.199523	0.966667	0.616667
1.121825	0.816432	-122.582271	13.867511	0.983333	0.616667
1.131897	0.819647	-121.707817	13.547308	1.000000	0.616667
-0.132823	0.819647	121.623178	13.540092	0.000000	0.616667
-0.122751	0.816432	122.497560	13.860252	0.016667	0.616667
-0.112191	0.813136	123.415864	14.192225	0.033333	0.616667
-0.101111	0.809759	124.380979	14.536324	0.050000	0.616667
-0.089481	0.806301	125.395982	14.892818	0.066667	0.616667
-0.077267	0.802764	126.464160	15.261921	0.083333	0.616667
-0.064435	0.799151	127.588994	15.643765	0.100000	0.616667
-0.050948	0.795465	128.774178	16.038397	0.116667	0.616667
-0.036768	0.791710	130.023602	16.445720	0.133333	0.616667
-0.021857	0.787892	131.341344	16.865510	0.150000	0.616667
-0.006175	0.784019	132.731649	17.297333	0.166667	0.616667
0.010317	0.780100	134.198905	17.740551	0.183333	0.616667
0.027661	0.776146	135.747585	18.194246	0.200000	0.616667
0.045895	0.772170	137.382205	18.657193	0.216667	0.616667
0.065056	0.768188	139.107224	19.127797	0.233333	0.616667
0.085179	0.764218	140.926965	19.604049	0.250000	0.616667
0.106294	0.760281	142.845458	20.083475	0.266667	0.616667
0.128427	0.756401	144.866304	20.563092	0.283333	0.616667
0.151595	0.752605	146.992475	21.039362	0.300000	0.616667
0.175808	0.748923	149.226103	21.508187	0.316667	0.616667
0.201062	0.745386	151.568231	21.964905	0.333333	0.616667
0.227343	0.742031	154.018564	22.404325	0.350000	0.616667
0.254621	0.738891	156.575196	22.820790	0.366667	0.616667
0.282851	0.736006	159.234361	23.208320	0.383333	0.616667
0.311968	0.733411	161.990234	23.560740	0.400000	0.616667
0.341890	0.731144	164.834772	23.871911	0.416667	0.616667
0.372519	0.729236	167.757680	24.135975	0.433333	0.616667
0.403736	0.727719	170.746460	24.347619	0.450000	0.616667
0.435409	0.726616	173.786632	24.502352	0.466667	0.616667
0.467394	0.725947	176.862061	24.596754	0.483333	0.616667
0.499537	0.725723	179.955439	24.628684	0.500000	0.616667
0.531680	0.725947	-176.951164	24.597408	0.516667	0.616667
0.563665	0.726616	-173.875676	24.503651	0.533333	0.616667
0.595338	0.727719	-170.835408	24.349548	0.550000	0.616667
0.626555	0.729236	-167.846502	24.138509	0.566667	0.616667
0.657184	0.731144	-164.923436	23.875023	0.583333	0.616667
0.687106	0.733411	-162.078710	23.564394	0.600000	0.616667
0.716223	0.736006	-159.322639	23.212477	0.616667	0.616667
0.744453	0.738891	-156.663258	22.825411	0.633333	0.616667
0.771731	0.742031	-154.106402	22.409367	0.650000	0.616667
0.798012	0.745386	-151.655841	21.970327	0.666667	0.616667
0.823266	0.748923	-149.313486	21.513946	0.683333	0.616667
0.847479	0.752605	-147.079631	21.045420	0.700000	0.616667
0.870647	0.756401	-144.953241	20.569409	0.716667	0.616667
0.892780	0.760281	-142.932188	20.090017	0.733333	0.616667
0.913895	0.764218	-141.013488	19.610781	0.750000	0.616667
0.934018	0.768188	-139.193555	19.134691	0.766667	0.616667
0.953179	0.772170	-137.468350	18.664219	0.783333	0.616667
0.971413	0.776146	-135.833561	18.201380	0.800000	0.616667
0.988757	0.780100	-134.284716	17.747770	0.816667	0.616667
1.005249	0.784019	-132.817314	17.304616	0.833333	0.616667
1.020931	0.787892	-131.426867	16.872839	0.850000	0.616667
1.035842	0.791710	-130.108999	16.453080	0.866667	0.616667
1.050022	0.795465	-128.859450	16.045772	0.883333	0.616667
1.063509	0.799151	-127.674148	15.651143	0.900000	0.616667
1.076341	0.802764	-126.549214	15.269293	0.916667	0.616667
1.088555	0.806301	-125.480940	14.900173	0.933333	0.616667
1.100185	0.809759	-124.465844	14.543653	0.950000	0.616667
1.111265	0.813136	-123.500647	14.199523	0.966667	0.616667
1.121825	0.816432	-122.582271	13.867511	0.983333	0.616667
1.131897	0.819647	-121.707817	13.547308	1.000000	0.616667
-0.140683	0.802259	120.639042	14.772327	0.000000	0.600000
-0.130676	0.798672	121.498272	15.126631	0.016667	0.600000
-0.120174	0.794990	122.401638	15.494387	0.033333	0.600000
-0.109147	0.791215	123.352152	15.875989	0.050000	0.600000
-0.097563	0.787346	124.353029	16.271801	0.066667	0.600000
-0.085386	0.783384	125.407728	16.682115	0.083333	0.600000
-0.072580	0.779334	126.519927	17.107153	0.100000	0.600000
-0.059108	0.775196	127.693555	17.547031	0.116667	0.600000
-0.044929	0.770978	128.932769	18.001733	0.133333	0.600000
-0.030004	0.766684	130.241967	18.471085	0.150000	0.600000
-0.014290	0.762323	131.625759	18.954693	0.166667	0.600000
0.002255	0.757904	133.088947	19.451940	0.183333	0.600000
0.019675	0.753440	134.636483	19.961883	0.200000	0.600000
0.038010	0.748946	136.273419	20.483237	0.216667	0.600000
0.057303	0.744439	138.004811	21.014300	0.233333	0.600000
0.077589	0.739939	139.835634	21.552890	0.250000	0.600000
0.098904	0.735471	141.770627	22.096273	0.266667	0.600000
0.121276	0.731061	143.814138	22.641119	0.283333	0.600000
0.144724	0.726740	145.969910	23.183435	0.300000	0.600000
0.169262	0.722543	148.240833	23.718550	0.316667	0.600000
0.194890	0.718506	150.628667	24.241102	0.333333	0.600000
0.221594	0.714671	153.133740	24.745060	0.350000	0.600000
0.249345	0.711078	155.754617	25.223821	0.366667	0.600000
0.278097	0.707771	158.487804	25.670314	0.383333	0.600000
0.307786	0.704794	161.327460	26.077210	0.400000	0.600000
0.338326	0.702190	164.265201	26.437182	0.416667	0.600000
0.369613	0.699997	167.290004	26.743182	0.433333	0.600000
0.401523	0.698251	170.388272	26.988783	0.450000	0.600000
0.433918	0.696982	173.544022	27.168546	0.466667	0.600000
0.466643	0.696211	176.739301	27.278297	0.483333	0.600000
0.499537	0.695953	179.954735	27.315433	0.500000	0.600000
0.532431	0.696211	-176.829807	27.279053	0.516667	0.600000
0.565156	0.696982	-173.634445	27.170048	0.533333	0.600000
0.597551	0.698251	-170.478567	26.991010	0.550000	0.600000
0.629462	0.699997	-167.380127	26.746106	0.566667	0.600000
0.660748	0.702190	-164.355109	26.440767	0.583333	0.600000
0.691288	0.704794	-161.417130	26.081414	0.600000	0.600000
0.720977	0.707771	-158.577208	25.675091	0.616667	0.600000
0.749729	0.711078	-155.843741	25.229122	0.633333	0.600000
0.777480	0.714671	-153.222569	24.750834	0.650000	0.600000
0.804184	0.718506	-150.717203	24.247300	0.666667	0.600000
0.829812	0.722543	-148.329068	23.725121	0.683333	0.600000
0.854350	0.726740	-146.057861	23.190335	0.700000	0.600000
0.877799	0.731061	-143.901803	22.648301	0.716667	0.600000
0.900170	0.735471	-141.858023	22.103698	0.733333	0.600000
0.921485	0.739939	-139.922775	21.560518	0.750000	0.600000
0.941771	0.744439	-138.091707	21.022097	0.766667	0.600000
0.961064	0.748946	-136.360089	20.491172	0.783333	0.600000
0.979399	0.753440	-134.722943	19.969927	0.800000	0.600000
0.996819	0.757904	-133.175206	19.460068	0.816667	0.600000
1.013364	0.762323	-131.711829	18.962882	0.833333	0.600000
1.029078	0.766684	-130.327859	18.479313	0.850000	0.600000
1.044004	0.770978	-129.018503	18.009985	0.866667	0.600000
1.058182	0.775196	-127.779139	17.555291	0.883333	0.600000
1.071654	0.779334	-126.605379	17.115408	0.900000	0.600000
1.084460	0.783384	-125.493047	16.690352	0.916667	0.600000
1.096637	0.787346	-124.438236	16.280011	0.933333	0.600000
1.108222	0.791215	-123.437248	15.884162	0.950000	0.600000
1.119248	0.794990	-122.486637	15.502517	0.966667	0.600000
1.129750	0.798672	-121.583178	15.134711	0.983333	0.600000
1.139757	0.802259	-120.723868	14.780352	1.000000	0.600000
-0.140683	0.802259	120.639042	14.772327	0.000000	0.600000
-0.130676	0.798672	121.498272	15.126631	0.016667	0.600000
-0.120174	0.794990	122.401638	15.494387	0.033333	0.600000
-0.109147	0.791215	123.352152	15.875989	0.050000	0.600000
-0.097563	0.787346	124.353029	16.271801	0.066667	0.600000
-0.085386	0.783384	125.407728	16.682115	0.083333	0.600000
-0.072580	0.779334	126.519927	17.107153	0.100000	0.600000
-0.059108	0.775196	127.693555	17.547031	0.116667	0.600000
-0.044929	0.770978	128.932769	18.001733	0.133333	0.600000
-0.030004	0.766684	130.241967	18.471085	0.150000	0.600000
-0.014290	0.762323	131.625759	18.954693	0.166667	0.600000
0.002255	0.757904	133.088947	19.451940	0.183333	0.600000
0.019675	0.753440	134.636483	19.961883	0.200000	0.600000
0.038010	0.748946	136.273419	20.483237	0.216667	0.600000
0.057303	0.744439	138.004811	21.014300	0.233333	0.600000
0.077589	0.739939	139.835634	21.552890	0.250000	0.600000
0.098904	0.735471	141.770627	22.096273	0.266667	0.600000
0.121276	0.731061	143.814138	22.641119	0.283333	0.600000
0.144724	0.726740	145.969910	23.183435	0.300000	0.600000
0.169262	0.722543	148.240833	23.718550	0.316667	0.600000
0.194890	0.718506	150.628667	24.241102	0.333333	0.600000
0.221594	0.714671	153.133740	24.745060	0.350000	0.600000
0.249345	0.711078	155.754617	25.223821	0.366667	0.600000
0.278097	0.707771	158.487804	25.670314	0.383333	0.600000
0.307786	0.704794	161.327460	26.077210	0.400000	0.600000
0.338326	0.702190	164.265201	26.437182	0.416667	0.600000
0.369613	0.699997	167.290004	26.743182	0.433333	0.600000
0.401523	0.698251	170.388272	26.988783	0.450000	0.600000
0.433918	0.696982	173.544022	27.168546	0.466667	0.600000
0.466643	0.696211	176.739301	27.278297	0.483333	0.600000
0.499537	0.695953	179.954735	27.315433	0.500000	0.600000
0.532431	0.696211	-176.829807	27.279053	0.516667	0.600000
0.565156	0.696982	-173.634445	27.170048	0.533333	0.600000
0.597551	0.698251	-170.478567	26.991010	0.550000	0.600000
0.629462	0.699997	-167.380127	26.746106	0.566667	0.600000
0.660748	0.702190	-164.355109	26.440767	0.583333	0.600000
0.691288	0.704794	-161.417130	26.081414	0.600000	0.600000
0.720977	0.707771	-158.577208	25.675091	0.616667	0.600000
0.749729	0.711078	-155.843741	25.229122	0.633333	0.600000
0.777480	0.714671	-153.222569	24.750834	0.650000	0.600000
0.804184	0.718506	-150.717203	24.247300	0.666667	0.600000
0.829812	0.722543	-148.329068	23.725121	0.683333	0.600000
0.854350	0.726740	-146.057861	23.190335	0.700000	0.600000
0.877799	0.731061	-143.901803	22.648301	0.716667	0.600000
0.900170	0.735471	-141.858023	22.103698	0.733333	0.600000
0.921485	0.739939	-139.922775	21.560518	0.750000	0.600000
0.941771	0.744439	-138.091707	21.022097	0.766667	0.600000
0.961064	0.748946	-136.360089	20.491172	0.783333	0.600000
0.979399	0.753440	-134.722943	19.969927	0.800000	0.600000
0.996819	0.757904	-133.175206	19.460068	0.816667	0.600000
1.013364	0.762323	-131.711829	18.962882	0.833333	0.600000
1.029078	0.766684	-130.327859	18.479313	0.850000	0.600000
1.044004	0.770978	-129.018503	18.009985	0.866667	0.600000
1.058182	0.775196	-127.779139	17.555291	0.883333	0.600000
1.071654	0.779334	-126.605379	17.115408	0.900000	0.600000
1.084460	0.783384	-125.493047	16.690352	0.916667	0.600000
1.096637	0.787346	-124.438236	16.280011	0.933333	0.600000
1.108222	0.791215	-123.437248	15.884162	0.950000	0.600000
1.119248	0.794990	-122.486637	15.502517	0.966667	0.600000
1.129750	0.798672	-121.583178	15.134711	0.983333	0.600000
1.139757	0.802259	-120.723868	14.780352	1.000000	0.600000
-0.148373	0.784556	119.634422	16.011684	0.000000	0.583333
-0.138427	0.780583	120.477110	16.400778	0.016667	0.583333
-0.127981	0.776502	121.364050	16.805028	0.033333	0.583333
-0.117004	0.772314	122.298364	17.224931	0.050000	0.583333
-0.105462	0.768018	123.283407	17.660941	0.066667	0.583333
-0.093319	0.763616	124.322801	18.113451	0.083333	0.583333
-0.080538	0.759111	125.420419	18.582787	0.100000	0.583333
-0.067078	0.754505	126.580425	19.069145	0.116667	0.583333
-0.052900	0.749804	127.807250	19.572609	0.133333	0.583333
-0.037960	0.745014	129.105618	20.093060	0.150000	0.583333
-0.022213	0.740144	130.480510	20.630184	0.166667	0.583333
-0.005615	0.735205	131.937173	21.183375	0.183333	0.583333
0.011879	0.730209	133.481057	21.751709	0.200000	0.583333
0.030315	0.725173	135.117790	22.333861	0.216667	0.583333
0.049735	0.720116	136.853078	22.928025	0.233333	0.583333
0.070182	0.715061	138.692618	23.531867	0.250000	0.583333
0.091691	0.710035	140.641942	24.142404	0.266667	0.583333
0.114295	0.705069	142.706247	24.755960	0.283333	0.583333
0.138017	0.700197	144.890165	25.368088	0.300000	0.583333
0.162873	0.695457	147.197484	25.973525	0.316667	0.583333
0.188864	0.690893	149.630837	26.566161	0.333333	0.583333
0.215980	0.686551	152.191332	27.139081	0.350000	0.583333
0.244192	0.682479	154.878171	27.684631	0.366667	0.583333
0.273454	0.678726	157.688253	28.194571	0.383333	0.583333
0.303701	0.675345	160.615829	28.660294	0.400000	0.583333
0.334843	0.672383	163.652224	29.073116	0.416667	0.583333
0.366772	0.669888	166.785678	29.424657	0.433333	0.583333
0.399360	0.667900	170.001367	29.707227	0.450000	0.583333
0.432460	0.666453	173.281622	29.914283	0.466667	0.583333
0.465910	0.665575	176.606395	30.040803	0.483333	0.583333
0.499537	0.665280	179.953901	30.083624	0.500000	0.583333
0.533164	0.665575	-176.698559	30.041673	0.516667	0.583333
0.566614	0.666453	-173.373678	29.916009	0.533333	0.583333
0.599714	0.667900	-170.093252	29.709786	0.550000	0.583333
0.632302	0.669888	-166.877334	29.428013	0.566667	0.583333
0.664231	0.672383	-163.743602	29.077226	0.583333	0.583333
0.695374	0.675345	-160.706889	28.665106	0.600000	0.583333
0.725620	0.678726	-157.778962	28.200029	0.616667	0.583333
0.754882	0.682479	-154.968513	27.690677	0.633333	0.583333
0.783094	0.686551	-152.281302	27.145655	0.650000	0.583333
0.810210	0.690893	-149.720425	26.573204	0.666667	0.583333
0.836201	0.695457	-147.286692	25.980979	0.683333	0.583333
0.861057	0.700197	-144.979007	25.375899	0.700000	0.583333
0.884779	0.705069	-142.794737	24.764076	0.716667	0.583333
0.907383	0.710035	-140.730092	24.150778	0.733333	0.583333
0.928892	0.715061	-138.780447	23.540455	0.750000	0.583333
0.949339	0.720116	-136.940600	22.936789	0.766667	0.583333
0.968759	0.725173	-135.205038	22.342764	0.783333	0.583333
0.987195	0.730209	-133.568037	21.760720	0.800000	0.583333
1.004689	0.735205	-132.023906	21.192466	0.816667	0.583333
1.021287	0.740144	-130.567020	20.639330	0.833333	0.583333
1.037034	0.745014	-129.191919	20.102239	0.850000	0.583333
1.051974	0.749804	-127.893361	19.581803	0.866667	0.583333
1.066153	0.754505	-126.666355	19.078337	0.883333	0.583333
1.079612	0.759111	-125.506183	18.591961	0.900000	0.583333
1.092393	0.763616	-124.408414	18.122596	0.916667	0.583333
1.104536	0.768018	-123.368876	17.670045	0.933333	0.583333
1.116078	0.772314	-122.383711	17.233987	0.950000	0.583333
1.127055	0.776502	-121.449279	16.814028	0.966667	0.583333
1.137501	0.780583	-120.562223	16.409714	0.983333	0.583333
1.147447	0.784556	-119.719436	16.020551	1.000000	0.583333
-0.148373	0.784556	119.634422	16.011684	0.000000	0.583333
-0.138427	0.780583	120.477110	16.400778	0.016667	0.583333
-0.127981	0.776502	121.364050	16.805028	0.033333	0.583333
-0.117004	0.772314	122.298364	17.224931	0.050000	0.583333
-0.105462	0.768018	123.283407	17.660941	0.066667	0.583333
-0.093319	0.763616	124.322801	18.113451	0.083333	0.583333
-0.080538	0.759111	125.420419	18.582787	0.100000	0.583333
-0.067078	0.754505	126.580425	19.069145	0.116667	0.583333
-0.052900	0.749804	127.807250	19.572609	0.133333	0.583333
-0.037960	0.745014	129.105618	20.093060	0.150000	0.583333
-0.022213	0.740144	130.480510	20.630184	0.166667	0.583333
-0.005615	0.735205	131.937173	21.183375	0.183333	0.583333
0.011879	0.730209	133.481057	21.751709	0.200000	0.583333
0.030315	0.725173	135.117790	22.333861	0.216667	0.583333
0.049735	0.720116	136.853078	22.928025	0.233333	0.583333
0.070182	0.715061	138.692618	23.531867	0.250000	0.583333
0.091691	0.710035	140.641942	24.142404	0.266667	0.583333
0.114295	0.705069	142.706247	24.755960	0.283333	0.583333
0.138017	0.700197	144.890165	25.368088	0.300000	0.583333
0.162873	0.695457	147.197484	25.973525	0.316667	0.583333
0.188864	0.690893	149.630837	26.566161	0.333333	0.583333
0.215980	0.686551	152.191332	27.139081	0.350000	0.583333
0.244192	0.682479	154.878171	27.684631	0.366667	0.583333
0.273454	0.678726	157.688253	28.194571	0.383333	0.583333
0.303701	0.675345	160.615829	28.660294	0.400000	0.583333
0.334843	0.672383	163.652224	29.073116	0.416667	0.583333
0.366772	0.669888	166.785678	29.424657	0.433333	0.583333
0.399360	0.667900	170.001367	29.707227	0.450000	0.583333
0.432460	0.666453	173.281622	29.914283	0.466667	0.583333
0.465910	0.665575	176.606395	30.040803	0.483333	0.583333
0.499537	0.665280	179.953901	30.083624	0.500000	0.583333
0.533164	0.665575	-176.698559	30.041673	0.516667	0.583333
0.566614	0.666453	-173.373678	29.916009	0.533333	0.583333
0.599714	0.667900	-170.093252	29.709786	0.550000	0.583333
0.632302	0.669888	-166.877334	29.428013	0.566667	0.583333
0.664231	0.672383	-163.743602	29.077226	0.583333	0.583333
0.695374	0.675345	-160.706889	28.665106	0.600000	0.583333
0.725620	0.678726	-157.778962	28.200029	0.616667	0.583333
0.754882	0.682479	-154.968513	27.690677	0.633333	0.583333
0.783094	0.686551	-152.281302	27.145655	0.650000	0.583333
0.810210	0.690893	-149.720425	26.573204	0.666667	0.583333
0.836201	0.695457	-147.286692	25.980979	0.683333	0.583333
0.861057	0.700197	-144.979007	25.375899	0.700000	0.583333
0.884779	0.705069	-142.794737	24.764076	0.716667	0.583333
0.907383	0.710035	-140.730092	24.150778	0.733333	0.583333
0.928892	0.715061	-138.780447	23.540455	0.750000	0.583333
0.949339	0.720116	-136.940600	22.936789	0.766667	0.583333
0.968759	0.725173	-135.205038	22.342764	0.783333	0.583333
0.987195	0.730209	-133.568037	21.760720	0.800000	0.583333
1.004689	0.735205	-132.023906	21.192466	0.816667	0.583333
1.021287	0.740144	-130.567020	20.639330	0.833333	0.583333
1.037034	0.745014	-129.191919	20.102239	0.850000	0.583333
1.051974	0.749804	-127.893361	19.581803	0.866667	0.583333
1.066153	0.754505	-126.666355	19.078337	0.883333	0.583333
1.079612	0.759111	-125.506183	18.591961	0.900000	0.583333
1.092393	0.763616	-124.408414	18.122596	0.916667	0.583333
1.104536	0.768018	-123.368876	17.670045	0.933333	0.583333
1.116078	0.772314	-122.383711	17.233987	0.950000	0.583333
1.127055	0.776502	-121.449279	16.814028	0.966667	0.583333
1.137501	0.780583	-120.562223	16.409714	0.983333	0.583333
1.147447	0.784556	-119.719436	16.020551	1.000000	0.583333
-0.155870	0.766556	118.609305	17.255882	0.000000	0.566667
-0.145980	0.762186	119.434021	17.680238	0.016667	0.566667
-0.135585	0.757694	120.302988	18.121517	0.033333	0.566667
-0.124653	0.753080	121.219437	18.580317	0.050000	0.566667
-0.113150	0.748344	122.186855	19.057199	0.066667	0.566667
-0.101037	0.743488	123.209018	19.552671	0.083333	0.566667
-0.088276	0.738514	124.289997	20.067155	0.100000	0.566667
-0.074827	0.733424	125.434180	20.600970	0.116667	0.566667
-0.060645	0.728224	126.646278	21.154278	0.133333	0.566667
-0.045687	0.722921	127.931337	21.727078	0.150000	0.566667
-0.029906	0.717525	129.294731	22.319106	0.166667	0.566667
-0.013254	0.712045	130.742156	22.929829	0.183333	0.566667
0.004315	0.706498	132.279596	23.558332	0.200000	0.566667
0.022851	0.700900	133.913288	24.203280	0.216667	0.566667
0.042398	0.695273	135.649640	24.862793	0.233333	0.566667
0.063001	0.689642	137.495140	25.534393	0.250000	0.566667
0.084701	0.684036	139.456200	26.214878	0.266667	0.566667
0.107532	0.678491	141.538981	26.900229	0.283333	0.566667
0.131521	0.673044	143.749140	27.585543	0.300000	0.566667
0.156685	0.667740	146.091526	28.264950	0.316667	0.566667
0.183029	0.662626	148.569819	28.931573	0.333333	0.566667
0.210545	0.657755	151.186102	29.577563	0.350000	0.566667
0.239204	0.653182	153.940400	30.194146	0.366667	0.566667
0.268960	0.648964	156.830202	30.771810	0.383333	0.566667
0.299746	0.645159	159.849983	31.300531	0.400000	0.566667
0.331471	0.641824	162.990855	31.770147	0.416667	0.566667
0.364023	0.639011	166.240310	32.170763	0.433333	0.566667
0.397267	0.636769	169.582192	32.493271	0.450000	0.566667
0.431049	0.635137	172.996928	32.729867	0.466667	0.566667
0.465200	0.634145	176.462039	32.874556	0.483333	0.566667
0.499537	0.633813	179.952918	32.923553	0.500000	0.566667
0.533874	0.634145	-176.556156	32.875552	0.516667	0.566667
0.568025	0.635137	-173.090906	32.731843	0.533333	0.566667
0.601807	0.636769	-169.675945	32.496198	0.550000	0.566667
0.635051	0.639011	-166.333761	32.174598	0.566667	0.566667
0.667603	0.641824	-163.083945	31.774836	0.583333	0.566667
0.699328	0.645159	-159.942655	31.306013	0.600000	0.566667
0.730114	0.648964	-156.922421	30.778017	0.616667	0.566667
0.759871	0.653182	-154.032148	30.201009	0.633333	0.566667
0.788530	0.657755	-151.277367	29.585011	0.650000	0.566667
0.816045	0.662626	-148.660598	28.939535	0.666667	0.566667
0.842389	0.667740	-146.181827	28.273360	0.683333	0.566667
0.867553	0.673044	-143.838982	27.594338	0.700000	0.566667
0.891542	0.678491	-141.628380	26.909350	0.716667	0.566667
0.914373	0.684036	-139.545184	26.224271	0.733333	0.566667
0.936073	0.689642	-137.583725	25.544009	0.750000	0.566667
0.956676	0.695273	-135.737855	24.872588	0.766667	0.566667
0.976224	0.700900	-134.001156	24.213214	0.783333	0.566667
0.994759	0.706498	-132.367153	23.568371	0.800000	0.566667
1.012328	0.712045	-130.829415	22.939941	0.816667	0.566667
1.028980	0.717525	-129.381720	22.329265	0.833333	0.566667
1.044761	0.722921	-128.018066	21.737259	0.850000	0.566667
1.059720	0.728224	-126.732777	21.164462	0.866667	0.566667
1.073901	0.733424	-125.520465	20.611138	0.883333	0.566667
1.087351	0.738514	-124.376087	20.077293	0.900000	0.566667
1.100111	0.743488	-123.294934	19.562765	0.916667	0.566667
1.112224	0.748344	-122.272610	19.067240	0.933333	0.566667
1.123728	0.753080	-121.305043	18.590293	0.950000	0.566667
1.134659	0.757694	-120.388451	18.131421	0.966667	0.566667
1.145054	0.762186	-119.519352	17.690063	0.983333	0.566667
1.154944	0.766556	-118.694520	17.265624	1.000000	0.566667
-0.155870	0.766556	118.609305	17.255882	0.000000	0.566667
-0.145980	0.762186	119.434021	17.680238	0.016667	0.566667
-0.135585	0.757694	120.302988	18.121517	0.033333	0.566667
-0.124653	0.753080	121.219437	18.580317	0.050000	0.566667
-0.113150	0.748344	122.186855	19.057199	0.066667	0.566667
-0.101037	0.743488	123.209018	19.552671	0.083333	0.566667
-0.088276	0.738514	124.289997	20.067155	0.100000	0.566667
-0.074827	0.733424	125.434180	20.600970	0.116667	0.566667
-0.060645	0.728224	126.646278	21.154278	0.133333	0.566667
-0.045687	0.722921	127.931337	21.727078	0.150000	0.566667
-0.029906	0.717525	129.294731	22.319106	0.166667	0.566667
-0.013254	0.712045	130.742156	22.929829	0.183333	0.566667
0.004315	0.706498	132.279596	23.558332	0.200000	0.566667
0.022851	0.700900	133.913288	24.203280	0.216667	0.566667
0.042398	0.695273	135.649640	24.862793	0.233333	0.566667
0.063001	0.689642	137.495140	25.534393	0.250000	0.566667
0.084701	0.684036	139.456200	26.214878	0.266667	0.566667
0.107532	0.678491	141.538981	26.900229	0.283333	0.566667
0.131521	0.673044	143.749140	27.585543	0.300000	0.566667
0.156685	0.667740	146.091526	28.264950	0.316667	0.566667
0.183029	0.662626	148.569819	28.931573	0.333333	0.566667
0.210545	0.657755	151.186102	29.577563	0.350000	0.566667
0.239204	0.653182	153.940400	30.194146	0.366667	0.566667
0.268960	0.648964	156.830202	30.771810	0.383333	0.566667
0.299746	0.645159	159.849983	31.300531	0.400000	0.566667
0.331471	0.641824	162.990855	31.770147	0.416667	0.566667
0.364023	0.639011	166.240310	32.170763	0.433333	0.566667
0.397267	0.636769	169.582192	32.493271	0.450000	0.566667
0.431049	0.635137	172.996928	32.729867	0.466667	0.566667
0.465200	0.634145	176.462039	32.874556	0.483333	0.566667
0.499537	0.633813	179.952918	32.923553	0.500000	0.566667
0.533874	0.634145	-176.556156	32.875552	0.516667	0.566667
0.568025	0.635137	-173.090906	32.731843	0.533333	0.566667
0.601807	0.636769	-169.675945	32.496198	0.550000	0.566667
0.635051	0.639011	-166.333761	32.174598	0.566667	0.566667
0.667603	0.641824	-163.083945	31.774836	0.583333	0.566667
0.699328	0.645159	-159.942655	31.306013	0.600000	0.566667
0.730114	0.648964	-156.922421	30.778017	0.616667	0.566667
0.759871	0.653182	-154.032148	30.201009	0.633333	0.566667
0.788530	0.657755	-151.277367	29.585011	0.650000	0.566667
0.816045	0.662626	-148.660598	28.939535	0.666667	0.566667
0.842389	0.667740	-146.181827	28.273360	0.683333	0.566667
0.867553	0.673044	-143.838982	27.594338	0.700000	0.566667
0.891542	0.678491	-141.628380	26.909350	0.716667	0.566667
0.914373	0.684036	-139.545184	26.224271	0.733333	0.566667
0.936073	0.689642	-137.583725	25.544009	0.750000	0.566667
0.956676	0.695273	-135.737855	24.872588	0.766667	0.566667
0.976224	0.700900	-134.001156	24.213214	0.783333	0.566667
0.994759	0.706498	-132.367153	23.568371	0.800000	0.566667
1.012328	0.712045	-130.829415	22.939941	0.816667	0.566667
1.028980	0.717525	-129.381720	22.329265	0.833333	0.566667
1.044761	0.722921	-128.018066	21.737259	0.850000	0.566667
1.059720	0.728224	-126.732777	21.164462	0.866667	0.566667
1.073901	0.733424	-125.520465	20.611138	0.883333	0.566667
1.087351	0.738514	-124.376087	20.077293	0.900000	0.566667
1.100111	0.743488	-123.294934	19.562765	0.916667	0.566667
1.112224	0.748344	-122.272610	19.067240	0.933333	0.566667
1.123728	0.753080	-121.305043	18.590293	0.950000	0.566667
1.134659	0.757694	-120.388451	18.131421	0.966667	0.566667
1.145054	0.762186	-119.519352	17.690063	0.983333	0.566667
1.154944	0.766556	-118.694520	17.265624	1.000000	0.566667
-0.163151	0.748283	117.563738	18.502538	0.000000	0.550000
-0.153311	0.743505	118.369005	18.962450	0.016667	0.550000
-0.142962	0.738591	119.218400	19.441096	0.033333	0.550000
-0.132070	0.733541	120.115255	19.939179	0.050000	0.550000
-0.120599	0.728354	121.063176	20.457381	0.066667	0.550000
-0.108511	0.723032	122.066092	20.996319	0.083333	0.550000
-0.095765	0.717576	123.128255	21.556541	0.100000	0.550000
-0.082320	0.711989	124.254280	22.138479	0.116667	0.550000
-0.068131	0.706277	125.449147	22.742415	0.133333	0.550000
-0.053151	0.700448	126.718235	23.368444	0.150000	0.550000
-0.037331	0.694509	128.067304	24.016407	0.166667	0.550000
-0.020623	0.688475	129.502520	24.685838	0.183333	0.550000
-0.002976	0.682361	131.030418	25.375869	0.200000	0.550000
0.015660	0.676185	132.657883	26.085172	0.216667	0.550000
0.035334	0.669971	134.392073	26.811814	0.233333	0.550000
0.056093	0.663747	136.240337	27.553202	0.250000	0.550000
0.077980	0.657545	138.210062	28.305924	0.266667	0.550000
0.101033	0.651403	140.308492	29.065649	0.283333	0.550000
0.125281	0.645365	142.542458	29.827023	0.300000	0.550000
0.150745	0.639478	144.918053	30.583572	0.316667	0.550000
0.177431	0.633797	147.440215	31.327633	0.333333	0.550000
0.205332	0.628381	150.112236	32.050374	0.350000	0.550000
0.234421	0.623291	152.935208	32.741855	0.366667	0.550000
0.264653	0.618592	155.907424	33.391189	0.383333	0.550000
0.295958	0.614350	159.023794	33.986834	0.400000	0.550000
0.328243	0.610628	162.275331	34.516978	0.416667	0.550000
0.361391	0.607488	165.648796	34.970060	0.433333	0.550000
0.395263	0.604984	169.126601	35.335379	0.450000	0.550000
0.429699	0.603160	172.686998	35.603717	0.466667	0.550000
0.464520	0.602051	176.304691	35.767955	0.483333	0.550000
0.499537	0.601679	179.951762	35.823599	0.500000	0.550000
0.534554	0.602051	-176.401105	35.769092	0.516667	0.550000
0.569375	0.603160	-172.783226	35.605972	0.533333	0.550000
0.603811	0.604984	-169.222533	35.338716	0.550000	0.550000
0.637683	0.607488	-165.744338	34.974425	0.566667	0.550000
0.670831	0.610628	-162.370401	34.522308	0.583333	0.550000
0.703116	0.614350	-159.118327	33.993054	0.600000	0.550000
0.734421	0.618592	-156.001375	33.398219	0.616667	0.550000
0.764653	0.623291	-153.028557	32.749611	0.633333	0.550000
0.793742	0.628381	-150.204968	32.058773	0.650000	0.550000
0.821643	0.633797	-147.532339	31.336594	0.666667	0.550000
0.848330	0.639478	-145.009579	30.593017	0.683333	0.550000
0.873793	0.645365	-142.633411	29.836880	0.700000	0.550000
0.898041	0.651403	-140.398900	29.075850	0.716667	0.550000
0.921094	0.657545	-138.299958	28.316409	0.733333	0.550000
0.942981	0.663747	-136.329752	27.563916	0.750000	0.550000
0.963740	0.669971	-134.481032	26.822706	0.766667	0.550000
0.983414	0.676185	-132.746429	26.096200	0.783333	0.550000
1.002050	0.682361	-131.118583	25.386995	0.800000	0.550000
1.019697	0.688475	-129.590333	24.697028	0.816667	0.550000
1.036405	0.694509	-128.154793	24.027632	0.833333	0.550000
1.052225	0.700448	-126.805422	23.379678	0.850000	0.550000
1.067205	0.706277	-125.536067	22.753638	0.866667	0.550000
1.081394	0.711989	-124.340955	22.149672	0.883333	0.550000
1.094839	0.717576	-123.214703	21.567688	0.900000	0.550000
1.107585	0.723032	-122.152331	21.007405	0.916667	0.550000
1.119673	0.728354	-121.149218	20.468396	0.933333	0.550000
1.131144	0.733541	-120.201121	19.950113	0.950000	0.550000
1.142036	0.738591	-119.304109	19.451942	0.966667	0.550000
1.152385	0.743505	-118.454567	18.973201	0.983333	0.550000
1.162225	0.748283	-117.649170	18.513189	1.000000	0.550000
-0.163151	0.748283	117.563738	18.502538	0.000000	0.550000
-0.153311	0.743505	118.369005	18.962450	0.016667	0.550000
-0.142962	0.738591	119.218400	19.441096	0.033333	0.550000
-0.132070	0.733541	120.115255	19.939179	0.050000	0.550000
-0.120599	0.728354	121.063176	20.457381	0.066667	0.550000
-0.108511	0.723032	122.066092	20.996319	0.083333	0.550000
-0.095765	0.717576	123.128255	21.556541	0.100000	0.550000
-0.082320	0.711989	124.254280	22.138479	0.116667	0.550000
-0.068131	0.706277	125.449147	22.742415	0.133333	0.550000
-0.053151	0.700448	126.718235	23.368444	0.150000	0.550000
-0.037331	0.694509	128.067304	24.016407	0.166667	0.550000
-0.020623	0.688475	129.502520	24.685838	0.183333	0.550000
-0.002976	0.682361	131.030418	25.375869	0.200000	0.550000
0.015660	0.676185	132.657883	26.085172	0.216667	0.550000
0.035334	0.669971	134.392073	26.811814	0.233333	0.550000
0.056093	0.663747	136.240337	27.553202	0.250000	0.550000
0.077980	0.657545	138.210062	28.305924	0.266667	0.550000
0.101033	0.651403	140.308492	29.065649	0.283333	0.550000
0.125281	0.645365	142.542458	29.827023	0.300000	0.550000
0.150745	0.639478	144.918053	30.583572	0.316667	0.550000
0.177431	0.633797	147.440215	31.327633	0.333333	0.550000
0.205332	0.628381	150.112236	32.050374	0.350000	0.550000
0.234421	0.623291	152.935208	32.741855	0.366667	0.550000
0.264653	0.618592	155.907424	33.391189	0.383333	0.550000
0.295958	0.614350	159.023794	33.986834	0.400000	0.550000
0.328243	0.610628	162.275331	34.516978	0.416667	0.550000
0.361391	0.607488	165.648796	34.970060	0.433333	0.550000
0.395263	0.604984	169.126601	35.335379	0.450000	0.550000
0.429699	0.603160	172.686998	35.603717	0.466667	0.550000
0.464520	0.602051	176.304691	35.767955	0.483333	0.550000
0.499537	0.601679	179.951762	35.823599	0.500000	0.550000
0.534554	0.602051	-176.401105	35.769092	0.516667	0.550000
0.569375	0.603160	-172.783226	35.605972	0.533333	0.550000
0.603811	0.604984	-169.222533	35.338716	0.550000	0.550000
0.637683	0.607488	-165.744338	34.974425	0.566667	0.550000
0.670831	0.610628	-162.370401	34.522308	0.583333	0.550000
0.703116	0.614350	-159.118327	33.993054	0.600000	0.550000
0.734421	0.618592	-156.001375	33.398219	0.616667	0.550000
0.764653	0.623291	-153.028557	32.749611	0.633333	0.550000
0.793742	0.628381	-150.204968	32.058773	0.650000	0.550000
0.821643	0.633797	-147.532339	31.336594	0.666667	0.550000
0.848330	0.639478	-145.009579	30.593017	0.683333	0.550000
0.873793	0.645365	-142.633411	29.836880	0.700000	0.550000
0.898041	0.651403	-140.398900	29.075850	0.716667	0.550000
0.921094	0.657545	-138.299958	28.316409	0.733333	0.550000
0.942981	0.663747	-136.329752	27.563916	0.750000	0.550000
0.963740	0.669971	-134.481032	26.822706	0.766667	0.550000
0.983414	0.676185	-132.746429	26.096200	0.783333	0.550000
1.002050	0.682361	-131.118583	25.386995	0.800000	0.550000
1.019697	0.688475	-129.590333	24.697028	0.816667	0.550000
1.036405	0.694509	-128.154793	24.027632	0.833333	0.550000
1.052225	0.700448	-126.805422	23.379678	0.850000	0.550000
1.067205	0.706277	-125.536067	22.753638	0.866667	0.550000
1.081394	0.711989	-124.340955	22.149672	0.883333	0.550000
1.094839	0.717576	-123.214703	21.567688	0.900000	0.550000
1.107585	0.723032	-122.152331	21.007405	0.916667	0.550000
1.119673	0.728354	-121.149218	20.468396	0.933333	0.550000
1.131144	0.733541	-120.201121	19.950113	0.950000	0.550000
1.142036	0.738591	-119.304109	19.451942	0.966667	0.550000
1.152385	0.743505	-118.454567	18.973201	0.983333	0.550000
1.162225	0.748283	-117.649170	18.513189	1.000000	0.550000
-0.170193	0.729760	116.497817	19.749196	0.000000	0.533333
-0.160397	0.724567	117.282118	20.244771	0.016667	0.533333
-0.150086	0.719223	118.110299	20.760907	0.033333	0.533333
-0.139227	0.713728	118.985769	21.298434	0.050000	0.533333
-0.127781	0.708080	119.912250	21.858148	0.066667	0.533333
-0.115711	0.702282	120.893808	22.440793	0.083333	0.533333
-0.102974	0.696335	121.934870	23.047041	0.100000	0.533333
-0.089527	0.690241	123.040266	23.677453	0.116667	0.533333
-0.075323	0.684007	124.215241	24.332438	0.133333	0.533333
-0.060315	0.677640	125.465495	25.012210	0.150000	0.533333
-0.044452	0.671150	126.797183	25.716723	0.166667	0.533333
-0.027683	0.664550	128.216945	26.445604	0.183333	0.533333
-0.009955	0.657857	129.731884	27.198049	0.200000	0.533333
0.008784	0.651092	131.349565	27.972750	0.216667	0.533333
0.028586	0.644280	133.077939	28.767767	0.233333	0.533333
0.049500	0.637451	134.925287	29.580409	0.250000	0.533333
0.071573	0.630641	136.900068	30.407079	0.266667	0.533333
0.094843	0.623891	139.010732	31.243165	0.283333	0.533333
0.119344	0.617249	141.265456	32.082877	0.300000	0.533333
0.145098	0.610769	143.671775	32.919138	0.316667	0.533333
0.172114	0.604511	146.236130	33.743516	0.333333	0.533333
0.200385	0.598539	148.963300	34.546171	0.350000	0.533333
0.229887	0.592922	151.855743	35.315933	0.366667	0.533333
0.260572	0.587734	154.912856	36.040476	0.383333	0.533333
0.292371	0.583046	158.130234	36.706612	0.400000	0.533333
0.325187	0.578932	161.498975	37.300751	0.416667	0.533333
0.358902	0.575458	165.005176	37.809495	0.433333	0.533333
0.393369	0.572686	168.629698	38.220368	0.450000	0.533333
0.428422	0.570667	172.348346	38.522551	0.466667	0.533333
0.463878	0.569439	176.132534	38.707676	0.483333	0.533333
0.499537	0.569027	179.950407	38.770427	0.500000	0.533333
0.535196	0.569439	-176.231642	38.708970	0.516667	0.533333
0.570652	0.570667	-172.447208	38.525116	0.533333	0.533333
0.605705	0.572686	-168.728176	38.224160	0.550000	0.533333
0.640173	0.575458	-165.103139	37.814448	0.566667	0.533333
0.673887	0.578932	-161.596326	37.306788	0.583333	0.533333
0.706703	0.583046	-158.226895	36.713645	0.600000	0.533333
0.738502	0.587734	-155.008780	36.048408	0.616667	0.533333
0.769187	0.592922	-151.950894	35.324665	0.633333	0.533333
0.798689	0.598539	-149.057684	34.555606	0.650000	0.533333
0.826960	0.604511	-146.329749	33.753558	0.666667	0.533333
0.853976	0.610769	-143.764658	32.929701	0.683333	0.533333
0.879730	0.617249	-141.357629	32.093874	0.700000	0.533333
0.904231	0.623891	-139.102243	31.254524	0.716667	0.533333
0.927501	0.630641	-136.990954	30.418729	0.733333	0.533333
0.949574	0.637451	-135.015586	29.592290	0.750000	0.533333
0.970488	0.644280	-133.167710	28.779825	0.766667	0.533333
0.990290	0.651092	-131.438832	27.984936	0.783333	0.533333
1.009029	0.657857	-129.820707	27.210324	0.800000	0.533333
1.026757	0.664550	-128.305346	26.457930	0.816667	0.533333
1.043526	0.671150	-126.885206	25.729070	0.833333	0.533333
1.059389	0.677640	-125.553168	25.024550	0.850000	0.533333
1.074397	0.684007	-124.302603	24.344750	0.866667	0.533333
1.088601	0.690241	-123.127339	23.689717	0.883333	0.533333
1.102048	0.696335	-122.021678	23.059239	0.900000	0.533333
1.114785	0.702282	-120.980370	22.452912	0.916667	0.533333
1.126855	0.708080	-119.998598	21.870177	0.933333	0.533333
1.138301	0.713728	-119.071912	21.310363	0.950000	0.533333
1.149161	0.719223	-118.196258	20.772729	0.966667	0.533333
1.159471	0.724567	-117.367914	20.256480	0.983333	0.533333
1.169267	0.729760	-116.583457	19.760786	1.000000	0.533333
-0.170193	0.729760	116.497817	19.749196	0.000000	0.533333
-0.160397	0.724567	117.282118	20.244771	0.016667	0.533333
-0.150086	0.719223	118.110299	20.760907	0.033333	0.533333
-0.139227	0.713728	118.985769	21.298434	0.050000	0.533333
-0.127781	0.708080	119.912250	21.858148	0.066667	0.533333
-0.115711	0.702282	120.893808	22.440793	0.083333	0.533333
-0.102974	0.696335	121.934870	23.047041	0.100000	0.533333
-0.089527	0.690241	123.040266	23.677453	0.116667	0.533333
-0.075323	0.684007	124.215241	24.332438	0.133333	0.533333
-0.060315	0.677640	125.465495	25.012210	0.150000	0.533333
-0.044452	0.671150	126.797183	25.716723	0.166667	0.533333
-0.027683	0.664550	128.216945	26.445604	0.183333	0.533333
-0.009955	0.657857	129.731884	27.198049	0.200000	0.533333
0.008784	0.651092	131.349565	27.972750	0.216667	0.533333
0.028586	0.644280	133.077939	28.767767	0.233333	0.533333
0.049500	0.637451	134.925287	29.580409	0.250000	0.533333
0.071573	0.630641	136.900068	30.407079	0.266667	0.533333
0.094843	0.623891	139.010732	31.243165	0.283333	0.533333
0.119344	0.617249	141.265456	32.082877	0.300000	0.533333
0.145098	0.610769	143.671775	32.919138	0.316667	0.533333
0.172114	0.604511	146.236130	33.743516	0.333333	0.533333
0.200385	0.598539	148.963300	34.546171	0.350000	0.533333
0.229887	0.592922	151.855743	35.315933	0.366667	0.533333
0.260572	0.587734	154.912856	36.040476	0.383333	0.533333
0.292371	0.583046	158.130234	36.706612	0.400000	0.533333
0.325187	0.578932	161.498975	37.300751	0.416667	0.533333
0.358902	0.575458	165.005176	37.809495	0.433333	0.533333
0.393369	0.572686	168.629698	38.220368	0.450000	0.533333
0.428422	0.570667	172.348346	38.522551	0.466667	0.533333
0.463878	0.569439	176.132534	38.707676	0.483333	0.533333
0.499537	0.569027	179.950407	38.770427	0.500000	0.533333
0.535196	0.569439	-176.231642	38.708970	0.516667	0.533333
0.570652	0.570667	-172.447208	38.525116	0.533333	0.533333
0.605705	0.572686	-168.728176	38.224160	0.550000	0.533333
0.640173	0.575458	-165.103139	37.814448	0.566667	0.533333
0.673887	0.578932	-161.596326	37.306788	0.583333	0.533333
0.706703	0.583046	-158.226895	36.713645	0.600000	0.533333
0.738502	0.587734	-155.008780	36.048408	0.616667	0.533333
0.769187	0.592922	-151.950894	35.324665	0.633333	0.533333
0.798689	0.598539	-149.057684	34.555606	0.650000	0.533333
0.826960	0.604511	-146.329749	33.753558	0.666667	0.533333
0.853976	0.610769	-143.764658	32.929701	0.683333	0.533333
0.879730	0.617249	-141.357629	32.093874	0.700000	0.533333
0.904231	0.623891	-139.102243	31.254524	0.716667	0.533333
0.927501	0.630641	-136.990954	30.418729	0.733333	0.533333
0.949574	0.637451	-135.015586	29.592290	0.750000	0.533333
0.970488	0.644280	-133.167710	28.779825	0.766667	0.533333
0.990290	0.651092	-131.438832	27.984936	0.783333	0.533333
1.009029	0.657857	-129.820707	27.210324	0.800000	0.533333
1.026757	0.664550	-128.305346	26.457930	0.816667	0.533333
1.043526	0.671150	-126.885206	25.729070	0.833333	0.533333
1.059389	0.677640	-125.553168	25.024550	0.850000	0.533333
1.074397	0.684007	-124.302603	24.344750	0.866667	0.533333
1.088601	0.690241	-123.127339	23.689717	0.883333	0.533333
1.102048	0.696335	-122.021678	23.059239	0.900000	0.533333
1.114785	0.702282	-120.980370	22.452912	0.916667	0.533333
1.126855	0.708080	-119.998598	21.870177	0.933333	0.533333
1.138301	0.713728	-119.071912	21.310363	0.950000	0.533333
1.149161	0.719223	-118.196258	20.772729	0.966667	0.533333
1.159471	0.724567	-117.367914	20.256480	0.983333	0.533333
1.169267	0.729760	-116.583457	19.760786	1.000000	0.533333
-0.176976	0.711014	115.411704	20.993332	0.000000	0.516667
-0.167216	0.705398	116.173494	21.524479	0.016667	0.516667
-0.156935	0.699618	116.978767	22.078020	0.033333	0.516667
-0.146099	0.693671	117.831007	22.654914	0.050000	0.516667
-0.134671	0.687557	118.734035	23.256074	0.066667	0.516667
-0.122610	0.681276	119.692041	23.882377	0.083333	0.516667
-0.109873	0.674831	120.709611	24.534625	0.100000	0.516667
-0.096416	0.668223	121.791777	25.213520	0.116667	0.516667
-0.082190	0.661460	122.944037	25.919603	0.133333	0.516667
-0.067146	0.654549	124.172402	26.653226	0.150000	0.516667
-0.051233	0.647500	125.483418	27.414460	0.166667	0.516667
-0.034396	0.640328	126.884200	28.203045	0.183333	0.516667
-0.016582	0.633050	128.382429	29.018266	0.200000	0.516667
0.002264	0.625690	129.986370	29.858865	0.216667	0.516667
0.022196	0.618273	131.704814	30.722909	0.233333	0.516667
0.043266	0.610834	133.547039	31.607637	0.250000	0.516667
0.065522	0.603410	135.522664	32.509315	0.266667	0.516667
0.089006	0.596048	137.641485	33.423069	0.283333	0.516667
0.113754	0.588798	139.913193	34.342708	0.300000	0.516667
0.139788	0.581721	142.347000	35.260588	0.316667	0.516667
0.167121	0.574881	144.951128	36.167497	0.333333	0.516667
0.195747	0.568351	147.732174	37.052595	0.350000	0.516667
0.225640	0.562205	150.694327	37.903451	0.366667	0.516667
0.256755	0.556525	153.838462	38.706238	0.383333	0.516667
0.289018	0.551390	157.161211	39.446025	0.400000	0.516667
0.322334	0.546882	160.654020	40.107296	0.416667	0.516667
0.356579	0.543074	164.302439	40.674657	0.433333	0.516667
0.391602	0.540034	168.085697	41.133651	0.450000	0.516667
0.427233	0.537819	171.976829	41.471697	0.466667	0.516667
0.463279	0.536473	175.943387	41.678990	0.483333	0.516667
0.499537	0.536021	179.948822	41.749295	0.500000	0.516667
0.535795	0.536473	-176.045639	41.680460	0.516667	0.516667
0.571842	0.537819	-172.078760	41.474607	0.533333	0.516667
0.607472	0.540034	-168.187131	41.137948	0.550000	0.516667
0.642495	0.543074	-164.403204	40.680263	0.566667	0.516667
0.676740	0.546882	-160.753994	40.114116	0.583333	0.516667
0.710056	0.551390	-157.260301	39.453951	0.600000	0.516667
0.742319	0.556525	-153.936614	38.715158	0.616667	0.516667
0.773434	0.562205	-150.791508	37.913247	0.633333	0.516667
0.803327	0.568351	-147.828395	37.063155	0.650000	0.516667
0.831953	0.574881	-145.046403	36.178710	0.666667	0.516667
0.859286	0.581721	-142.441364	35.272353	0.683333	0.516667
0.885320	0.588798	-140.006701	34.354931	0.700000	0.516667
0.910068	0.596048	-137.734182	33.435664	0.716667	0.516667
0.933552	0.603410	-135.614612	32.522207	0.733333	0.516667
0.955808	0.610834	-133.638295	31.620758	0.750000	0.516667
0.976878	0.618273	-131.795430	30.736200	0.766667	0.516667
0.996810	0.625690	-130.076405	29.872276	0.783333	0.516667
1.015656	0.633050	-128.471935	29.031751	0.800000	0.516667
1.033471	0.640328	-126.973214	28.216564	0.816667	0.516667
1.050307	0.647500	-125.571992	27.427982	0.833333	0.516667
1.066220	0.654549	-124.260579	26.666724	0.850000	0.516667
1.081264	0.661460	-123.031842	25.933050	0.866667	0.516667
1.095490	0.668223	-121.879251	25.226898	0.883333	0.516667
1.108947	0.674831	-120.796791	24.547918	0.900000	0.516667
1.121684	0.681276	-119.778941	23.895571	0.916667	0.516667
1.133745	0.687557	-118.820688	23.269157	0.933333	0.516667
1.145173	0.693671	-117.917432	22.667876	0.950000	0.516667
1.156009	0.699618	-117.064983	22.090854	0.966667	0.516667
1.166290	0.705398	-116.259522	21.537180	0.983333	0.516667
1.176050	0.711014	-115.497567	21.005895	1.000000	0.516667
-0.176976	0.711014	115.411704	20.993332	0.000000	0.516667
-0.167216	0.705398	116.173494	21.524479	0.016667	0.516667
-0.156935	0.699618	116.978767	22.078020	0.033333	0.516667
-0.146099	0.693671	117.831007	22.654914	0.050000	0.516667
-0.134671	0.687557	118.734035	23.256074	0.066667	0.516667
-0.122610	0.681276	119.692041	23.882377	0.083333	0.516667
-0.109873	0.674831	120.709611	24.534625	0.100000	0.516667
-0.096416	0.668223	121.791777	25.213520	0.116667	0.516667
-0.082190	0.661460	122.944037	25.919603	0.133333	0.516667
-0.067146	0.654549	124.172402	26.653226	0.150000	0.516667
-0.051233	0.647500	125.483418	27.414460	0.166667	0.516667
-0.034396	0.640328	126.884200	28.203045	0.183333	0.516667
-0.016582	0.633050	128.382429	29.018266	0.200000	0.516667
0.002264	0.625690	129.986370	29.858865	0.216667	0.516667
0.022196	0.618273	131.704814	30.722909	0.233333	0.516667
0.043266	0.610834	133.547039	31.607637	0.250000	0.516667
0.065522	0.603410	135.522664	32.509315	0.266667	0.516667
0.089006	0.596048	137.641485	33.423069	0.283333	0.516667
0.113754	0.588798	139.913193	34.342708	0.300000	0.516667
0.139788	0.581721	142.347000	35.260588	0.316667	0.516667
0.167121	0.574881	144.951128	36.167497	0.333333	0.516667
0.195747	0.568351	147.732174	37.052595	0.350000	0.516667
0.225640	0.562205	150.694327	37.903451	0.366667	0.516667
0.256755	0.556525	153.838462	38.706238	0.383333	0.516667
0.289018	0.551390	157.161211	39.446025	0.400000	0.516667
0.322334	0.546882	160.654020	40.107296	0.416667	0.516667
0.356579	0.543074	164.302439	40.674657	0.433333	0.516667
0.391602	0.540034	168.085697	41.133651	0.450000	0.516667
0.427233	0.537819	171.976829	41.471697	0.466667	0.516667
0.463279	0.536473	175.943387	41.678990	0.483333	0.516667
0.499537	0.536021	179.948822	41.749295	0.500000	0.516667
0.535795	0.536473	-176.045639	41.680460	0.516667	0.516667
0.571842	0.537819	-172.078760	41.474607	0.533333	0.516667
0.607472	0.540034	-168.187131	41.137948	0.550000	0.516667
0.642495	0.543074	-164.403204	40.680263	0.566667	0.516667
0.676740	0.546882	-160.753994	40.114116	0.583333	0.516667
0.710056	0.551390	-157.260301	39.453951	0.600000	0.516667
0.742319	0.556525	-153.936614	38.715158	0.616667	0.516667
0.773434	0.562205	-150.791508	37.913247	0.633333	0.516667
0.803327	0.568351	-147.828395	37.063155	0.650000	0.516667
0.831953	0.574881	-145.046403	36.178710	0.666667	0.516667
0.859286	0.581721	-142.441364	35.272353	0.683333	0.516667
0.885320	0.588798	-140.006701	34.354931	0.700000	0.516667
0.910068	0.596048	-137.734182	33.435664	0.716667	0.516667
0.933552	0.603410	-135.614612	32.522207	0.733333	0.516667
0.955808	0.610834	-133.638295	31.620758	0.750000	0.516667
0.976878	0.618273	-131.795430	30.736200	0.766667	0.516667
0.996810	0.625690	-130.076405	29.872276	0.783333	0.516667
1.015656	0.633050	-128.471935	29.031751	0.800000	0.516667
1.033471	0.640328	-126.973214	28.216564	0.816667	0.516667
1.050307	0.647500	-125.571992	27.427982	0.833333	0.516667
1.066220	0.654549	-124.260579	26.666724	0.850000	0.516667
1.081264	0.661460	-123.031842	25.933050	0.866667	0.516667
1.095490	0.668223	-121.879251	25.226898	0.883333	0.516667
1.108947	0.674831	-120.796791	24.547918	0.900000	0.516667
1.121684	0.681276	-119.778941	23.895571	0.916667	0.516667
1.133745	0.687557	-118.820688	23.269157	0.933333	0.516667
1.145173	0.693671	-117.917432	22.667876	0.950000	0.516667
1.156009	0.699618	-117.064983	22.090854	0.966667	0.516667
1.166290	0.705398	-116.259522	21.537180	0.983333	0.516667
1.176050	0.711014	-115.497567	21.005895	1.000000	0.516667
-0.183480	0.692071	114.305624	22.232404	0.000000	0.500000
-0.173745	0.686030	115.043326	22.798820	0.016667	0.500000
-0.163485	0.679809	115.823963	23.389462	0.033333	0.500000
-0.152664	0.673406	116.651084	24.005394	0.050000	0.500000
-0.141243	0.666821	117.528583	24.647665	0.066667	0.500000
-0.129182	0.660054	118.460765	25.317278	0.083333	0.500000
-0.116435	0.653107	119.452352	26.015181	0.100000	0.500000
-0.102958	0.645983	120.508563	26.742208	0.116667	0.500000
-0.088701	0.638687	121.635127	27.499054	0.133333	0.500000
-0.073613	0.631229	122.838359	28.286200	0.150000	0.500000
-0.057641	0.623619	124.125175	29.103866	0.166667	0.500000
-0.040730	0.615872	125.503164	29.951904	0.183333	0.500000
-0.022823	0.608009	126.980586	30.829712	0.200000	0.500000
-0.003865	0.600052	128.566419	31.736108	0.216667	0.500000
0.016201	0.592031	130.270327	32.669188	0.233333	0.500000
0.037429	0.583982	132.102640	33.626166	0.250000	0.500000
0.059868	0.575946	134.074231	34.603202	0.266667	0.500000
0.083563	0.567973	136.196373	35.595194	0.283333	0.500000
0.108550	0.560119	138.480463	36.595597	0.300000	0.500000
0.134856	0.552448	140.937631	37.596240	0.316667	0.500000
0.162492	0.545031	143.578205	38.587159	0.333333	0.500000
0.191454	0.537946	146.410985	39.556525	0.350000	0.500000
0.221717	0.531277	149.442335	40.490654	0.366667	0.500000
0.253234	0.525111	152.675096	41.374160	0.383333	0.500000
0.285931	0.519535	156.107386	42.190278	0.400000	0.500000
0.319711	0.514637	159.731388	42.921463	0.416667	0.500000
0.354445	0.510500	163.532305	43.550127	0.433333	0.500000
0.389981	0.507196	167.487698	44.059649	0.450000	0.500000
0.426141	0.504789	171.567465	44.435453	0.466667	0.500000
0.462730	0.503325	175.734628	44.666146	0.483333	0.500000
0.499537	0.502833	179.946972	44.744438	0.500000	0.500000
0.536344	0.503325	-175.840540	44.667811	0.516667	0.500000
0.572933	0.504789	-171.672972	44.438749	0.533333	0.500000
0.609093	0.507196	-167.592544	44.064508	0.550000	0.500000
0.644629	0.510500	-163.636291	43.556456	0.566667	0.500000
0.679363	0.514637	-159.834359	42.929147	0.583333	0.500000
0.713143	0.519535	-156.209233	42.199188	0.600000	0.500000
0.745841	0.525111	-152.775747	41.384161	0.616667	0.500000
0.777357	0.531277	-149.541779	40.501611	0.633333	0.500000
0.807620	0.537946	-146.509229	39.568305	0.650000	0.500000
0.836582	0.545031	-143.675288	38.599636	0.666667	0.500000
0.864218	0.552448	-141.033612	37.609299	0.683333	0.500000
0.890524	0.560119	-138.575400	36.609131	0.700000	0.500000
0.915511	0.567973	-136.290345	35.609109	0.716667	0.500000
0.939206	0.575946	-134.167305	34.617413	0.733333	0.500000
0.961645	0.583982	-132.194894	33.640600	0.750000	0.500000
0.982873	0.592031	-130.361830	32.683781	0.766667	0.500000
1.002939	0.600052	-128.657242	31.750805	0.783333	0.500000
1.021898	0.608009	-127.070788	30.844465	0.800000	0.500000
1.039804	0.615872	-125.592811	29.966674	0.816667	0.500000
1.056715	0.623619	-124.214317	29.118617	0.833333	0.500000
1.072687	0.631229	-122.927043	28.300903	0.850000	0.500000
1.087775	0.638687	-121.723398	27.513686	0.866667	0.500000
1.102032	0.645983	-120.596454	26.756747	0.883333	0.500000
1.115509	0.653107	-119.539897	26.029610	0.900000	0.500000
1.128256	0.660054	-118.548002	25.331584	0.916667	0.500000
1.140317	0.666821	-117.615548	24.661839	0.933333	0.500000
1.151738	0.673406	-116.737790	24.019423	0.950000	0.500000
1.162559	0.679809	-115.910445	23.403343	0.966667	0.500000
1.172819	0.686030	-115.129590	22.812544	0.983333	0.500000
1.182554	0.692071	-114.391698	22.245968	1.000000	0.500000
-0.183480	0.692071	114.305624	22.232404	0.000000	0.500000
-0.173745	0.686030	115.043326	22.798820	0.016667	0.500000
-0.163485	0.679809	115.823963	23.389462	0.033333	0.500000
-0.152664	0.673406	116.651084	24.005394	0.050000	0.500000
-0.141243	0.666821	117.528583	24.647665	0.066667	0.500000
-0.129182	0.660054	118.460765	25.317278	0.083333	0.500000
-0.116435	0.653107	119.452352	26.015181	0.100000	0.500000
-0.102958	0.645983	120.508563	26.742208	0.116667	0.500000
-0.088701	0.638687	121.635127	27.499054	0.133333	0.500000
-0.073613	0.631229	122.838359	28.286200	0.150000	0.500000
-0.057641	0.623619	124.125175	29.103866	0.166667	0.500000
-0.040730	0.615872	125.503164	29.951904	0.183333	0.500000
-0.022823	0.608009	126.980586	30.829712	0.200000	0.500000
-0.003865	0.600052	128.566419	31.736108	0.216667	0.500000
0.016201	0.592031	130.270327	32.669188	0.233333	0.500000
0.037429	0.583982	132.102640	33.626166	0.250000	0.500000
0.059868	0.575946	134.074231	34.603202	0.266667	0.500000
0.083563	0.567973	136.196373	35.595194	0.283333	0.500000
0.108550	0.560119	138.480463	36.595597	0.300000	0.500000
0.134856	0.552448	140.937631	37.596240	0.316667	0.500000
0.162492	0.545031	143.578205	38.587159	0.333333	0.500000
0.191454	0.537946	146.410985	39.556525	0.350000	0.500000
0.221717	0.531277	149.442335	40.490654	0.366667	0.500000
0.253234	0.525111	152.675096	41.374160	0.383333	0.500000
0.285931	0.519535	156.107386	42.190278	0.400000	0.500000
0.319711	0.514637	159.731388	42.921463	0.416667	0.500000
0.354445	0.510500	163.532305	43.550127	0.433333	0.500000
0.389981	0.507196	167.487698	44.059649	0.450000	0.500000
0.426141	0.504789	171.567465	44.435453	0.466667	0.500000
0.462730	0.503325	175.734628	44.666146	0.483333	0.500000
0.499537	0.502833	179.946972	44.744438	0.500000	0.500000
0.536344	0.503325	-175.840540	44.667811	0.516667	0.500000
0.572933	0.504789	-171.672972	44.438749	0.533333	0.500000
0.609093	0.507196	-167.592544	44.064508	0.550000	0.500000
0.644629	0.510500	-163.636291	43.556456	0.566667	0.500000
0.679363	0.514637	-159.834359	42.929147	0.583333	0.500000
0.713143	0.519535	-156.209233	42.199188	0.600000	0.500000
0.745841	0.525111	-152.775747	41.384161	0.616667	0.500000
0.777357	0.531277	-149.541779	40.501611	0.633333	0.500000
0.807620	0.537946	-146.509229	39.568305	0.650000	0.500000
0.836582	0.545031	-143.675288	38.599636	0.666667	0.500000
0.864218	0.552448	-141.033612	37.609299	0.683333	0.500000
0.890524	0.560119	-138.575400	36.609131	0.700000	0.500000
0.915511	0.567973	-136.290345	35.609109	0.716667	0.500000
0.939206	0.575946	-134.167305	34.617413	0.733333	0.500000
0.961645	0.583982	-132.194894	33.640600	0.750000	0.500000
0.982873	0.592031	-130.361830	32.683781	0.766667	0.500000
1.002939	0.600052	-128.657242	31.750805	0.783333	0.500000
1.021898	0.608009	-127.070788	30.844465	0.800000	0.500000
1.039804	0.615872	-125.592811	29.966674	0.816667	0.500000
1.056715	0.623619	-124.214317	29.118617	0.833333	0.500000
1.072687	0.631229	-122.927043	28.300903	0.850000	0.500000
1.087775	0.638687	-121.723398	27.513686	0.866667	0.500000
1.102032	0.645983	-120.596454	26.756747	0.883333	0.500000
1.115509	0.653107	-119.539897	26.029610	0.900000	0.500000
1.128256	0.660054	-118.548002	25.331584	0.916667	0.500000
1.140317	0.666821	-117.615548	24.661839	0.933333	0.500000
1.151738	0.673406	-116.737790	24.019423	0.950000	0.500000
1.162559	0.679809	-115.910445	23.403343	0.966667	0.500000
1.172819	0.686030	-115.129590	22.812544	0.983333	0.500000
1.182554	0.692071	-114.391698	22.245968	1.000000	0.500000
-0.189685	0.672961	113.179864	23.463852	0.000000	0.483333
-0.179966	0.666492	113.891885	24.065034	0.016667	0.483333
-0.169716	0.659828	114.646134	24.692236	0.033333	0.483333
-0.158899	0.652968	115.446201	25.346637	0.050000	0.483333
-0.147475	0.645912	116.296047	26.029407	0.066667	0.483333
-0.135402	0.638658	117.200057	26.741692	0.083333	0.483333
-0.122635	0.631208	118.163080	27.484568	0.100000	0.483333
-0.109128	0.623567	119.190492	28.259021	0.116667	0.483333
-0.094829	0.615740	120.288238	29.065882	0.133333	0.483333
-0.079687	0.607736	121.462905	29.905792	0.150000	0.483333
-0.063647	0.599567	122.721767	30.779108	0.166667	0.483333
-0.046652	0.591250	124.072862	31.685825	0.183333	0.483333
-0.028645	0.582804	125.525025	32.625461	0.200000	0.483333
-0.009568	0.574256	127.087951	33.596934	0.216667	0.483333
0.010636	0.565637	128.772198	34.598395	0.233333	0.483333
0.032024	0.556985	130.589190	35.627076	0.250000	0.483333
0.054646	0.548345	132.551140	36.679058	0.266667	0.483333
0.078549	0.539770	134.670924	37.749077	0.283333	0.483333
0.103770	0.531322	136.961833	38.830281	0.300000	0.483333
0.130337	0.523068	139.437190	39.914017	0.316667	0.483333
0.158262	0.515087	142.109777	40.989638	0.333333	0.483333
0.187541	0.507461	144.991054	42.044358	0.350000	0.483333
0.218149	0.500282	148.090100	43.063240	0.366667	0.483333
0.250039	0.493642	151.412324	44.029334	0.383333	0.483333
0.283136	0.487637	154.957947	44.923994	0.400000	0.483333
0.317340	0.482362	158.720418	45.727490	0.416667	0.483333
0.352520	0.477905	162.684930	46.419890	0.433333	0.483333
0.388520	0.474346	166.827406	46.982182	0.450000	0.483333
0.425159	0.471753	171.114230	47.397587	0.466667	0.483333
0.462237	0.470176	175.503056	47.652880	0.483333	0.483333
0.499537	0.469646	179.944814	47.739586	0.500000	0.483333
0.536837	0.470176	-175.613249	47.654765	0.516667	0.483333
0.573915	0.471753	-171.223886	47.401315	0.533333	0.483333
0.610554	0.474346	-166.936206	46.987669	0.550000	0.483333
0.646554	0.477905	-162.792618	46.427023	0.566667	0.483333
0.681734	0.482362	-158.826796	45.736128	0.583333	0.483333
0.715938	0.487637	-155.062896	44.933985	0.600000	0.483333
0.749035	0.493642	-151.515776	44.040518	0.616667	0.483333
0.780925	0.500282	-148.192044	43.075459	0.633333	0.483333
0.811533	0.507461	-145.091522	42.057458	0.650000	0.483333
0.840812	0.515087	-142.208823	41.003476	0.666667	0.483333
0.868737	0.523068	-139.534900	39.928461	0.683333	0.483333
0.895304	0.531322	-137.058296	38.845213	0.700000	0.483333
0.920525	0.539770	-134.766235	37.764393	0.716667	0.483333
0.944428	0.548345	-132.645394	36.694665	0.733333	0.483333
0.967050	0.556985	-130.682487	35.642896	0.750000	0.483333
0.988438	0.565637	-128.864622	34.614358	0.766667	0.483333
1.008642	0.574256	-127.179591	33.612982	0.783333	0.483333
1.027719	0.582804	-125.615957	32.641544	0.800000	0.483333
1.045726	0.591250	-124.163147	31.701899	0.816667	0.483333
1.062721	0.599567	-122.811482	30.795140	0.833333	0.483333
1.078761	0.607736	-121.552094	29.921749	0.850000	0.483333
1.093903	0.615740	-120.376959	29.081741	0.866667	0.483333
1.108202	0.623567	-119.278798	28.274763	0.883333	0.483333
1.121709	0.631208	-118.251005	27.500175	0.900000	0.483333
1.134476	0.638658	-117.287629	26.757150	0.916667	0.483333
1.146549	0.645912	-116.383307	26.044705	0.933333	0.483333
1.157973	0.652968	-115.533187	25.361769	0.950000	0.483333
1.168790	0.659828	-114.732859	24.707193	0.966667	0.483333
1.179040	0.666492	-113.978378	24.079812	0.983333	0.483333
1.188759	0.672961	-113.266150	23.478448	1.000000	0.483333
-0.189685	0.672961	113.179864	23.463852	0.000000	0.483333
-0.179966	0.666492	113.891885	24.065034	0.016667	0.483333
-0.169716	0.659828	114.646134	24.692236	0.033333	0.483333
-0.158899	0.652968	115.446201	25.346637	0.050000	0.483333
-0.147475	0.645912	116.296047	26.029407	0.066667	0.483333
-0.135402	0.638658	117.200057	26.741692	0.083333	0.483333
-0.122635	0.631208	118.163080	27.484568	0.100000	0.483333
-0.109128	0.623567	119.190492	28.259021	0.116667	0.483333
-0.094829	0.615740	120.288238	29.065882	0.133333	0.483333
-0.079687	0.607736	121.462905	29.905792	0.150000	0.483333
-0.063647	0.599567	122.721767	30.779108	0.166667	0.483333
-0.046652	0.591250	124.072862	31.685825	0.183333	0.483333
-0.028645	0.582804	125.525025	32.625461	0.200000	0.483333
-0.009568	0.574256	127.087951	33.596934	0.216667	0.483333
0.010636	0.565637	128.772198	34.598395	0.233333	0.483333
0.032024	0.556985	130.589190	35.627076	0.250000	0.483333
0.054646	0.548345	132.551140	36.679058	0.266667	0.483333
0.078549	0.539770	134.670924	37.749077	0.283333	0.483333
0.103770	0.531322	136.961833	38.830281	0.300000	0.483333
0.130337	0.523068	139.437190	39.914017	0.316667	0.483333
0.158262	0.515087	142.109777	40.989638	0.333333	0.483333
0.187541	0.507461	144.991054	42.044358	0.350000	0.483333
0.218149	0.500282	148.090100	43.063240	0.366667	0.483333
0.250039	0.493642	151.412324	44.029334	0.383333	0.483333
0.283136	0.487637	154.957947	44.923994	0.400000	0.483333
0.317340	0.482362	158.720418	45.727490	0.416667	0.483333
0.352520	0.477905	162.684930	46.419890	0.433333	0.483333
0.388520	0.474346	166.827406	46.982182	0.450000	0.483333
0.425159	0.471753	171.114230	47.397587	0.466667	0.483333
0.462237	0.470176	175.503056	47.652880	0.483333	0.483333
0.499537	0.469646	179.944814	47.739586	0.500000	0.483333
0.536837	0.470176	-175.613249	47.654765	0.516667	0.483333
0.573915	0.471753	-171.223886	47.401315	0.533333	0.483333
0.610554	0.474346	-166.936206	46.987669	0.550000	0.483333
0.646554	0.477905	-162.792618	46.427023	0.566667	0.483333
0.681734	0.482362	-158.826796	45.736128	0.583333	0.483333
0.715938	0.487637	-155.062896	44.933985	0.600000	0.483333
0.749035	0.493642	-151.515776	44.040518	0.616667	0.483333
0.780925	0.500282	-148.192044	43.075459	0.633333	0.483333
0.811533	0.507461	-145.091522	42.057458	0.650000	0.483333
0.840812	0.515087	-142.208823	41.003476	0.666667	0.483333
0.868737	0.523068	-139.534900	39.928461	0.683333	0.483333
0.895304	0.531322	-137.058296	38.845213	0.700000	0.483333
0.920525	0.539770	-134.766235	37.764393	0.716667	0.483333
0.944428	0.548345	-132.645394	36.694665	0.733333	0.483333
0.967050	0.556985	-130.682487	35.642896	0.750000	0.483333
0.988438	0.565637	-128.864622	34.614358	0.766667	0.483333
1.008642	0.574256	-127.179591	33.612982	0.783333	0.483333
1.027719	0.582804	-125.615957	32.641544	0.800000	0.483333
1.045726	0.591250	-124.163147	31.701899	0.816667	0.483333
1.062721	0.599567	-122.811482	30.795140	0.833333	0.483333
1.078761	0.607736	-121.552094	29.921749	0.850000	0.483333
1.093903	0.615740	-120.376959	29.081741	0.866667	0.483333
1.108202	0.623567	-119.278798	28.274763	0.883333	0.483333
1.121709	0.631208	-118.251005	27.500175	0.900000	0.483333
1.134476	0.638658	-117.287629	26.757150	0.916667	0.483333
1.146549	0.645912	-116.383307	26.044705	0.933333	0.483333
1.157973	0.652968	-115.533187	25.361769	0.950000	0.483333
1.168790	0.659828	-114.732859	24.707193	0.966667	0.483333
1.179040	0.666492	-113.978378	24.079812	0.983333	0.483333
1.188759	0.672961	-113.266150	23.478448	1.000000	0.483333
-0.195574	0.653714	112.034793	24.685126	0.000000	0.466667
-0.185860	0.646816	112.719522	25.320373	0.016667	0.466667
-0.175609	0.639711	113.445608	25.983371	0.033333	0.466667
-0.164784	0.632395	114.216660	26.675419	0.050000	0.466667
-0.153345	0.624868	115.036681	27.397813	0.066667	0.466667
-0.141249	0.617129	115.910118	28.151820	0.083333	0.466667
-0.128450	0.609181	116.841916	28.938661	0.100000	0.466667
-0.114900	0.601026	117.837585	29.759459	0.116667	0.466667
-0.100548	0.592673	118.903248	30.615202	0.133333	0.466667
-0.085341	0.584129	120.045745	31.506672	0.150000	0.466667
-0.069223	0.575408	121.272671	32.434380	0.166667	0.466667
-0.052135	0.566528	122.592491	33.398471	0.183333	0.466667
-0.034020	0.557509	124.014591	34.398596	0.200000	0.466667
-0.014817	0.548381	125.549371	35.433798	0.216667	0.466667
0.005531	0.539175	127.208285	36.502314	0.233333	0.466667
0.027082	0.529934	129.003888	37.601417	0.250000	0.466667
0.049887	0.520705	130.949792	38.727173	0.266667	0.466667
0.073995	0.511546	133.060599	39.874196	0.283333	0.466667
0.099444	0.502521	135.351680	41.035404	0.300000	0.466667
0.126261	0.493704	137.838828	42.201733	0.316667	0.466667
0.154459	0.485178	140.537675	43.361912	0.333333	0.466667
0.184035	0.477032	143.462847	44.502283	0.350000	0.466667
0.214964	0.469362	146.626797	45.606702	0.366667	0.466667
0.247195	0.462269	150.038252	46.656654	0.383333	0.466667
0.280655	0.455855	153.700343	47.631566	0.400000	0.466667
0.315240	0.450221	157.608522	48.509437	0.416667	0.466667
0.350819	0.445460	161.748528	49.267795	0.433333	0.466667
0.387231	0.441659	166.094782	49.885003	0.450000	0.466667
0.424294	0.438889	170.609758	50.341800	0.466667	0.466667
0.461802	0.437205	175.244753	50.622901	0.483333	0.466667
0.499537	0.436639	179.942294	50.718452	0.500000	0.466667
0.537272	0.437205	-175.359921	50.625033	0.516667	0.466667
0.574780	0.438889	-170.724227	50.346010	0.533333	0.466667
0.611843	0.441659	-166.208140	49.891190	0.550000	0.466667
0.648255	0.445460	-161.860445	49.275819	0.566667	0.466667
0.683834	0.450221	-157.718769	48.519131	0.583333	0.466667
0.718419	0.455855	-153.808774	47.642747	0.600000	0.466667
0.751879	0.462269	-150.144806	46.669132	0.616667	0.466667
0.784111	0.469362	-146.731483	45.620292	0.633333	0.466667
0.815039	0.477032	-143.565720	44.516809	0.650000	0.466667
0.844615	0.485178	-140.638823	43.377210	0.666667	0.466667
0.872813	0.493704	-137.938370	42.217657	0.683333	0.466667
0.899630	0.502521	-135.449740	41.051824	0.700000	0.466667
0.925079	0.511546	-133.157307	39.890997	0.716667	0.466667
0.949187	0.520705	-131.045268	38.744255	0.733333	0.466667
0.971992	0.529934	-129.098247	37.618693	0.750000	0.466667
0.993543	0.539175	-127.301641	36.519713	0.766667	0.466667
1.013891	0.548381	-125.641826	35.451257	0.783333	0.466667
1.033094	0.557509	-124.106244	34.416064	0.800000	0.466667
1.051209	0.566528	-122.683419	33.415904	0.816667	0.466667
1.068297	0.575408	-121.362945	32.451740	0.833333	0.466667
1.084415	0.584129	-120.135443	31.523931	0.850000	0.466667
1.099622	0.592673	-118.992425	30.632335	0.866667	0.466667
1.113974	0.601026	-117.926289	29.776444	0.883333	0.466667
1.127524	0.609181	-116.930196	28.955482	0.900000	0.466667
1.140323	0.617129	-115.998024	28.168467	0.916667	0.466667
1.152419	0.624868	-115.124238	27.414272	0.933333	0.466667
1.163858	0.632395	-114.303913	26.691685	0.950000	0.466667
1.174683	0.639711	-113.532574	25.999436	0.966667	0.466667
1.184934	0.646816	-112.806234	25.336233	0.983333	0.466667
1.194648	0.653714	-112.121279	24.700779	1.000000	0.466667
-0.195574	0.653714	112.034793	24.685126	0.000000	0.466667
-0.185860	0.646816	112.719522	25.320373	0.016667	0.466667
-0.175609	0.639711	113.445608	25.983371	0.033333	0.466667
-0.164784	0.632395	114.216660	26.675419	0.050000	0.466667
-0.153345	0.624868	115.036681	27.397813	0.066667	0.466667
-0.141249	0.617129	115.910118	28.151820	0.083333	0.466667
-0.128450	0.609181	116.841916	28.938661	0.100000	0.466667
-0.114900	0.601026	117.837585	29.759459	0.116667	0.466667
-0.100548	0.592673	118.903248	30.615202	0.133333	0.466667
-0.085341	0.584129	120.045745	31.506672	0.150000	0.466667
-0.069223	0.575408	121.272671	32.434380	0.166667	0.466667
-0.052135	0.566528	122.592491	33.398471	0.183333	0.466667
-0.034020	0.557509	124.014591	34.398596	0.200000	0.466667
-0.014817	0.548381	125.549371	35.433798	0.216667	0.466667
0.005531	0.539175	127.208285	36.502314	0.233333	0.466667
0.027082	0.529934	129.003888	37.601417	0.250000	0.466667
0.049887	0.520705	130.949792	38.727173	0.266667	0.466667
0.073995	0.511546	133.060599	39.874196	0.283333	0.466667
0.099444	0.502521	135.351680	41.035404	0.300000	0.466667
0.126261	0.493704	137.838828	42.201733	0.316667	0.466667
0.154459	0.485178	140.537675	43.361912	0.333333	0.466667
0.184035	0.477032	143.462847	44.502283	0.350000	0.466667
0.214964	0.469362	146.626797	45.606702	0.366667	0.466667
0.247195	0.462269	150.038252	46.656654	0.383333	0.466667
0.280655	0.455855	153.700343	47.631566	0.400000	0.466667
0.315240	0.450221	157.608522	48.509437	0.416667	0.466667
0.350819	0.445460	161.748528	49.267795	0.433333	0.466667
0.387231	0.441659	166.094782	49.885003	0.450000	0.466667
0.424294	0.438889	170.609758	50.341800	0.466667	0.466667
0.461802	0.437205	175.244753	50.622901	0.483333	0.466667
0.499537	0.436639	179.942294	50.718452	0.500000	0.466667
0.537272	0.437205	-175.359921	50.625033	0.516667	0.466667
0.574780	0.438889	-170.724227	50.346010	0.533333	0.466667
0.611843	0.441659	-166.208140	49.891190	0.550000	0.466667
0.648255	0.445460	-161.860445	49.275819	0.566667	0.466667
0.683834	0.450221	-157.718769	48.519131	0.583333	0.466667
0.718419	0.455855	-153.808774	47.642747	0.600000	0.466667
0.751879	0.462269	-150.144806	46.669132	0.616667	0.466667
0.784111	0.469362	-146.731483	45.620292	0.633333	0.466667
0.815039	0.477032	-143.565720	44.516809	0.650000	0.466667
0.844615	0.485178	-140.638823	43.377210	0.666667	0.466667
0.872813	0.493704	-137.938370	42.217657	0.683333	0.466667
0.899630	0.502521	-135.449740	41.051824	0.700000	0.466667
0.925079	0.511546	-133.157307	39.890997	0.716667	0.466667
0.949187	0.520705	-131.045268	38.744255	0.733333	0.466667
0.971992	0.529934	-129.098247	37.618693	0.750000	0.466667
0.993543	0.539175	-127.301641	36.519713	0.766667	0.466667
1.013891	0.548381	-125.641826	35.451257	0.783333	0.466667
1.033094	0.557509	-124.106244	34.416064	0.800000	0.466667
1.051209	0.566528	-122.683419	33.415904	0.816667	0.466667
1.068297	0.575408	-121.362945	32.451740	0.833333	0.466667
1.084415	0.584129	-120.135443	31.523931	0.850000	0.466667
1.099622	0.592673	-118.992425	30.632335	0.866667	0.466667
1.113974	0.601026	-117.926289	29.776444	0.883333	0.466667
1.127524	0.609181	-116.930196	28.955482	0.900000	0.466667
1.140323	0.617129	-115.998024	28.168467	0.916667	0.466667
1.152419	0.624868	-115.124238	27.414272	0.933333	0.466667
1.163858	0.632395	-114.303913	26.691685	0.950000	0.466667
1.174683	0.639711	-113.532574	25.999436	0.966667	0.466667
1.184934	0.646816	-112.806234	25.336233	0.983333	0.466667
1.194648	0.653714	-112.121279	24.700779	1.000000	0.466667
-1.000000	-1.000000	-180.000000	-90.000000	0.000000	0.450000
-0.191410	0.627037	111.526673	26.562131	0.016667	0.450000
-0.181146	0.619493	112.222809	27.259946	0.033333	0.450000
-0.170301	0.611724	112.962864	27.988583	0.050000	0.450000
-0.158834	0.603731	113.750856	28.749452	0.066667	0.450000
-0.146703	0.595513	114.591272	29.543947	0.083333	0.450000
-0.133859	0.587072	115.489119	30.373418	0.100000	0.450000
-0.120255	0.578412	116.450006	31.239135	0.116667	0.450000
-0.105838	0.569540	117.480211	32.142216	0.133333	0.450000
-0.090554	0.560467	118.586768	33.083612	0.150000	0.450000
-0.074346	0.551206	119.777570	34.063978	0.166667	0.450000
-0.057155	0.541775	121.061462	35.083613	0.183333	0.450000
-0.038922	0.532198	122.448345	36.142324	0.200000	0.450000
-0.019587	0.522505	123.949298	37.239282	0.216667	0.450000
0.000911	0.512732	125.576654	38.372849	0.233333	0.450000
0.022627	0.502922	127.344105	39.540374	0.250000	0.450000
0.045617	0.493126	129.266709	40.737953	0.266667	0.450000
0.069927	0.483405	131.360885	41.960156	0.283333	0.450000
0.095596	0.473828	133.644269	43.199729	0.300000	0.450000
0.122652	0.464474	136.135394	44.447299	0.316667	0.450000
0.151108	0.455430	138.853158	45.691078	0.333333	0.450000
0.180959	0.446792	141.815946	46.916609	0.350000	0.450000
0.212180	0.438660	145.040335	48.106636	0.366667	0.450000
0.244721	0.431141	148.539312	49.241123	0.383333	0.450000
0.278505	0.424344	152.319969	50.297558	0.400000	0.450000
0.313427	0.418373	156.380800	51.251563	0.416667	0.450000
0.349354	0.413330	160.708899	52.077955	0.433333	0.450000
0.386124	0.409304	165.277550	52.752206	0.450000	0.450000
0.423552	0.406370	170.044957	53.252245	0.466667	0.450000
0.461430	0.404586	174.954837	53.560421	0.483333	0.450000
0.499537	0.403987	179.939349	53.665281	0.500000	0.450000
0.537644	0.404586	-175.075821	53.562831	0.516667	0.450000
0.575522	0.406370	-170.165014	53.256997	0.533333	0.450000
0.612950	0.409304	-165.396161	52.759178	0.550000	0.450000
0.649720	0.413330	-160.825653	52.086974	0.566667	0.450000
0.685647	0.418373	-156.495407	51.262425	0.583333	0.450000
0.720569	0.424344	-152.432275	50.310044	0.600000	0.450000
0.754353	0.431141	-148.649276	49.255012	0.616667	0.450000
0.786894	0.438660	-145.147993	48.121712	0.633333	0.450000
0.818115	0.446792	-141.921392	46.932670	0.650000	0.450000
0.847966	0.455430	-138.956536	45.707942	0.666667	0.450000
0.876422	0.464474	-136.236858	44.464801	0.683333	0.450000
0.903478	0.473828	-133.743983	43.217725	0.700000	0.450000
0.929147	0.483405	-131.459017	41.978523	0.716667	0.450000
0.953457	0.493126	-129.363422	40.756584	0.733333	0.450000
0.976447	0.502922	-127.439538	39.559178	0.750000	0.450000
0.998164	0.512732	-125.670942	38.391748	0.766667	0.450000
1.018661	0.522505	-124.042570	37.258212	0.783333	0.450000
1.037996	0.532198	-122.540709	36.161233	0.800000	0.450000
1.056229	0.541775	-121.153010	35.102454	0.816667	0.450000
1.073420	0.551206	-119.868397	34.082715	0.833333	0.450000
1.089628	0.560467	-118.676955	33.102217	0.850000	0.450000
1.104912	0.569540	-117.569816	32.160661	0.866667	0.450000
1.119329	0.578412	-116.539098	31.257402	0.883333	0.450000
1.132933	0.587072	-115.577751	30.391492	0.900000	0.450000
1.145777	0.595513	-114.679487	29.561814	0.916667	0.450000
1.157908	0.603731	-113.838696	28.767104	0.933333	0.450000
1.169375	0.611724	-113.050368	28.006012	0.950000	0.450000
1.180220	0.619493	-112.310007	27.277147	0.966667	0.450000
1.190484	0.627037	-111.613589	26.579101	0.983333	0.450000
-1.000000	-1.000000	-180.000000	-90.000000	1.000000	0.450000
-1.000000	-1.000000	-180.000000	-90.000000	0.000000	0.450000
-0.191410	0.627037	111.526673	26.562131	0.016667	0.450000
-0.181146	0.619493	112.222809	27.259946	0.033333	0.450000
-0.170301	0.611724	112.962864	27.988583	0.050000	0.450000
-0.158834	0.603731	113.750856	28.749452	0.066667	0.450000
-0.146703	0.595513	114.591272	29.543947	0.083333	0.450000
-0.133859	0.587072	115.489119	30.373418	0.100000	0.450000
-0.120255	0.578412	116.450006	31.239135	0.116667	0.450000
-0.105838	0.569540	117.480211	32.142216	0.133333	0.450000
-0.090554	0.560467	118.586768	33.083612	0.150000	0.450000
-0.074346	0.551206	119.777570	34.063978	0.166667	0.450000
-0.057155	0.541775	121.061462	35.083613	0.183333	0.450000
-0.038922	0.532198	122.448345	36.142324	0.200000	0.450000
-0.019587	0.522505	123.949298	37.239282	0.216667	0.450000
0.000911	0.512732	125.576654	38.372849	0.233333	0.450000
0.022627	0.502922	127.344105	39.540374	0.250000	0.450000
0.045617	0.493126	129.266709	40.737953	0.266667	0.450000
0.069927	0.483405	131.360885	41.960156	0.283333	0.450000
0.095596	0.473828	133.644269	43.199729	0.300000	0.450000
0.122652	0.464474	136.135394	44.447299	0.316667	0.450000
0.151108	0.455430	138.853158	45.691078	0.333333	0.450000
0.180959	0.446792	141.815946	46.916609	0.350000	0.450000
0.212180	0.438660	145.040335	48.106636	0.366667	0.450000
0.244721	0.431141	148.539312	49.241123	0.383333	0.450000
0.278505	0.424344	152.319969	50.297558	0.400000	0.450000
0.313427	0.418373	156.380800	51.251563	0.416667	0.450000
0.349354	0.413330	160.708899	52.077955	0.433333	0.450000
0.386124	0.409304	165.277550	52.752206	0.450000	0.450000
0.423552	0.406370	170.044957	53.252245	0.466667	0.450000
0.461430	0.404586	174.954837	53.560421	0.483333	0.450000
0.499537	0.403987	179.939349	53.665281	0.500000	0.450000
0.537644	0.404586	-175.075821	53.562831	0.516667	0.450000
0.575522	0.406370	-170.165014	53.256997	0.533333	0.450000
0.612950	0.409304	-165.396161	52.759178	0.550000	0.450000
0.649720	0.413330	-160.825653	52.086974	0.566667	0.450000
0.685647	0.418373	-156.495407	51.262425	0.583333	0.450000
0.720569	0.424344	-152.432275	50.310044	0.600000	0.450000
0.754353	0.431141	-148.649276	49.255012	0.616667	0.450000
0.786894	0.438660	-145.147993	48.121712	0.633333	0.450000
0.818115	0.446792	-141.921392	46.932670	0.650000	0.450000
0.847966	0.455430	-138.956536	45.707942	0.666667	0.450000
0.876422	0.464474	-136.236858	44.464801	0.683333	0.450000
0.903478	0.473828	-133.743983	43.217725	0.700000	0.450000
0.929147	0.483405	-131.459017	41.978523	0.716667	0.450000
0.953457	0.493126	-129.363422	40.756584	0.733333	0.450000
0.976447	0.502922	-127.439538	39.559178	0.750000	0.450000
0.998164	0.512732	-125.670942	38.391748	0.766667	0.450000
1.018661	0.522505	-124.042570	37.258212	0.783333	0.450000
1.037996	0.532198	-122.540709	36.161233	0.800000	0.450000
1.056229	0.541775	-121.153010	35.102454	0.816667	0.450000
1.073420	0.551206	-119.868397	34.082715	0.833333	0.450000
1.089628	0.560467	-118.676955	33.102217	0.850000	0.450000
1.104912	0.569540	-117.569816	32.160661	0.866667	0.450000
1.119329	0.578412	-116.539098	31.257402	0.883333	0.450000
1.132933	0.587072	-115.577751	30.391492	0.900000	0.450000
1.145777	0.595513	-114.679487	29.561814	0.916667	0.450000
1.157908	0.603731	-113.838696	28.767104	0.933333	0.450000
1.169375	0.611724	-113.050368	28.006012	0.950000	0.450000
1.180220	0.619493	-112.310007	27.277147	0.966667	0.450000
1.190484	0.627037	-111.613589	26.579101	0.983333	0.450000
-1.000000	-1.000000	-180.000000	-90.000000	1.000000	0.450000
-1.000000	-1.000000	-180.000000	-90.000000	0.000000	0.433333
-0.196602	0.607186	110.313854	27.787693	0.016667	0.433333
-0.186312	0.599209	110.978254	28.519128	0.033333	0.433333
-0.175435	0.590994	111.685322	29.283061	0.050000	0.433333
-0.163928	0.582543	112.439067	30.080999	0.066667	0.433333
-0.151747	0.573854	113.243982	30.914464	0.083333	0.433333
-0.138846	0.564930	114.105103	31.784925	0.100000	0.433333
-0.125174	0.555775	115.028103	32.693777	0.116667	0.433333
-0.110679	0.546398	116.019361	33.642294	0.133333	0.433333
-0.095306	0.536809	117.086075	34.631565	0.150000	0.433333
-0.078997	0.527023	118.236371	35.662396	0.166667	0.433333
-0.061693	0.517060	119.479429	36.735249	0.183333	0.433333
-0.043334	0.506945	120.825611	37.850083	0.200000	0.433333
-0.023858	0.496709	122.286622	39.006229	0.216667	0.433333
-0.003206	0.486391	123.875635	40.202190	0.233333	0.433333
0.018680	0.476037	125.607458	41.435435	0.250000	0.433333
0.041853	0.465702	127.498606	42.702140	0.266667	0.433333
0.066361	0.455450	129.567389	43.996894	0.283333	0.433333
0.092244	0.445353	131.833840	45.312378	0.300000	0.433333
0.119527	0.435495	134.319508	46.639009	0.316667	0.433333
0.148223	0.425967	137.046980	47.964599	0.333333	0.433333
0.178328	0.416870	140.039034	49.274031	0.350000	0.433333
0.209813	0.408310	143.317259	50.549049	0.366667	0.433333
0.242628	0.400399	146.900048	51.768189	0.383333	0.433333
0.276696	0.393249	150.799802	52.907012	0.400000	0.433333
0.311909	0.386971	155.019498	53.938706	0.416667	0.433333
0.348132	0.381670	159.548819	54.835172	0.433333	0.433333
0.385204	0.377439	164.360585	55.568681	0.450000	0.433333
0.422937	0.374357	169.408468	56.113974	0.466667	0.433333
0.461122	0.372483	174.627177	56.450640	0.483333	0.433333
0.499537	0.371854	179.935900	56.565327	0.500000	0.433333
0.537952	0.372483	-174.754952	56.453364	0.516667	0.433333
0.576137	0.374357	-169.535032	56.119340	0.533333	0.433333
0.613870	0.377439	-164.485245	55.576533	0.550000	0.433333
0.650942	0.381670	-159.671069	54.845299	0.566667	0.433333
0.687165	0.386971	-155.139000	53.950862	0.583333	0.433333
0.722378	0.393249	-150.916405	52.920935	0.600000	0.433333
0.756446	0.400399	-147.013726	51.783617	0.616667	0.433333
0.789261	0.408310	-143.428103	50.565732	0.633333	0.433333
0.820746	0.416870	-140.147205	49.291743	0.650000	0.433333
0.850851	0.425967	-137.152676	47.983133	0.666667	0.433333
0.879547	0.435495	-134.422943	46.658185	0.683333	0.433333
0.906830	0.445353	-131.935238	45.332041	0.700000	0.433333
0.932713	0.455450	-129.666960	44.016908	0.716667	0.433333
0.957221	0.465702	-127.596536	42.722392	0.733333	0.433333
0.980394	0.476037	-125.703938	41.455829	0.750000	0.433333
1.002280	0.486391	-123.970837	40.222650	0.766667	0.433333
1.022932	0.496709	-122.380680	39.026686	0.783333	0.433333
1.042408	0.506945	-120.918656	37.870483	0.800000	0.433333
1.060767	0.517060	-119.571574	36.755545	0.816667	0.433333
1.078071	0.527023	-118.327717	35.682553	0.833333	0.433333
1.094380	0.536809	-117.176712	34.651552	0.850000	0.433333
1.109753	0.546398	-116.109369	33.662089	0.866667	0.433333
1.124248	0.555775	-115.117549	32.713360	0.883333	0.433333
1.137920	0.564930	-114.194042	31.804280	0.900000	0.433333
1.150821	0.573854	-113.332475	30.933582	0.916667	0.433333
1.163002	0.582543	-112.527155	30.099871	0.933333	0.433333
1.174509	0.590994	-111.773050	29.301681	0.950000	0.433333
1.185386	0.599209	-111.065660	28.537493	0.966667	0.433333
1.195676	0.607186	-110.400962	27.805798	0.983333	0.433333
-1.000000	-1.000000	-180.000000	-90.000000	1.000000	0.433333
-1.000000	-1.000000	-180.000000	-90.000000	0.000000	0.433333
-0.196602	0.607186	110.313854	27.787693	0.016667	0.433333
-0.186312	0.599209	110.978254	28.519128	0.033333	0.433333
-0.175435	0.590994	111.685322	29.283061	0.050000	0.433333
-0.163928	0.582543	112.439067	30.080999	0.066667	0.433333
-0.151747	0.573854	113.243982	30.914464	0.083333	0.433333
-0.138846	0.564930	114.105103	31.784925	0.100000	0.433333
-0.125174	0.555775	115.028103	32.693777	0.116667	0.433333
-0.110679	0.546398	116.019361	33.642294	0.133333	0.433333
-0.095306	0.536809	117.086075	34.631565	0.150000	0.433333
-0.078997	0.527023	118.236371	35.662396	0.166667	0.433333
-0.061693	0.517060	119.479429	36.735249	0.183333	0.433333
-0.043334	0.506945	120.825611	37.850083	0.200000	0.433333
-0.023858	0.496709	122.286622	39.006229	0.216667	0.433333
-0.003206	0.486391	123.875635	40.202190	0.233333	0.433333
0.018680	0.476037	125.607458	41.435435	0.250000	0.433333
0.041853	0.465702	127.498606	42.702140	0.266667	0.433333
0.066361	0.455450	129.567389	43.996894	0.283333	0.433333
0.092244	0.445353	131.833840	45.312378	0.300000	0.433333
0.119527	0.435495	134.319508	46.639009	0.316667	0.433333
0.148223	0.425967	137.046980	47.964599	0.333333	0.433333
0.178328	0.416870	140.039034	49.274031	0.350000	0.433333
0.209813	0.408310	143.317259	50.549049	0.366667	0.433333
0.242628	0.400399	146.900048	51.768189	0.383333	0.433333
0.276696	0.393249	150.799802	52.907012	0.400000	0.433333
0.311909	0.386971	155.019498	53.938706	0.416667	0.433333
0.348132	0.381670	159.548819	54.835172	0.433333	0.433333
0.385204	0.377439	164.360585	55.568681	0.450000	0.433333
0.422937	0.374357	169.408468	56.113974	0.466667	0.433333
0.461122	0.372483	174.627177	56.450640	0.483333	0.433333
0.499537	0.371854	179.935900	56.565327	0.500000	0.433333
0.537952	0.372483	-174.754952	56.453364	0.516667	0.433333
0.576137	0.374357	-169.535032	56.119340	0.533333	0.433333
0.613870	0.377439	-164.485245	55.576533	0.550000	0.433333
0.650942	0.381670	-159.671069	54.845299	0.566667	0.433333
0.687165	0.386971	-155.139000	53.950862	0.583333	0.433333
0.722378	0.393249	-150.916405	52.920935	0.600000	0.433333
0.756446	0.400399	-147.013726	51.783617	0.616667	0.433333
0.789261	0.408310	-143.428103	50.565732	0.633333	0.433333
0.820746	0.416870	-140.147205	49.291743	0.650000	0.433333
0.850851	0.425967	-137.152676	47.983133	0.666667	0.433333
0.879547	0.435495	-134.422943	46.658185	0.683333	0.433333
0.906830	0.445353	-131.935238	45.332041	0.700000	0.433333
0.932713	0.455450	-129.666960	44.016908	0.716667	0.433333
0.957221	0.465702	-127.596536	42.722392	0.733333	0.433333
0.980394	0.476037	-125.703938	41.455829	0.750000	0.433333
1.002280	0.486391	-123.970837	40.222650	0.766667	0.433333
1.022932	0.496709	-122.380680	39.026686	0.783333	0.433333
1.042408	0.506945	-120.918656	37.870483	0.800000	0.433333
1.060767	0.517060	-119.571574	36.755545	0.816667	0.433333
1.078071	0.527023	-118.327717	35.682553	0.833333	0.433333
1.094380	0.536809	-117.176712	34.651552	0.850000	0.433333
1.109753	0.546398	-116.109369	33.662089	0.866667	0.433333
1.124248	0.555775	-115.117549	32.713360	0.883333	0.433333
1.137920	0.564930	-114.194042	31.804280	0.900000	0.433333
1.150821	0.573854	-113.332475	30.933582	0.916667	0.433333
1.163002	0.582543	-112.527155	30.099871	0.933333	0.433333
1.174509	0.590994	-111.773050	29.301681	0.950000	0.433333
1.185386	0.599209	-111.065660	28.537493	0.966667	0.433333
1.195676	0.607186	-110.400962	27.805798	0.983333	0.433333
-1.000000	-1.000000	-180.000000	-90.000000	1.000000	0.433333
-1.000000	-1.000000	-180.000000	-90.000000	0.000000	0.416667
-1.000000	-1.000000	-180.000000	-90.000000	0.016667	0.416667
-0.191095	0.578895	109.712565	29.758192	0.033333	0.416667
-0.180172	0.570244	110.384665	30.555901	0.050000	0.416667
-0.168611	0.561344	111.101938	31.389270	0.066667	0.416667
-0.156369	0.552195	111.868857	32.259919	0.083333	0.416667
-0.143396	0.542801	112.690448	33.169431	0.100000	0.416667
-0.129644	0.533166	113.572403	34.119330	0.116667	0.416667
-0.115059	0.523300	114.521150	35.111021	0.133333	0.416667
-0.099584	0.513213	115.544001	36.145722	0.150000	0.416667
-0.083163	0.502922	116.649251	37.224399	0.166667	0.416667
-0.065735	0.492448	117.846339	38.347673	0.183333	0.416667
-0.047240	0.481819	119.146024	39.515659	0.200000	0.416667
-0.027617	0.471067	120.560566	40.727854	0.216667	0.416667
-0.006806	0.460234	122.103904	41.982936	0.233333	0.416667
0.015252	0.449367	123.791905	43.278528	0.250000	0.416667
0.038608	0.438526	125.642517	44.610943	0.266667	0.416667
0.063311	0.427777	127.675952	45.974868	0.283333	0.416667
0.089398	0.417198	129.914748	47.363014	0.300000	0.416667
0.116895	0.406874	132.383696	48.765716	0.316667	0.416667
0.145814	0.396902	135.109488	50.170533	0.333333	0.416667
0.176148	0.387386	138.119957	51.561855	0.350000	0.416667
0.207868	0.378437	141.442706	52.920589	0.366667	0.416667
0.240923	0.370171	145.102904	54.223979	0.383333	0.416667
0.275232	0.362705	149.120004	55.445728	0.400000	0.416667
0.310689	0.356153	153.503403	56.556538	0.416667	0.416667
0.347157	0.350622	158.247225	57.525206	0.433333	0.416667
0.384473	0.346209	163.325036	58.320439	0.450000	0.416667
0.422450	0.342996	168.685951	58.913302	0.466667	0.416667
0.460878	0.341042	174.253941	59.280118	0.483333	0.416667
0.499537	0.340387	179.931844	59.405253	0.500000	0.416667
0.538196	0.341042	-174.389686	59.283201	0.516667	0.416667
0.576624	0.342996	-168.820079	58.919364	0.533333	0.416667
0.614601	0.346209	-163.456661	58.329284	0.550000	0.416667
0.651917	0.350622	-158.375709	57.536574	0.566667	0.416667
0.688385	0.356153	-153.628373	56.570129	0.583333	0.416667
0.723842	0.362705	-149.241303	55.461228	0.600000	0.416667
0.758151	0.370171	-145.220581	54.241082	0.616667	0.416667
0.791206	0.378437	-141.556928	52.939010	0.633333	0.416667
0.822926	0.387386	-138.230960	51.581335	0.650000	0.416667
0.853260	0.396902	-135.217552	50.190844	0.666667	0.416667
0.882179	0.406874	-132.489116	48.786661	0.683333	0.416667
0.909676	0.417198	-130.017814	47.384428	0.700000	0.416667
0.935763	0.427777	-127.776922	45.996606	0.716667	0.416667
0.960466	0.438526	-125.741639	44.632887	0.733333	0.416667
0.983822	0.449367	-123.889397	43.300579	0.750000	0.416667
1.005880	0.460234	-122.199958	42.005011	0.766667	0.416667
1.026691	0.471067	-120.655357	40.749888	0.783333	0.416667
1.046314	0.481819	-119.239707	39.537597	0.800000	0.416667
1.064810	0.492448	-117.939039	38.369468	0.816667	0.416667
1.082237	0.502922	-116.741078	37.246016	0.833333	0.416667
1.098658	0.513213	-115.635062	36.167132	0.850000	0.416667
1.114133	0.523300	-114.611520	35.132199	0.866667	0.416667
1.128718	0.533166	-113.662170	34.140261	0.883333	0.416667
1.142471	0.542801	-112.779672	33.190100	0.900000	0.416667
1.155443	0.552195	-111.957600	32.280317	0.916667	0.416667
1.167685	0.561344	-111.190256	31.409389	0.933333	0.416667
1.179246	0.570244	-110.472593	30.575737	0.950000	0.416667
1.190169	0.578895	-109.800146	29.777741	0.966667	0.416667
-1.000000	-1.000000	-180.000000	-90.000000	0.983333	0.416667
-1.000000	-1.000000	-180.000000	-90.000000	1.000000	0.416667
-1.000000	-1.000000	-180.000000	-90.000000	0.000000	0.416667
-1.000000	-1.000000	-180.000000	-90.000000	0.016667	0.416667
-0.191095	0.578895	109.712565	29.758192	0.033333	0.416667
-0.180172	0.570244	110.384665	30.555901	0.050000	0.416667
-0.168611	0.561344	111.101938	31.389270	0.066667	0.416667
-0.156369	0.552195	111.868857	32.259919	0.083333	0.416667
-0.143396	0.542801	112.690448	33.169431	0.100000	0.416667
-0.129644	0.533166	113.572403	34.119330	0.116667	0.416667
-0.115059	0.523300	114.521150	35.111021	0.133333	0.416667
-0.099584	0.513213	115.544001	36.145722	0.150000	0.416667
-0.083163	0.502922	116.649251	37.224399	0.166667	0.416667
-0.065735	0.492448	117.846339	38.347673	0.183333	0.416667
-0.047240	0.481819	119.146024	39.515659	0.200000	0.416667
-0.027617	0.471067	120.560566	40.727854	0.216667	0.416667
-0.006806	0.460234	122.103904	41.982936	0.233333	0.416667
0.015252	0.449367	123.791905	43.278528	0.250000	0.416667
0.038608	0.438526	125.642517	44.610943	0.266667	0.416667
0.063311	0.427777	127.675952	45.974868	0.283333	0.416667
0.089398	0.417198	129.914748	47.363014	0.300000	0.416667
0.116895	0.406874	132.383696	48.765716	0.316667	0.416667
0.145814	0.396902	135.109488	50.170533	0.333333	0.416667
0.176148	0.387386	138.119957	51.561855	0.350000	0.416667
0.207868	0.378437	141.442706	52.920589	0.366667	0.416667
0.240923	0.370171	145.102904	54.223979	0.383333	0.416667
0.275232	0.362705	149.120004	55.445728	0.400000	0.416667
0.310689	0.356153	153.503403	56.556538	0.416667	0.416667
0.347157	0.350622	158.247225	57.525206	0.433333	0.416667
0.384473	0.346209	163.325036	58.320439	0.450000	0.416667
0.422450	0.342996	168.685951	58.913302	0.466667	0.416667
0.460878	0.341042	174.253941	59.280118	0.483333	0.416667
0.499537	0.340387	179.931844	59.405253	0.500000	0.416667
0.538196	0.341042	-174.389686	59.283201	0.516667	0.416667
0.576624	0.342996	-168.820079	58.919364	0.533333	0.416667
0.614601	0.346209	-163.456661	58.329284	0.550000	0.416667
0.651917	0.350622	-158.375709	57.536574	0.566667	0.416667
0.688385	0.356153	-153.628373	56.570129	0.583333	0.416667
0.723842	0.362705	-149.241303	55.461228	0.600000	0.416667
0.758151	0.370171	-145.220581	54.241082	0.616667	0.416667
0.791206	0.378437	-141.556928	52.939010	0.633333	0.416667
0.822926	0.387386	-138.230960	51.581335	0.650000	0.416667
0.853260	0.396902	-135.217552	50.190844	0.666667	0.416667
0.882179	0.406874	-132.489116	48.786661	0.683333	0.416667
0.909676	0.417198	-130.017814	47.384428	0.700000	0.416667
0.935763	0.427777	-127.776922	45.996606	0.716667	0.416667
0.960466	0.438526	-125.741639	44.632887	0.733333	0.416667
0.983822	0.449367	-123.889397	43.300579	0.750000	0.416667
1.005880	0.460234	-122.199958	42.005011	0.766667	0.416667
1.026691	0.471067	-120.655357	40.749888	0.783333	0.416667
1.046314	0.481819	-119.239707	39.537597	0.800000	0.416667
1.064810	0.492448	-117.939039	38.369468	0.816667	0.416667
1.082237	0.502922	-116.741078	37.246016	0.833333	0.416667
1.098658	0.513213	-115.635062	36.167132	0.850000	0.416667
1.114133	0.523300	-114.611520	35.132199	0.866667	0.416667
1.128718	0.533166	-113.662170	34.140261	0.883333	0.416667
1.142471	0.542801	-112.779672	33.190100	0.900000	0.416667
1.155443	0.552195	-111.957600	32.280317	0.916667	0.416667
1.167685	0.561344	-111.190256	31.409389	0.933333	0.416667
1.179246	0.570244	-110.472593	30.575737	0.950000	0.416667
1.190169	0.578895	-109.800146	29.777741	0.966667	0.416667
-1.000000	-1.000000	-180.000000	-90.000000	0.983333	0.416667
-1.000000	-1.000000	-180.000000	-90.000000	1.000000	0.416667
-1.000000	-1.000000	-180.000000	-90.000000	0.000000	0.400000
-1.000000	-1.000000	-180.000000	-90.000000	0.016667	0.400000
-0.195485	0.558588	108.426470	30.974543	0.033333	0.400000
-0.184502	0.549511	109.061634	31.804318	0.050000	0.400000
-0.172874	0.540175	109.740231	32.671251	0.066667	0.400000
-0.160557	0.530581	110.466663	33.577059	0.083333	0.400000
-0.147500	0.520732	111.245911	34.523424	0.100000	0.400000
-0.133655	0.510635	112.083630	35.511984	0.116667	0.400000
-0.118966	0.500298	112.986260	36.544253	0.133333	0.400000
-0.103379	0.489735	113.961140	37.621594	0.150000	0.400000
-0.086834	0.478963	115.016666	38.745111	0.166667	0.400000
-0.069273	0.468005	116.162470	39.915566	0.183333	0.400000
-0.050634	0.456890	117.409595	41.133255	0.200000	0.400000
-0.030856	0.445653	118.770756	42.397852	0.216667	0.400000
-0.009881	0.434337	120.260570	43.708211	0.233333	0.400000
0.012350	0.422994	121.895853	45.062162	0.250000	0.400000
0.035888	0.411685	123.695906	46.456207	0.266667	0.400000
0.060780	0.400479	125.682805	47.885210	0.283333	0.400000
0.087062	0.389458	127.881630	49.342017	0.300000	0.400000
0.114760	0.378712	130.320567	50.817028	0.316667	0.400000
0.143882	0.368339	133.030776	52.297725	0.333333	0.400000
0.174421	0.358449	136.045818	53.768203	0.350000	0.400000
0.206346	0.349154	139.400388	55.208742	0.366667	0.400000
0.239604	0.340575	143.128039	56.595490	0.383333	0.400000
0.274113	0.332831	147.257454	57.900424	0.400000	0.400000
0.309766	0.326040	151.807089	59.091753	0.416667	0.400000
0.346426	0.320310	156.778205	60.134980	0.433333	0.400000
0.383930	0.315741	162.147171	60.994823	0.450000	0.400000
0.422090	0.312414	167.859008	61.638067	0.466667	0.400000
0.460699	0.310392	173.824986	62.037090	0.483333	0.400000
0.499537	0.309714	179.927052	62.173443	0.500000	0.400000
0.538375	0.310392	-173.970120	62.040585	0.516667	0.400000
0.576984	0.312414	-168.001973	61.644923	0.533333	0.400000
0.615144	0.315741	-162.286815	61.004793	0.550000	0.400000
0.652648	0.320310	-156.913745	60.147740	0.566667	0.400000
0.689308	0.326040	-151.938111	59.106937	0.583333	0.400000
0.724961	0.332831	-147.383856	57.917656	0.600000	0.400000
0.759470	0.340575	-143.249959	56.614415	0.616667	0.400000
0.792728	0.349154	-139.518113	55.229033	0.633333	0.400000
0.824653	0.358449	-136.159701	53.789571	0.650000	0.400000
0.855192	0.368339	-133.141208	52.319920	0.666667	0.400000
0.884314	0.378712	-130.427935	50.839838	0.683333	0.400000
0.912012	0.389458	-127.986301	49.365264	0.700000	0.400000
0.938294	0.400479	-125.785110	47.908745	0.716667	0.400000
0.963186	0.411685	-123.796131	46.479905	0.733333	0.400000
0.986724	0.422994	-121.994276	45.085926	0.750000	0.400000
1.008955	0.434337	-120.357405	43.731954	0.766667	0.400000
1.029930	0.445653	-118.866206	42.421508	0.783333	0.400000
1.049708	0.456890	-117.503837	41.156771	0.800000	0.400000
1.068347	0.468005	-116.255648	39.938897	0.816667	0.400000
1.085908	0.478963	-115.108910	38.768221	0.833333	0.400000
1.102453	0.489735	-114.052560	37.644457	0.850000	0.400000
1.118040	0.500298	-113.076949	36.566846	0.866667	0.400000
1.132729	0.510635	-112.173669	35.534290	0.883333	0.400000
1.146574	0.520732	-111.335382	34.545433	0.900000	0.400000
1.159631	0.530581	-110.555623	33.598761	0.916667	0.400000
1.171949	0.540175	-109.828726	32.692639	0.933333	0.400000
1.183576	0.549511	-109.149726	31.825391	0.950000	0.400000
1.194559	0.558588	-108.514202	30.995299	0.966667	0.400000
-1.000000	-1.000000	-180.000000	-90.000000	0.983333	0.400000
-1.000000	-1.000000	-180.000000	-90.000000	1.000000	0.400000
-1.000000	-1.000000	-180.000000	-90.000000	0.000000	0.400000
-1.000000	-1.000000	-180.000000	-90.000000	0.016667	0.400000
-0.195485	0.558588	108.426470	30.974543	0.033333	0.400000
-0.184502	0.549511	109.061634	31.804318	0.050000	0.400000
-0.172874	0.540175	109.740231	32.671251	0.066667	0.400000
-0.160557	0.530581	110.466663	33.577059	0.083333	0.400000
-0.147500	0.520732	111.245911	34.523424	0.100000	0.400000
-0.133655	0.510635	112.083630	35.511984	0.116667	0.400000
-0.118966	0.500298	112.986260	36.544253	0.133333	0.400000
-0.103379	0.489735	113.961140	37.621594	0.150000	0.400000
-0.086834	0.478963	115.016666	38.745111	0.166667	0.400000
-0.069273	0.468005	116.162470	39.915566	0.183333	0.400000
-0.050634	0.456890	117.409595	41.133255	0.200000	0.400000
-0.030856	0.445653	118.770756	42.397852	0.216667	0.400000
-0.009881	0.434337	120.260570	43.708211	0.233333	0.400000
0.012350	0.422994	121.895853	45.062162	0.250000	0.400000
0.035888	0.411685	123.695906	46.456207	0.266667	0.400000
0.060780	0.400479	125.682805	47.885210	0.283333	0.400000
0.087062	0.389458	127.881630	49.342017	0.300000	0.400000
0.114760	0.378712	130.320567	50.817028	0.316667	0.400000
0.143882	0.368339	133.030776	52.297725	0.333333	0.400000
0.174421	0.358449	136.045818	53.768203	0.350000	0.400000
0.206346	0.349154	139.400388	55.208742	0.366667	0.400000
0.239604	0.340575	143.128039	56.595490	0.383333	0.400000
0.274113	0.332831	147.257454	57.900424	0.400000	0.400000
0.309766	0.326040	151.807089	59.091753	0.416667	0.400000
0.346426	0.320310	156.778205	60.134980	0.433333	0.400000
0.383930	0.315741	162.147171	60.994823	0.450000	0.400000
0.422090	0.312414	167.859008	61.638067	0.466667	0.400000
0.460699	0.310392	173.824986	62.037090	0.483333	0.400000
0.499537	0.309714	179.927052	62.173443	0.500000	0.400000
0.538375	0.310392	-173.970120	62.040585	0.516667	0.400000
0.576984	0.312414	-168.001973	61.644923	0.533333	0.400000
0.615144	0.315741	-162.286815	61.004793	0.550000	0.400000
0.652648	0.320310	-156.913745	60.147740	0.566667	0.400000
0.689308	0.326040	-151.938111	59.106937	0.583333	0.400000
0.724961	0.332831	-147.383856	57.917656	0.600000	0.400000
0.759470	0.340575	-143.249959	56.614415	0.616667	0.400000
0.792728	0.349154	-139.518113	55.229033	0.633333	0.400000
0.824653	0.358449	-136.159701	53.789571	0.650000	0.400000
0.855192	0.368339	-133.141208	52.319920	0.666667	0.400000
0.884314	0.378712	-130.427935	50.839838	0.683333	0.400000
0.912012	0.389458	-127.986301	49.365264	0.700000	0.400000
0.938294	0.400479	-125.785110	47.908745	0.716667	0.400000
0.963186	0.411685	-123.796131	46.479905	0.733333	0.400000
0.986724	0.422994	-121.994276	45.085926	0.750000	0.400000
1.008955	0.434337	-120.357405	43.731954	0.766667	0.400000
1.029930	0.445653	-118.866206	42.421508	0.783333	0.400000
1.049708	0.456890	-117.503837	41.156771	0.800000	0.400000
1.068347	0.468005	-116.255648	39.938897	0.816667	0.400000
1.085908	0.478963	-115.108910	38.768221	0.833333	0.400000
1.102453	0.489735	-114.052560	37.644457	0.850000	0.400000
1.118040	0.500298	-113.076949	36.566846	0.866667	0.400000
1.132729	0.510635	-112.173669	35.534290	0.883333	0.400000
1.146574	0.520732	-111.335382	34.545433	0.900000	0.400000
1.159631	0.530581	-110.555623	33.598761	0.916667	0.400000
1.171949	0.540175	-109.828726	32.692639	0.933333	0.400000
1.183576	0.549511	-109.149726	31.825391	0.950000	0.400000
1.194559	0.558588	-108.514202	30.995299	0.966667	0.400000
-1.000000	-1.000000	-180.000000	-90.000000	0.983333	0.400000
-1.000000	-1.000000	-180.000000	-90.000000	1.000000	0.400000
-1.000000	-1.000000	-180.000000	-90.000000	0.000000	0.383333
-1.000000	-1.000000	-180.000000	-90.000000	0.016667	0.383333
-0.199473	0.538321	107.120797	32.165764	0.033333	0.383333
-0.188418	0.528832	107.717097	33.025711	0.050000	0.383333
-0.176710	0.519075	108.354836	33.924146	0.066667	0.383333
-0.164304	0.509053	109.038318	34.862864	0.083333	0.383333
-0.151150	0.498769	109.772425	35.843642	0.100000	0.383333
-0.137199	0.488229	110.562734	36.868207	0.116667	0.383333
-0.122395	0.477445	111.415610	37.938186	0.133333	0.383333
-0.106683	0.466431	112.338365	39.055058	0.150000	0.383333
-0.090005	0.455205	113.339411	40.220053	0.166667	0.383333
-0.072300	0.443792	114.428459	41.434083	0.183333	0.383333
-0.053510	0.432222	115.616738	42.697607	0.200000	0.383333
-0.033573	0.420534	116.917290	44.010483	0.216667	0.383333
-0.012430	0.408773	118.345255	45.371775	0.233333	0.383333
0.009975	0.396992	119.918267	46.779537	0.250000	0.383333
0.033692	0.385256	121.656826	48.230523	0.266667	0.383333
0.058767	0.373638	123.584756	49.719853	0.283333	0.383333
0.085234	0.362221	125.729613	51.240626	0.300000	0.383333
0.113117	0.351098	128.123046	52.783454	0.316667	0.383333
0.142423	0.340372	130.800942	54.335941	0.333333	0.383333
0.173141	0.330153	133.803191	55.882130	0.350000	0.383333
0.205240	0.320559	137.172695	57.401939	0.366667	0.383333
0.238665	0.311711	140.953200	58.870684	0.383333	0.383333
0.273333	0.303731	145.185295	60.258820	0.400000	0.383333
0.309135	0.296736	149.899990	61.532131	0.416667	0.383333
0.345935	0.290839	155.109619	62.652642	0.433333	0.383333
0.383570	0.286139	160.796758	63.580607	0.450000	0.383333
0.421854	0.282719	166.903708	64.277757	0.466667	0.383333
0.460583	0.280641	173.326926	64.711625	0.483333	0.383333
0.499537	0.279944	179.921349	64.860193	0.500000	0.383333
0.538491	0.280641	-173.483192	64.715596	0.516667	0.383333
0.577220	0.282719	-167.057030	64.285526	0.533333	0.383333
0.615504	0.286139	-160.945633	63.591859	0.550000	0.383333
0.653139	0.290839	-155.253100	62.666969	0.566667	0.383333
0.689939	0.296736	-150.037660	61.549085	0.583333	0.383333
0.725741	0.303731	-145.317158	60.277956	0.600000	0.383333
0.760409	0.311711	-141.079548	58.891586	0.616667	0.383333
0.793834	0.320559	-137.293974	57.424238	0.633333	0.383333
0.825933	0.330153	-133.919927	55.905505	0.650000	0.383333
0.856651	0.340372	-130.913664	54.360123	0.666667	0.383333
0.885957	0.351098	-128.232259	52.808216	0.683333	0.383333
0.913840	0.362221	-125.835769	51.265782	0.700000	0.383333
0.940307	0.373638	-123.688267	49.745249	0.716667	0.383333
0.965382	0.385256	-121.758044	48.256034	0.733333	0.383333
0.989099	0.396992	-120.017503	46.805062	0.750000	0.383333
1.011504	0.408773	-118.442761	45.397228	0.766667	0.383333
1.032647	0.420534	-117.013303	44.035801	0.783333	0.383333
1.052584	0.432222	-115.711443	42.722734	0.800000	0.383333
1.071375	0.443792	-114.522029	41.458979	0.816667	0.383333
1.089079	0.455205	-113.431993	40.244686	0.833333	0.383333
1.105757	0.466431	-112.430065	39.079399	0.850000	0.383333
1.121469	0.477445	-111.506543	37.962217	0.866667	0.383333
1.136273	0.488229	-110.652987	36.891912	0.883333	0.383333
1.150224	0.498769	-109.862077	35.867012	0.900000	0.383333
1.163378	0.509053	-109.127440	34.885892	0.916667	0.383333
1.175784	0.519075	-108.443481	33.946826	0.933333	0.383333
1.187492	0.528832	-107.805310	33.048040	0.950000	0.383333
1.198547	0.538321	-107.208634	32.187744	0.966667	0.383333
-1.000000	-1.000000	-180.000000	-90.000000	0.983333	0.383333
-1.000000	-1.000000	-180.000000	-90.000000	1.000000	0.383333
-1.000000	-1.000000	-180.000000	-90.000000	0.000000	0.383333
-1.000000	-1.000000	-180.000000	-90.000000	0.016667	0.383333
-0.199473	0.538321	107.120797	32.165764	0.033333	0.383333
-0.188418	0.528832	107.717097	33.025711	0.050000	0.383333
-0.176710	0.519075	108.354836	33.924146	0.066667	0.383333
-0.164304	0.509053	109.038318	34.862864	0.083333	0.383333
-0.151150	0.498769	109.772425	35.843642	0.100000	0.383333
-0.137199	0.488229	110.562734	36.868207	0.116667	0.383333
-0.122395	0.477445	111.415610	37.938186	0.133333	0.383333
-0.106683	0.466431	112.338365	39.055058	0.150000	0.383333
-0.090005	0.455205	113.339411	40.220053	0.166667	0.383333
-0.072300	0.443792	114.428459	41.434083	0.183333	0.383333
-0.053510	0.432222	115.616738	42.697607	0.200000	0.383333
-0.033573	0.420534	116.917290	44.010483	0.216667	0.383333
-0.012430	0.408773	118.345255	45.371775	0.233333	0.383333
0.009975	0.396992	119.918267	46.779537	0.250000	0.383333
0.033692	0.385256	121.656826	48.230523	0.266667	0.383333
0.058767	0.373638	123.584756	49.719853	0.283333	0.383333
0.085234	0.362221	125.729613	51.240626	0.300000	0.383333
0.113117	0.351098	128.123046	52.783454	0.316667	0.383333
0.142423	0.340372	130.800942	54.335941	0.333333	0.383333
0.173141	0.330153	133.803191	55.882130	0.350000	0.383333
0.205240	0.320559	137.172695	57.401939	0.366667	0.383333
0.238665	0.311711	140.953200	58.870684	0.383333	0.383333
0.273333	0.303731	145.185295	60.258820	0.400000	0.383333
0.309135	0.296736	149.899990	61.532131	0.416667	0.383333
0.345935	0.290839	155.109619	62.652642	0.433333	0.383333
0.383570	0.286139	160.796758	63.580607	0.450000	0.383333
0.421854	0.282719	166.903708	64.277757	0.466667	0.383333
0.460583	0.280641	173.326926	64.711625	0.483333	0.383333
0.499537	0.279944	179.921349	64.860193	0.500000	0.383333
0.538491	0.280641	-173.483192	64.715596	0.516667	0.383333
0.577220	0.282719	-167.057030	64.285526	0.533333	0.383333
0.615504	0.286139	-160.945633	63.591859	0.550000	0.383333
0.653139	0.290839	-155.253100	62.666969	0.566667	0.383333
0.689939	0.296736	-150.037660	61.549085	0.583333	0.383333
0.725741	0.303731	-145.317158	60.277956	0.600000	0.383333
0.760409	0.311711	-141.079548	58.891586	0.616667	0.383333
0.793834	0.320559	-137.293974	57.424238	0.633333	0.383333
0.825933	0.330153	-133.919927	55.905505	0.650000	0.383333
0.856651	0.340372	-130.913664	54.360123	0.666667	0.383333
0.885957	0.351098	-128.232259	52.808216	0.683333	0.383333
0.913840	0.362221	-125.835769	51.265782	0.700000	0.383333
0.940307	0.373638	-123.688267	49.745249	0.716667	0.383333
0.965382	0.385256	-121.758044	48.256034	0.733333	0.383333
0.989099	0.396992	-120.017503	46.805062	0.750000	0.383333
1.011504	0.408773	-118.442761	45.397228	0.766667	0.383333
1.032647	0.420534	-117.013303	44.035801	0.783333	0.383333
1.052584	0.432222	-115.711443	42.722734	0.800000	0.383333
1.071375	0.443792	-114.522029	41.458979	0.816667	0.383333
1.089079	0.455205	-113.431993	40.244686	0.833333	0.383333
1.105757	0.466431	-112.430065	39.079399	0.850000	0.383333
1.121469	0.477445	-111.506543	37.962217	0.866667	0.383333
1.136273	0.488229	-110.652987	36.891912	0.883333	0.383333
1.150224	0.498769	-109.862077	35.867012	0.900000	0.383333
1.163378	0.509053	-109.127440	34.885892	0.916667	0.383333
1.175784	0.519075	-108.443481	33.946826	0.933333	0.383333
1.187492	0.528832	-107.805310	33.048040	0.950000	0.383333
1.198547	0.538321	-107.208634	32.187744	0.966667	0.383333
-1.000000	-1.000000	-180.000000	-90.000000	0.983333	0.383333
-1.000000	-1.000000	-180.000000	-90.000000	1.000000	0.383333
-1.000000	-1.000000	-180.000000	-90.000000	0.000000	0.366667
-1.000000	-1.000000	-180.000000	-90.000000	0.016667	0.366667
-1.000000	-1.000000	-180.000000	-90.000000	0.033333	0.366667
-0.191914	0.508244	106.352045	34.217675	0.050000	0.366667
-0.180114	0.498084	106.946800	35.145375	0.066667	0.366667
-0.167606	0.487653	107.584915	36.114574	0.083333	0.366667
-0.154343	0.476953	108.271127	37.127118	0.100000	0.366667
-0.140273	0.465995	109.010869	38.184819	0.116667	0.366667
-0.125343	0.454789	109.810378	39.289388	0.133333	0.366667
-0.109496	0.443350	110.676853	40.442405	0.150000	0.366667
-0.092674	0.431700	111.618617	41.645222	0.166667	0.366667
-0.074819	0.419864	112.645355	42.898888	0.183333	0.366667
-0.055870	0.407875	113.768347	44.204015	0.200000	0.366667
-0.035769	0.395773	115.000797	45.560654	0.216667	0.366667
-0.014457	0.383606	116.358200	46.968086	0.233333	0.366667
0.008121	0.371430	117.858796	48.424627	0.250000	0.366667
0.032014	0.359312	119.524076	49.927321	0.266667	0.366667
0.057264	0.347327	121.379390	51.471633	0.283333	0.366667
0.083904	0.335562	123.454594	53.051026	0.300000	0.366667
0.111956	0.324111	125.784702	54.656488	0.316667	0.366667
0.141424	0.313080	128.410438	56.275963	0.333333	0.366667
0.172297	0.302582	131.378466	57.893709	0.350000	0.366667
0.204539	0.292735	134.740938	59.489608	0.366667	0.366667
0.238094	0.283662	138.553739	61.038488	0.383333	0.366667
0.272879	0.275487	142.872507	62.509595	0.400000	0.366667
0.308784	0.268327	147.745374	63.866446	0.416667	0.366667
0.345673	0.262296	153.201376	65.067472	0.433333	0.366667
0.383386	0.257491	159.234816	66.067929	0.450000	0.366667
0.421738	0.253997	165.788381	66.823510	0.466667	0.366667
0.460526	0.251874	172.741745	67.295675	0.483333	0.366667
0.499537	0.251162	179.914502	67.457780	0.500000	0.366667
0.538548	0.251874	-172.911303	67.300202	0.516667	0.366667
0.577337	0.253997	-165.953885	66.832338	0.533333	0.366667
0.615688	0.257491	-159.394316	66.080650	0.550000	0.366667
0.653401	0.262296	-153.353753	65.083570	0.566667	0.366667
0.690290	0.268327	-147.890261	63.885372	0.583333	0.366667
0.726195	0.275487	-143.010112	62.530820	0.600000	0.366667
0.760980	0.283662	-138.684585	61.061531	0.616667	0.366667
0.794535	0.292735	-134.865727	59.514055	0.633333	0.366667
0.826777	0.302582	-131.497930	57.919211	0.650000	0.366667
0.857650	0.313080	-128.525280	56.302230	0.666667	0.366667
0.887118	0.324111	-125.895572	54.683285	0.683333	0.366667
0.915170	0.335562	-123.562054	53.078160	0.700000	0.366667
0.941810	0.347327	-121.483928	51.498947	0.716667	0.366667
0.967060	0.359312	-119.626119	49.954694	0.733333	0.366667
0.990953	0.371430	-117.958679	48.451951	0.750000	0.366667
1.013531	0.383606	-116.456237	46.995286	0.766667	0.366667
1.034843	0.395773	-115.097240	45.587664	0.783333	0.366667
1.054945	0.407875	-113.863411	44.230785	0.800000	0.366667
1.073893	0.419864	-112.739218	42.925377	0.816667	0.366667
1.091748	0.431700	-111.711431	41.671398	0.833333	0.366667
1.108570	0.443350	-110.768759	40.468247	0.850000	0.366667
1.124417	0.454789	-109.901473	39.314874	0.866667	0.366667
1.139347	0.465995	-109.101261	38.209941	0.883333	0.366667
1.153417	0.476953	-108.360894	37.151865	0.900000	0.366667
1.166680	0.487653	-107.674128	36.138939	0.916667	0.366667
1.179188	0.498084	-107.035532	35.169361	0.933333	0.366667
1.190988	0.508244	-106.440338	34.241277	0.950000	0.366667
-1.000000	-1.000000	-180.000000	-90.000000	0.966667	0.366667
-1.000000	-1.000000	-180.000000	-90.000000	0.983333	0.366667
-1.000000	-1.000000	-180.000000	-90.000000	1.000000	0.366667
-1.000000	-1.000000	-180.000000	-90.000000	0.000000	0.366667
-1.000000	-1.000000	-180.000000	-90.000000	0.016667	0.366667
-1.000000	-1.000000	-180.000000	-90.000000	0.033333	0.366667
-0.191914	0.508244	106.352045	34.217675	0.050000	0.366667
-0.180114	0.498084	106.946800	35.145375	0.066667	0.366667
-0.167606	0.487653	107.584915	36.114574	0.083333	0.366667
-0.154343	0.476953	108.271127	37.127118	0.100000	0.366667
-0.140273	0.465995	109.010869	38.184819	0.116667	0.366667
-0.125343	0.454789	109.810378	39.289388	0.133333	0.366667
-0.109496	0.443350	110.676853	40.442405	0.150000	0.366667
-0.092674	0.431700	111.618617	41.645222	0.166667	0.366667
-0.074819	0.419864	112.645355	42.898888	0.183333	0.366667
-0.055870	0.407875	113.768347	44.204015	0.200000	0.366667
-0.035769	0.395773	115.000797	45.560654	0.216667	0.366667
-0.014457	0.383606	116.358200	46.968086	0.233333	0.366667
0.008121	0.371430	117.858796	48.424627	0.250000	0.366667
0.032014	0.359312	119.524076	49.927321	0.266667	0.366667
0.057264	0.347327	121.379390	51.471633	0.283333	0.366667
0.083904	0.335562	123.454594	53.051026	0.300000	0.366667
0.111956	0.324111	125.784702	54.656488	0.316667	0.366667
0.141424	0.313080	128.410438	56.275963	0.333333	0.366667
0.172297	0.302582	131.378466	57.893709	0.350000	0.366667
0.204539	0.292735	134.740938	59.489608	0.366667	0.366667
0.238094	0.283662	138.553739	61.038488	0.383333	0.366667
0.272879	0.275487	142.872507	62.509595	0.400000	0.366667
0.308784	0.268327	147.745374	63.866446	0.416667	0.366667
0.345673	0.262296	153.201376	65.067472	0.433333	0.366667
0.383386	0.257491	159.234816	66.067929	0.450000	0.366667
0.421738	0.253997	165.788381	66.823510	0.466667	0.366667
0.460526	0.251874	172.741745	67.295675	0.483333	0.366667
0.499537	0.251162	179.914502	67.457780	0.500000	0.366667
0.538548	0.251874	-172.911303	67.300202	0.516667	0.366667
0.577337	0.253997	-165.953885	66.832338	0.533333	0.366667
0.615688	0.257491	-159.394316	66.080650	0.550000	0.366667
0.653401	0.262296	-153.353753	65.083570	0.566667	0.366667
0.690290	0.268327	-147.890261	63.885372	0.583333	0.366667
0.726195	0.275487	-143.010112	62.530820	0.600000	0.366667
0.760980	0.283662	-138.684585	61.061531	0.616667	0.366667
0.794535	0.292735	-134.865727	59.514055	0.633333	0.366667
0.826777	0.302582	-131.497930	57.919211	0.650000	0.366667
0.857650	0.313080	-128.525280	56.302230	0.666667	0.366667
0.887118	0.324111	-125.895572	54.683285	0.683333	0.366667
0.915170	0.335562	-123.562054	53.078160	0.700000	0.366667
0.941810	0.347327	-121.483928	51.498947	0.716667	0.366667
0.967060	0.359312	-119.626119	49.954694	0.733333	0.366667
0.990953	0.371430	-117.958679	48.451951	0.750000	0.366667
1.013531	0.383606	-116.456237	46.995286	0.766667	0.366667
1.034843	0.395773	-115.097240	45.587664	0.783333	0.366667
1.054945	0.407875	-113.863411	44.230785	0.800000	0.366667
1.073893	0.419864	-112.739218	42.925377	0.816667	0.366667
1.091748	0.431700	-111.711431	41.671398	0.833333	0.366667
1.108570	0.443350	-110.768759	40.468247	0.850000	0.366667
1.124417	0.454789	-109.901473	39.314874	0.866667	0.366667
1.139347	0.465995	-109.101261	38.209941	0.883333	0.366667
1.153417	0.476953	-108.360894	37.151865	0.900000	0.366667
1.166680	0.487653	-107.674128	36.138939	0.916667	0.366667
1.179188	0.498084	-107.035532	35.169361	0.933333	0.366667
1.190988	0.508244	-106.440338	34.241277	0.950000	0.366667
-1.000000	-1.000000	-180.000000	-90.000000	0.966667	0.366667
-1.000000	-1.000000	-180.000000	-90.000000	0.983333	0.366667
-1.000000	-1.000000	-180.000000	-90.000000	1.000000	0.366667
-1.000000	-1.000000	-180.000000	-90.000000	0.000000	0.350000
-1.000000	-1.000000	-180.000000	-90.000000	0.016667	0.350000
-1.000000	-1.000000	-180.000000	-90.000000	0.033333	0.350000
-0.194989	0.487783	104.967585	35.378046	0.050000	0.350000
-0.183083	0.477239	105.517305	36.332627	0.066667	0.350000
-0.170463	0.466418	106.107705	37.329716	0.083333	0.350000
-0.157078	0.455327	106.743338	38.371209	0.100000	0.350000
-0.142879	0.443975	107.429432	39.458978	0.116667	0.350000
-0.127812	0.432374	108.172019	40.594813	0.133333	0.350000
-0.111820	0.420541	108.978095	41.780372	0.150000	0.350000
-0.094847	0.408498	109.855798	43.017111	0.166667	0.350000
-0.076834	0.396274	110.814650	44.306201	0.183333	0.350000
-0.057722	0.383903	111.865828	45.648407	0.200000	0.350000
-0.037453	0.371427	113.022521	47.043960	0.216667	0.350000
-0.015971	0.358896	114.300353	48.492370	0.233333	0.350000
0.006778	0.346369	115.717912	49.992233	0.250000	0.350000
0.030840	0.333914	117.297380	51.540940	0.266667	0.350000
0.056257	0.321610	119.065311	53.134361	0.283333	0.350000
0.083058	0.309544	121.053530	54.766437	0.300000	0.350000
0.111262	0.297815	123.300130	56.428697	0.316667	0.350000
0.140871	0.286529	125.850526	58.109646	0.333333	0.350000
0.171871	0.275800	128.758357	59.794060	0.350000	0.350000
0.204225	0.265748	132.085825	61.462167	0.366667	0.350000
0.237875	0.256495	135.902842	63.088747	0.383333	0.350000
0.272736	0.248166	140.283642	64.642260	0.400000	0.350000
0.308700	0.240879	145.299207	66.084283	0.416667	0.350000
0.345631	0.234744	151.003199	67.369649	0.433333	0.350000
0.383369	0.229860	157.410441	68.448058	0.450000	0.350000
0.421734	0.226310	164.470290	69.267949	0.466667	0.350000
0.460527	0.224154	172.044611	69.783015	0.483333	0.350000
0.499537	0.223432	179.906186	69.960442	0.500000	0.350000
0.538547	0.224154	-172.230198	69.788202	0.516667	0.350000
0.577340	0.226310	-164.650214	69.278020	0.533333	0.350000
0.615705	0.229860	-157.582156	68.462476	0.550000	0.350000
0.653443	0.234744	-151.165439	67.387758	0.566667	0.350000
0.690374	0.240879	-145.451788	66.105405	0.583333	0.350000
0.726338	0.248166	-140.427112	64.665770	0.600000	0.350000
0.761199	0.256495	-136.038099	63.114096	0.616667	0.350000
0.794849	0.265748	-132.213912	61.488900	0.633333	0.350000
0.827203	0.275800	-128.880275	59.821797	0.650000	0.350000
0.858203	0.286529	-125.967212	58.138088	0.666667	0.350000
0.887812	0.297815	-123.412375	56.457598	0.683333	0.350000
0.916016	0.309544	-121.162028	54.795606	0.700000	0.350000
0.942817	0.321610	-119.170637	53.163641	0.716667	0.350000
0.968234	0.333914	-117.400020	51.570211	0.733333	0.350000
0.992296	0.346369	-115.818258	50.021394	0.750000	0.350000
1.015045	0.358896	-114.398742	48.521343	0.766667	0.350000
1.036527	0.371427	-113.119232	47.072685	0.783333	0.350000
1.056796	0.383903	-111.961101	45.676839	0.800000	0.350000
1.075908	0.396274	-110.908671	44.334299	0.816667	0.350000
1.093921	0.408498	-109.948733	43.044848	0.833333	0.350000
1.110894	0.420541	-109.070089	41.807728	0.850000	0.350000
1.126886	0.432374	-108.263195	40.621773	0.866667	0.350000
1.141953	0.443975	-107.519878	39.485528	0.883333	0.350000
1.156152	0.455327	-106.833150	38.397346	0.900000	0.350000
1.169537	0.466418	-106.196949	37.355434	0.916667	0.350000
1.182157	0.477239	-105.606054	36.357928	0.933333	0.350000
1.194063	0.487783	-105.055889	35.402930	0.950000	0.350000
-1.000000	-1.000000	-180.000000	-90.000000	0.966667	0.350000
-1.000000	-1.000000	-180.000000	-90.000000	0.983333	0.350000
-1.000000	-1.000000	-180.000000	-90.000000	1.000000	0.350000
-1.000000	-1.000000	-180.000000	-90.000000	0.000000	0.350000
-1.000000	-1.000000	-180.000000	-90.000000	0.016667	0.350000
-1.000000	-1.000000	-180.000000	-90.000000	0.033333	0.350000
-0.194989	0.487783	104.967585	35.378046	0.050000	0.350000
-0.183083	0.477239	105.517305	36.332627	0.066667	0.350000
-0.170463	0.466418	106.107705	37.329716	0.083333	0.350000
-0.157078	0.455327	106.743338	38.371209	0.100000	0.350000
-0.142879	0.443975	107.429432	39.458978	0.116667	0.350000
-0.127812	0.432374	108.172019	40.594813	0.133333	0.350000
-0.111820	0.420541	108.978095	41.780372	0.150000	0.350000
-0.094847	0.408498	109.855798	43.017111	0.166667	0.350000
-0.076834	0.396274	110.814650	44.306201	0.183333	0.350000
-0.057722	0.383903	111.865828	45.648407	0.200000	0.350000
-0.037453	0.371427	113.022521	47.043960	0.216667	0.350000
-0.015971	0.358896	114.300353	48.492370	0.233333	0.350000
0.006778	0.346369	115.717912	49.992233	0.250000	0.350000
0.030840	0.333914	117.297380	51.540940	0.266667	0.350000
0.056257	0.321610	119.065311	53.134361	0.283333	0.350000
0.083058	0.309544	121.053530	54.766437	0.300000	0.350000
0.111262	0.297815	123.300130	56.428697	0.316667	0.350000
0.140871	0.286529	125.850526	58.109646	0.333333	0.350000
0.171871	0.275800	128.758357	59.794060	0.350000	0.350000
0.204225	0.265748	132.085825	61.462167	0.366667	0.350000
0.237875	0.256495	135.902842	63.088747	0.383333	0.350000
0.272736	0.248166	140.283642	64.642260	0.400000	0.350000
0.308700	0.240879	145.299207	66.084283	0.416667	0.350000
0.345631	0.234744	151.003199	67.369649	0.433333	0.350000
0.383369	0.229860	157.410441	68.448058	0.450000	0.350000
0.421734	0.226310	164.470290	69.267949	0.466667	0.350000
0.460527	0.224154	172.044611	69.783015	0.483333	0.350000
0.499537	0.223432	179.906186	69.960442	0.500000	0.350000
0.538547	0.224154	-172.230198	69.788202	0.516667	0.350000
0.577340	0.226310	-164.650214	69.278020	0.533333	0.350000
0.615705	0.229860	-157.582156	68.462476	0.550000	0.350000
0.653443	0.234744	-151.165439	67.387758	0.566667	0.350000
0.690374	0.240879	-145.451788	66.105405	0.583333	0.350000
0.726338	0.248166	-140.427112	64.665770	0.600000	0.350000
0.761199	0.256495	-136.038099	63.114096	0.616667	0.350000
0.794849	0.265748	-132.213912	61.488900	0.633333	0.350000
0.827203	0.275800	-128.880275	59.821797	0.650000	0.350000
0.858203	0.286529	-125.967212	58.138088	0.666667	0.350000
0.887812	0.297815	-123.412375	56.457598	0.683333	0.350000
0.916016	0.309544	-121.162028	54.795606	0.700000	0.350000
0.942817	0.321610	-119.170637	53.163641	0.716667	0.350000
0.968234	0.333914	-117.400020	51.570211	0.733333	0.350000
0.992296	0.346369	-115.818258	50.021394	0.750000	0.350000
1.015045	0.358896	-114.398742	48.521343	0.766667	0.350000
1.036527	0.371427	-113.119232	47.072685	0.783333	0.350000
1.056796	0.383903	-111.961101	45.676839	0.800000	0.350000
1.075908	0.396274	-110.908671	44.334299	0.816667	0.350000
1.093921	0.408498	-109.948733	43.044848	0.833333	0.350000
1.110894	0.420541	-109.070089	41.807728	0.850000	0.350000
1.126886	0.432374	-108.263195	40.621773	0.866667	0.350000
1.141953	0.443975	-107.519878	39.485528	0.883333	0.350000
1.156152	0.455327	-106.833150	38.397346	0.900000	0.350000
1.169537	0.466418	-106.196949	37.355434	0.916667	0.350000
1.182157	0.477239	-105.606054	36.357928	0.933333	0.350000
1.194063	0.487783	-105.055889	35.402930	0.950000	0.350000
-1.000000	-1.000000	-180.000000	-90.000000	0.966667	0.350000
-1.000000	-1.000000	-180.000000	-90.000000	0.983333	0.350000
-1.000000	-1.000000	-180.000000	-90.000000	1.000000	0.350000
-1.000000	-1.000000	-180.000000	-90.000000	0.000000	0.333333
-1.000000	-1.000000	-180.000000	-90.000000	0.016667	0.333333
-1.000000	-1.000000	-180.000000	-90.000000	0.033333	0.333333
-0.197643	0.467480	103.564957	36.504895	0.050000	0.333333
-0.185620	0.456572	104.067673	37.483856	0.066667	0.333333
-0.172875	0.445386	104.608115	38.506113	0.083333	0.333333
-0.159359	0.433929	105.190585	39.573600	0.100000	0.333333
-0.145020	0.422209	105.820048	40.688233	0.116667	0.333333
-0.129806	0.410242	106.502256	41.851848	0.133333	0.333333
-0.113662	0.398046	107.243912	43.066175	0.150000	0.333333
-0.096530	0.385645	108.052852	44.332746	0.166667	0.333333
-0.078354	0.373069	108.938299	45.652843	0.183333	0.333333
-0.059075	0.360354	109.911153	47.027362	0.200000	0.333333
-0.038637	0.347544	110.984375	48.456717	0.216667	0.333333
-0.016985	0.334692	112.173458	49.940648	0.233333	0.333333
0.005931	0.321859	113.497027	51.478040	0.250000	0.333333
0.030156	0.309114	114.977571	53.066663	0.266667	0.333333
0.055729	0.296539	116.642406	54.702857	0.283333	0.333333
0.082677	0.284223	118.524811	56.381143	0.300000	0.333333
0.111014	0.272264	120.665433	58.093739	0.316667	0.333333
0.140743	0.260772	123.113916	59.829939	0.333333	0.333333
0.171843	0.249860	125.930633	61.575358	0.350000	0.333333
0.204279	0.239648	129.188215	63.310989	0.366667	0.333333
0.237989	0.230260	132.972132	65.012093	0.383333	0.333333
0.272888	0.221817	137.378856	66.646956	0.400000	0.333333
0.308867	0.214437	142.509048	68.175733	0.416667	0.333333
0.345793	0.208230	148.451836	69.549865	0.433333	0.333333
0.383508	0.203292	155.256308	70.713017	0.450000	0.333333
0.421835	0.199704	162.890526	71.604890	0.466667	0.333333
0.460580	0.197526	171.200326	72.169076	0.483333	0.333333
0.499537	0.196796	179.895937	72.364275	0.500000	0.333333
0.538494	0.197526	-171.405501	72.175059	0.516667	0.333333
0.577239	0.199704	-163.087616	71.616437	0.533333	0.333333
0.615566	0.203292	-155.441996	70.729410	0.550000	0.333333
0.653281	0.208230	-148.624838	69.570260	0.566667	0.333333
0.690207	0.214437	-142.669604	68.199301	0.583333	0.333333
0.726186	0.221817	-137.528080	66.672960	0.600000	0.333333
0.761086	0.230260	-133.111486	65.039917	0.616667	0.333333
0.794795	0.239648	-129.319186	63.340135	0.633333	0.333333
0.827231	0.249860	-126.054577	61.605430	0.650000	0.333333
0.858331	0.260772	-123.232011	59.860629	0.666667	0.333333
0.888060	0.272264	-120.778667	58.124803	0.683333	0.333333
0.916398	0.284223	-118.633991	56.412390	0.700000	0.333333
0.943345	0.296539	-116.748198	54.734135	0.716667	0.333333
0.968918	0.309114	-115.080520	53.097856	0.733333	0.333333
0.993143	0.321859	-113.597577	51.509054	0.750000	0.333333
1.016059	0.334692	-112.271974	49.971410	0.766667	0.333333
1.037711	0.347544	-111.081169	48.487174	0.783333	0.333333
1.058149	0.360354	-110.006459	47.057465	0.800000	0.333333
1.077428	0.373069	-109.032325	45.682559	0.816667	0.333333
1.095604	0.385645	-108.145785	44.362055	0.833333	0.333333
1.112736	0.398046	-107.335887	43.095055	0.850000	0.333333
1.128880	0.410242	-106.593392	41.880286	0.866667	0.333333
1.144094	0.422209	-105.910451	40.716220	0.883333	0.333333
1.158433	0.433929	-105.280354	39.601136	0.900000	0.333333
1.171949	0.445386	-104.697312	38.533192	0.916667	0.333333
1.184694	0.456572	-104.156371	37.510481	0.933333	0.333333
1.196717	0.467480	-103.653216	36.531070	0.950000	0.333333
-1.000000	-1.000000	-180.000000	-90.000000	0.966667	0.333333
-1.000000	-1.000000	-180.000000	-90.000000	0.983333	0.333333
-1.000000	-1.000000	-180.000000	-90.000000	1.000000	0.333333
-1.000000	-1.000000	-180.000000	-90.000000	0.000000	0.333333
-1.000000	-1.000000	-180.000000	-90.000000	0.016667	0.333333
-1.000000	-1.000000	-180.000000	-90.000000	0.033333	0.333333
-0.197643	0.467480	103.564957	36.504895	0.050000	0.333333
-0.185620	0.456572	104.067673	37.483856	0.066667	0.333333
-0.172875	0.445386	104.608115	38.506113	0.083333	0.333333
-0.159359	0.433929	105.190585	39.573600	0.100000	0.333333
-0.145020	0.422209	105.820048	40.688233	0.116667	0.333333
-0.129806	0.410242	106.502256	41.851848	0.133333	0.333333
-0.113662	0.398046	107.243912	43.066175	0.150000	0.333333
-0.096530	0.385645	108.052852	44.332746	0.166667	0.333333
-0.078354	0.373069	108.938299	45.652843	0.183333	0.333333
-0.059075	0.360354	109.911153	47.027362	0.200000	0.333333
-0.038637	0.347544	110.984375	48.456717	0.216667	0.333333
-0.016985	0.334692	112.173458	49.940648	0.233333	0.333333
0.005931	0.321859	113.497027	51.478040	0.250000	0.333333
0.030156	0.309114	114.977571	53.066663	0.266667	0.333333
0.055729	0.296539	116.642406	54.702857	0.283333	0.333333
0.082677	0.284223	118.524811	56.381143	0.300000	0.333333
0.111014	0.272264	120.665433	58.093739	0.316667	0.333333
0.140743	0.260772	123.113916	59.829939	0.333333	0.333333
0.171843	0.249860	125.930633	61.575358	0.350000	0.333333
0.204279	0.239648	129.188215	63.310989	0.366667	0.333333
0.237989	0.230260	132.972132	65.012093	0.383333	0.333333
0.272888	0.221817	137.378856	66.646956	0.400000	0.333333
0.308867	0.214437	142.509048	68.175733	0.416667	0.333333
0.345793	0.208230	148.451836	69.549865	0.433333	0.333333
0.383508	0.203292	155.256308	70.713017	0.450000	0.333333
0.421835	0.199704	162.890526	71.604890	0.466667	0.333333
0.460580	0.197526	171.200326	72.169076	0.483333	0.333333
0.499537	0.196796	179.895937	72.364275	0.500000	0.333333
0.538494	0.197526	-171.405501	72.175059	0.516667	0.333333
0.577239	0.199704	-163.087616	71.616437	0.533333	0.333333
0.615566	0.203292	-155.441996	70.729410	0.550000	0.333333
0.653281	0.208230	-148.624838	69.570260	0.566667	0.333333
0.690207	0.214437	-142.669604	68.199301	0.583333	0.333333
0.726186	0.221817	-137.528080	66.672960	0.600000	0.333333
0.761086	0.230260	-133.111486	65.039917	0.616667	0.333333
0.794795	0.239648	-129.319186	63.340135	0.633333	0.333333
0.827231	0.249860	-126.054577	61.605430	0.650000	0.333333
0.858331	0.260772	-123.232011	59.860629	0.666667	0.333333
0.888060	0.272264	-120.778667	58.124803	0.683333	0.333333
0.916398	0.284223	-118.633991	56.412390	0.700000	0.333333
0.943345	0.296539	-116.748198	54.734135	0.716667	0.333333
0.968918	0.309114	-115.080520	53.097856	0.733333	0.333333
0.993143	0.321859	-113.597577	51.509054	0.750000	0.333333
1.016059	0.334692	-112.271974	49.971410	0.766667	0.333333
1.037711	0.347544	-111.081169	48.487174	0.783333	0.333333
1.058149	0.360354	-110.006459	47.057465	0.800000	0.333333
1.077428	0.373069	-109.032325	45.682559	0.816667	0.333333
1.095604	0.385645	-108.145785	44.362055	0.833333	0.333333
1.112736	0.398046	-107.335887	43.095055	0.850000	0.333333
1.128880	0.410242	-106.593392	41.880286	0.866667	0.333333
1.144094	0.422209	-105.910451	40.716220	0.883333	0.333333
1.158433	0.433929	-105.280354	39.601136	0.900000	0.333333
1.171949	0.445386	-104.697312	38.533192	0.916667	0.333333
1.184694	0.456572	-104.156371	37.510481	0.933333	0.333333
1.196717	0.467480	-103.653216	36.531070	0.950000	0.333333
-1.000000	-1.000000	-180.000000	-90.000000	0.966667	0.333333
-1.000000	-1.000000	-180.000000	-90.000000	0.983333	0.333333
-1.000000	-1.000000	-180.000000	-90.000000	1.000000	0.333333
-1.000000	-1.000000	-180.000000	-90.000000	0.000000	0.316667
-1.000000	-1.000000	-180.000000	-90.000000	0.016667	0.316667
-1.000000	-1.000000	-180.000000	-90.000000	0.033333	0.316667
-0.199878	0.447366	102.145515	37.596541	0.050000	0.316667
-0.187728	0.436118	102.599377	38.597293	0.066667	0.316667
-0.174848	0.424591	103.087732	39.641907	0.083333	0.316667
-0.161190	0.412793	103.614585	40.732335	0.100000	0.316667
-0.146704	0.400735	104.184576	41.870515	0.116667	0.316667
-0.131335	0.388432	104.803098	43.058316	0.133333	0.316667
-0.115031	0.375906	105.476462	44.297510	0.150000	0.316667
-0.097735	0.363181	106.212089	45.589691	0.166667	0.316667
-0.079391	0.350290	107.018751	46.936225	0.183333	0.316667
-0.059943	0.337271	107.906883	48.338133	0.200000	0.316667
-0.039336	0.324169	108.888993	49.795988	0.216667	0.316667
-0.017518	0.311039	109.980142	51.309755	0.233333	0.316667
0.005560	0.297944	111.198624	52.878619	0.250000	0.316667
0.029940	0.284957	112.566776	54.500743	0.266667	0.316667
0.055658	0.272158	114.112101	56.172982	0.283333	0.316667
0.082737	0.259639	115.868631	57.890522	0.300000	0.316667
0.111190	0.247500	117.878765	59.646400	0.316667	0.316667
0.141015	0.235848	120.195487	61.430909	0.333333	0.316667
0.172190	0.224800	122.885112	63.230816	0.350000	0.316667
0.204677	0.214474	126.030311	65.028338	0.366667	0.316667
0.238413	0.204991	129.732853	66.799837	0.383333	0.316667
0.273312	0.196472	134.114583	68.514192	0.400000	0.316667
0.309267	0.189034	139.313345	70.130960	0.416667	0.316667
0.346145	0.182782	145.467789	71.598756	0.433333	0.316667
0.383792	0.177813	152.682303	72.854960	0.450000	0.316667
0.422034	0.174204	160.965967	73.828847	0.466667	0.316667
0.460683	0.172015	170.157391	74.450658	0.483333	0.316667
0.499537	0.171281	179.883066	74.667063	0.500000	0.316667
0.538391	0.172015	-170.386847	74.457616	0.516667	0.316667
0.577040	0.174204	-161.183582	73.842169	0.533333	0.316667
0.615282	0.177813	-152.883858	72.873670	0.550000	0.316667
0.652929	0.182782	-145.652255	71.621760	0.566667	0.316667
0.689807	0.189034	-139.481826	70.157245	0.583333	0.316667
0.725762	0.196472	-134.269107	68.542902	0.600000	0.316667
0.760662	0.204991	-129.875669	66.830292	0.616667	0.316667
0.794397	0.214474	-126.163507	65.060014	0.633333	0.316667
0.826884	0.224800	-123.010452	63.263307	0.650000	0.316667
0.858059	0.235848	-120.314426	61.463907	0.666667	0.316667
0.887884	0.247500	-117.992471	59.679666	0.683333	0.316667
0.916337	0.259639	-115.978047	57.923874	0.700000	0.316667
0.943416	0.272158	-114.217971	56.206277	0.716667	0.316667
0.969134	0.284957	-112.669703	54.533872	0.733333	0.316667
0.993514	0.297944	-111.299092	52.911496	0.750000	0.316667
1.016592	0.311039	-110.078533	51.342312	0.766667	0.316667
1.038410	0.324169	-108.985635	49.828176	0.783333	0.316667
1.059017	0.337271	-108.002031	48.369912	0.800000	0.316667
1.078465	0.350290	-107.112613	46.967562	0.816667	0.316667
1.096809	0.363181	-106.304847	45.620568	0.833333	0.316667
1.114105	0.375906	-105.568268	44.327912	0.850000	0.316667
1.130409	0.388432	-104.894083	43.088236	0.866667	0.316667
1.145778	0.400735	-104.274830	41.899941	0.883333	0.316667
1.160264	0.412793	-103.704206	40.761269	0.900000	0.316667
1.173922	0.424591	-103.176802	39.670350	0.916667	0.316667
1.186802	0.436118	-102.687944	38.625243	0.933333	0.316667
1.198952	0.447366	-102.233647	37.624007	0.950000	0.316667
-1.000000	-1.000000	-180.000000	-90.000000	0.966667	0.316667
-1.000000	-1.000000	-180.000000	-90.000000	0.983333	0.316667
-1.000000	-1.000000	-180.000000	-90.000000	1.000000	0.316667
-1.000000	-1.000000	-180.000000	-90.000000	0.000000	0.316667
-1.000000	-1.000000	-180.000000	-90.000000	0.016667	0.316667
-1.000000	-1.000000	-180.000000	-90.000000	0.033333	0.316667
-0.199878	0.447366	102.145515	37.596541	0.050000	0.316667
-0.187728	0.436118	102.599377	38.597293	0.066667	0.316667
-0.174848	0.424591	103.087732	39.641907	0.083333	0.316667
-0.161190	0.412793	103.614585	40.732335	0.100000	0.316667
-0.146704	0.400735	104.184576	41.870515	0.116667	0.316667
-0.131335	0.388432	104.803098	43.058316	0.133333	0.316667
-0.115031	0.375906	105.476462	44.297510	0.150000	0.316667
-0.097735	0.363181	106.212089	45.589691	0.166667	0.316667
-0.079391	0.350290	107.018751	46.936225	0.183333	0.316667
-0.059943	0.337271	107.906883	48.338133	0.200000	0.316667
-0.039336	0.324169	108.888993	49.795988	0.216667	0.316667
-0.017518	0.311039	109.980142	51.309755	0.233333	0.316667
0.005560	0.297944	111.198624	52.878619	0.250000	0.316667
0.029940	0.284957	112.566776	54.500743	0.266667	0.316667
0.055658	0.272158	114.112101	56.172982	0.283333	0.316667
0.082737	0.259639	115.868631	57.890522	0.300000	0.316667
0.111190	0.247500	117.878765	59.646400	0.316667	0.316667
0.141015	0.235848	120.195487	61.430909	0.333333	0.316667
0.172190	0.224800	122.885112	63.230816	0.350000	0.316667
0.204677	0.214474	126.030311	65.028338	0.366667	0.316667
0.238413	0.204991	129.732853	66.799837	0.383333	0.316667
0.273312	0.196472	134.114583	68.514192	0.400000	0.316667
0.309267	0.189034	139.313345	70.130960	0.416667	0.316667
0.346145	0.182782	145.467789	71.598756	0.433333	0.316667
0.383792	0.177813	152.682303	72.854960	0.450000	0.316667
0.422034	0.174204	160.965967	73.828847	0.466667	0.316667
0.460683	0.172015	170.157391	74.450658	0.483333	0.316667
0.499537	0.171281	179.883066	74.667063	0.500000	0.316667
0.538391	0.172015	-170.386847	74.457616	0.516667	0.316667
0.577040	0.174204	-161.183582	73.842169	0.533333	0.316667
0.615282	0.177813	-152.883858	72.873670	0.550000	0.316667
0.652929	0.182782	-145.652255	71.621760	0.566667	0.316667
0.689807	0.189034	-139.481826	70.157245	0.583333	0.316667
0.725762	0.196472	-134.269107	68.542902	0.600000	0.316667
0.760662	0.204991	-129.875669	66.830292	0.616667	0.316667
0.794397	0.214474	-126.163507	65.060014	0.633333	0.316667
0.826884	0.224800	-123.010452	63.263307	0.650000	0.316667
0.858059	0.235848	-120.314426	61.463907	0.666667	0.316667
0.887884	0.247500	-117.992471	59.679666	0.683333	0.316667
0.916337	0.259639	-115.978047	57.923874	0.700000	0.316667
0.943416	0.272158	-114.217971	56.206277	0.716667	0.316667
0.969134	0.284957	-112.669703	54.533872	0.733333	0.316667
0.993514	0.297944	-111.299092	52.911496	0.750000	0.316667
1.016592	0.311039	-110.078533	51.342312	0.766667	0.316667
1.038410	0.324169	-108.985635	49.828176	0.783333	0.316667
1.059017	0.337271	-108.002031	48.369912	0.800000	0.316667
1.078465	0.350290	-107.112613	46.967562	0.816667	0.316667
1.096809	0.363181	-106.304847	45.620568	0.833333	0.316667
1.114105	0.375906	-105.568268	44.327912	0.850000	0.316667
1.130409	0.388432	-104.894083	43.088236	0.866667	0.316667
1.145778	0.400735	-104.274830	41.899941	0.883333	0.316667
1.160264	0.412793	-103.704206	40.761269	0.900000	0.316667
1.173922	0.424591	-103.176802	39.670350	0.916667	0.316667
1.186802	0.436118	-102.687944	38.625243	0.933333	0.316667
1.198952	0.447366	-102.233647	37.624007	0.950000	0.316667
-1.000000	-1.000000	-180.000000	-90.000000	0.966667	0.316667
-1.000000	-1.000000	-180.000000	-90.000000	0.983333	0.316667
-1.000000	-1.000000	-180.000000	-90.000000	1.000000	0.316667
-1.000000	-1.000000	-180.000000	-90.000000	0.000000	0.300000
-1.000000	-1.000000	-180.000000	-90.000000	0.016667	0.300000
-1.000000	-1.000000	-180.000000	-90.000000	0.033333	0.300000
-1.000000	-1.000000	-180.000000	-90.000000	0.050000	0.300000
-0.189413	0.415906	101.114017	39.671458	0.066667	0.300000
-0.176389	0.404063	101.548306	40.735557	0.083333	0.300000
-0.162581	0.391951	102.017253	41.845809	0.100000	0.300000
-0.147939	0.379584	102.525107	43.004157	0.116667	0.300000
-0.132409	0.366978	103.076826	44.212477	0.133333	0.300000
-0.115940	0.354154	103.678242	45.472563	0.150000	0.300000
-0.098475	0.341142	104.336223	46.786053	0.166667	0.300000
-0.079962	0.327973	105.058950	48.154372	0.183333	0.300000
-0.060344	0.314689	105.856198	49.578640	0.200000	0.300000
-0.039570	0.301336	106.739766	51.059574	0.216667	0.300000
-0.017589	0.287972	107.723971	52.597347	0.233333	0.300000
0.005644	0.274660	108.826353	54.191437	0.250000	0.300000
0.030169	0.261475	110.068573	55.840403	0.266667	0.300000
0.056019	0.248499	111.477618	57.541641	0.283333	0.300000
0.083213	0.235824	113.087402	59.291052	0.300000	0.300000
0.111763	0.223550	114.940940	61.082597	0.316667	0.300000
0.141661	0.211786	117.093207	62.907744	0.333333	0.300000
0.172885	0.200645	119.614921	64.754697	0.350000	0.300000
0.205394	0.190246	122.597331	66.607348	0.366667	0.300000
0.239123	0.180708	126.157840	68.443839	0.383333	0.300000
0.273988	0.172149	130.445291	70.234588	0.400000	0.300000
0.309881	0.164682	135.641661	71.939730	0.416667	0.300000
0.346671	0.158413	141.951957	73.506166	0.433333	0.300000
0.384207	0.153434	149.566641	74.865300	0.450000	0.300000
0.422322	0.149819	158.576149	75.934274	0.466667	0.300000
0.460830	0.147627	168.837436	76.625531	0.483333	0.300000
0.499537	0.146893	179.866505	76.868073	0.500000	0.300000
0.538245	0.147627	-169.097566	76.633713	0.516667	0.300000
0.576752	0.149819	-158.818416	75.949770	0.533333	0.300000
0.614867	0.153434	-149.785889	74.886750	0.550000	0.300000
0.652403	0.158413	-142.148134	73.532148	0.566667	0.300000
0.689193	0.164682	-135.817433	71.969015	0.583333	0.300000
0.725086	0.172149	-130.604141	70.266208	0.600000	0.300000
0.759951	0.180708	-126.303090	68.477067	0.616667	0.300000
0.793680	0.190246	-122.731769	66.641645	0.633333	0.300000
0.826189	0.200645	-119.740780	64.789663	0.650000	0.300000
0.857413	0.211786	-117.212231	62.943082	0.666667	0.300000
0.887311	0.223550	-115.054479	61.118083	0.683333	0.300000
0.915861	0.235824	-113.196503	59.326515	0.700000	0.300000
0.943055	0.248499	-111.583099	57.576953	0.716667	0.300000
0.968905	0.261475	-110.171074	55.875461	0.733333	0.300000
0.993430	0.274660	-108.926390	54.226168	0.750000	0.300000
1.016663	0.287972	-107.821940	52.631689	0.766667	0.300000
1.038644	0.301336	-106.835994	51.093483	0.783333	0.300000
1.059418	0.314689	-105.950961	49.612084	0.800000	0.300000
1.079036	0.327973	-105.152448	48.187322	0.816667	0.300000
1.097549	0.341142	-104.428642	46.818493	0.833333	0.300000
1.115014	0.354154	-103.769739	45.504485	0.850000	0.300000
1.131483	0.366978	-103.167516	44.243871	0.866667	0.300000
1.147013	0.379584	-102.615089	43.035017	0.883333	0.300000
1.161656	0.391951	-102.106621	41.876137	0.900000	0.300000
1.175464	0.404063	-101.637142	40.765359	0.916667	0.300000
1.188487	0.415906	-101.202373	39.700734	0.933333	0.300000
-1.000000	-1.000000	-180.000000	-90.000000	0.950000	0.300000
-1.000000	-1.000000	-180.000000	-90.000000	0.966667	0.300000
-1.000000	-1.000000	-180.000000	-90.000000	0.983333	0.300000
-1.000000	-1.000000	-180.000000	-90.000000	1.000000	0.300000
-1.000000	-1.000000	-180.000000	-90.000000	0.000000	0.300000
-1.000000	-1.000000	-180.000000	-90.000000	0.016667	0.300000
-1.000000	-1.000000	-180.000000	-90.000000	0.033333	0.300000
-1.000000	-1.000000	-180.000000	-90.000000	0.050000	0.300000
-0.189413	0.415906	101.114017	39.671458	0.066667	0.300000
-0.176389	0.404063	101.548306	40.735557	0.083333	0.300000
-0.162581	0.391951	102.017253	41.845809	0.100000	0.300000
-0.147939	0.379584	102.525107	43.004157	0.116667	0.300000
-0.132409	0.366978	103.076826	44.212477	0.133333	0.300000
-0.115940	0.354154	103.678242	45.472563	0.150000	0.300000
-0.098475	0.341142	104.336223	46.786053	0.166667	0.300000
-0.079962	0.327973	105.058950	48.154372	0.183333	0.300000
-0.060344	0.314689	105.856198	49.578640	0.200000	0.300000
-0.039570	0.301336	106.739766	51.059574	0.216667	0.300000
-0.017589	0.287972	107.723971	52.597347	0.233333	0.300000
0.005644	0.274660	108.826353	54.191437	0.250000	0.300000
0.030169	0.261475	110.068573	55.840403	0.266667	0.300000
0.056019	0.248499	111.477618	57.541641	0.283333	0.300000
0.083213	0.235824	113.087402	59.291052	0.300000	0.300000
0.111763	0.223550	114.940940	61.082597	0.316667	0.300000
0.141661	0.211786	117.093207	62.907744	0.333333	0.300000
0.172885	0.200645	119.614921	64.754697	0.350000	0.300000
0.205394	0.190246	122.597331	66.607348	0.366667	0.300000
0.239123	0.180708	126.157840	68.443839	0.383333	0.300000
0.273988	0.172149	130.445291	70.234588	0.400000	0.300000
0.309881	0.164682	135.641661	71.939730	0.416667	0.300000
0.346671	0.158413	141.951957	73.506166	0.433333	0.300000
0.384207	0.153434	149.566641	74.865300	0.450000	0.300000
0.422322	0.149819	158.576149	75.934274	0.466667	0.300000
0.460830	0.147627	168.837436	76.625531	0.483333	0.300000
0.499537	0.146893	179.866505	76.868073	0.500000	0.300000
0.538245	0.147627	-169.097566	76.633713	0.516667	0.300000
0.576752	0.149819	-158.818416	75.949770	0.533333	0.300000
0.614867	0.153434	-149.785889	74.886750	0.550000	0.300000
0.652403	0.158413	-142.148134	73.532148	0.566667	0.300000
0.689193	0.164682	-135.817433	71.969015	0.583333	0.300000
0.725086	0.172149	-130.604141	70.266208	0.600000	0.300000
0.759951	0.180708	-126.303090	68.477067	0.616667	0.300000
0.793680	0.190246	-122.731769	66.641645	0.633333	0.300000
0.826189	0.200645	-119.740780	64.789663	0.650000	0.300000
0.857413	0.211786	-117.212231	62.943082	0.666667	0.300000
0.887311	0.223550	-115.054479	61.118083	0.683333	0.300000
0.915861	0.235824	-113.196503	59.326515	0.700000	0.300000
0.943055	0.248499	-111.583099	57.576953	0.716667	0.300000
0.968905	0.261475	-110.171074	55.875461	0.733333	0.300000
0.993430	0.274660	-108.926390	54.226168	0.750000	0.300000
1.016663	0.287972	-107.821940	52.631689	0.766667	0.300000
1.038644	0.301336	-106.835994	51.093483	0.783333	0.300000
1.059418	0.314689	-105.950961	49.612084	0.800000	0.300000
1.079036	0.327973	-105.152448	48.187322	0.816667	0.300000
1.097549	0.341142	-104.428642	46.818493	0.833333	0.300000
1.115014	0.354154	-103.769739	45.504485	0.850000	0.300000
1.131483	0.366978	-103.167516	44.243871	0.866667	0.300000
1.147013	0.379584	-102.615089	43.035017	0.883333	0.300000
1.161656	0.391951	-102.106621	41.876137	0.900000	0.300000
1.175464	0.404063	-101.637142	40.765359	0.916667	0.300000
1.188487	0.415906	-101.202373	39.700734	0.933333	0.300000
-1.000000	-1.000000	-180.000000	-90.000000	0.950000	0.300000
-1.000000	-1.000000	-180.000000	-90.000000	0.966667	0.300000
-1.000000	-1.000000	-180.000000	-90.000000	0.983333	0.300000
-1.000000	-1.000000	-180.000000	-90.000000	1.000000	0.300000
-1.000000	-1.000000	-180.000000	-90.000000	0.000000	0.283333
-1.000000	-1.000000	-180.000000	-90.000000	0.016667	0.283333
-1.000000	-1.000000	-180.000000	-90.000000	0.033333	0.283333
-1.000000	-1.000000	-180.000000	-90.000000	0.050000	0.283333
-0.190683	0.395964	99.613327	40.705158	0.066667	0.283333
-0.177508	0.383831	99.991744	41.785836	0.083333	0.283333
-0.163543	0.371434	100.400685	42.912768	0.100000	0.283333
-0.148738	0.358787	100.843954	44.087874	0.116667	0.283333
-0.133042	0.345908	101.325999	45.313025	0.133333	0.283333
-0.116404	0.332822	101.852071	46.590008	0.150000	0.283333
-0.098769	0.319557	102.428377	47.920477	0.166667	0.283333
-0.080084	0.306148	103.062346	49.305897	0.183333	0.283333
-0.060298	0.292638	103.762902	50.747458	0.200000	0.283333
-0.039360	0.279076	104.540870	52.246001	0.216667	0.283333
-0.017223	0.265519	105.409493	53.801876	0.233333	0.283333
0.006158	0.252034	106.385121	55.414834	0.250000	0.283333
0.030817	0.238695	107.488130	57.083821	0.266667	0.283333
0.056785	0.225587	108.744212	58.806772	0.283333	0.283333
0.084078	0.212800	110.186105	60.580314	0.300000	0.283333
0.112704	0.200436	111.856027	62.399397	0.316667	0.283333
0.142654	0.188601	113.809071	64.256783	0.333333	0.283333
0.173901	0.177409	116.117975	66.142341	0.350000	0.283333
0.206403	0.166975	118.879728	68.042039	0.366667	0.283333
0.240096	0.157417	122.224530	69.936475	0.383333	0.283333
0.274893	0.148850	126.326922	71.798678	0.400000	0.283333
0.310688	0.141385	131.417015	73.590912	0.416667	0.283333
0.347353	0.135122	137.783302	75.260240	0.433333	0.283333
0.384742	0.130151	145.744098	76.733450	0.450000	0.283333
0.422689	0.126545	155.541570	77.914400	0.466667	0.283333
0.461017	0.124359	167.115483	78.691823	0.483333	0.283333
0.499537	0.123626	179.844506	78.967838	0.500000	0.283333
0.538057	0.124359	-167.415259	78.701589	0.516667	0.283333
0.576385	0.126545	-155.813390	77.932605	0.533333	0.283333
0.614332	0.130151	-145.982359	76.758155	0.550000	0.283333
0.651721	0.135122	-137.990459	75.289603	0.566667	0.283333
0.688386	0.141385	-131.598542	73.623476	0.583333	0.283333
0.724181	0.148850	-126.488406	71.833385	0.600000	0.283333
0.758978	0.157417	-122.370639	69.972578	0.616667	0.283333
0.792671	0.166975	-119.014065	68.079013	0.633333	0.283333
0.825173	0.177409	-116.243222	66.179804	0.650000	0.283333
0.856420	0.188601	-113.927245	64.294465	0.666667	0.283333
0.886370	0.200436	-111.968622	62.437094	0.683333	0.283333
0.914996	0.212800	-110.294245	60.617873	0.700000	0.283333
0.942289	0.225587	-108.848767	58.844080	0.716667	0.283333
0.968257	0.238695	-107.589758	57.120791	0.733333	0.283333
0.992916	0.252034	-106.484334	55.451396	0.750000	0.283333
1.016297	0.265519	-105.506711	53.837983	0.766667	0.283333
1.038434	0.279076	-104.636417	52.281615	0.783333	0.283333
1.059373	0.292638	-103.857034	50.782550	0.800000	0.283333
1.079158	0.306148	-103.155274	49.340445	0.816667	0.283333
1.097843	0.319557	-102.520270	47.954465	0.833333	0.283333
1.115478	0.332822	-101.943086	46.623434	0.850000	0.283333
1.132116	0.345908	-101.416245	45.345880	0.866667	0.283333
1.147812	0.358787	-100.933541	44.120161	0.883333	0.283333
1.162617	0.371434	-100.489691	42.944486	0.900000	0.283333
1.176582	0.383831	-100.080240	41.816989	0.916667	0.283333
1.189758	0.395964	-99.701370	40.735752	0.933333	0.283333
-1.000000	-1.000000	-180.000000	-90.000000	0.950000	0.283333
-1.000000	-1.000000	-180.000000	-90.000000	0.966667	0.283333
-1.000000	-1.000000	-180.000000	-90.000000	0.983333	0.283333
-1.000000	-1.000000	-180.000000	-90.000000	1.000000	0.283333
-1.000000	-1.000000	-180.000000	-90.000000	0.000000	0.283333
-1.000000	-1.000000	-180.000000	-90.000000	0.016667	0.283333
-1.000000	-1.000000	-180.000000	-90.000000	0.033333	0.283333
-1.000000	-1.000000	-180.000000	-90.000000	0.050000	0.283333
-0.190683	0.395964	99.613327	40.705158	0.066667	0.283333
-0.177508	0.383831	99.991744	41.785836	0.083333	0.283333
-0.163543	0.371434	100.400685	42.912768	0.100000	0.283333
-0.148738	0.358787	100.843954	44.087874	0.116667	0.283333
-0.133042	0.345908	101.325999	45.313025	0.133333	0.283333
-0.116404	0.332822	101.852071	46.590008	0.150000	0.283333
-0.098769	0.319557	102.428377	47.920477	0.166667	0.283333
-0.080084	0.306148	103.062346	49.305897	0.183333	0.283333
-0.060298	0.292638	103.762902	50.747458	0.200000	0.283333
-0.039360	0.279076	104.540870	52.246001	0.216667	0.283333
-0.017223	0.265519	105.409493	53.801876	0.233333	0.283333
0.006158	0.252034	106.385121	55.414834	0.250000	0.283333
0.030817	0.238695	107.488130	57.083821	0.266667	0.283333
0.056785	0.225587	108.744212	58.806772	0.283333	0.283333
0.084078	0.212800	110.186105	60.580314	0.300000	0.283333
0.112704	0.200436	111.856027	62.399397	0.316667	0.283333
0.142654	0.188601	113.809071	64.256783	0.333333	0.283333
0.173901	0.177409	116.117975	66.142341	0.350000	0.283333
0.206403	0.166975	118.879728	68.042039	0.366667	0.283333
0.240096	0.157417	122.224530	69.936475	0.383333	0.283333
0.274893	0.148850	126.326922	71.798678	0.400000	0.283333
0.310688	0.141385	131.417015	73.590912	0.416667	0.283333
0.347353	0.135122	137.783302	75.260240	0.433333	0.283333
0.384742	0.130151	145.744098	76.733450	0.450000	0.283333
0.422689	0.126545	155.541570	77.914400	0.466667	0.283333
0.461017	0.124359	167.115483	78.691823	0.483333	0.283333
0.499537	0.123626	179.844506	78.967838	0.500000	0.283333
0.538057	0.124359	-167.415259	78.701589	0.516667	0.283333
0.576385	0.126545	-155.813390	77.932605	0.533333	0.283333
0.614332	0.130151	-145.982359	76.758155	0.550000	0.283333
0.651721	0.135122	-137.990459	75.289603	0.566667	0.283333
0.688386	0.141385	-131.598542	73.623476	0.583333	0.283333
0.724181	0.148850	-126.488406	71.833385	0.600000	0.283333
0.758978	0.157417	-122.370639	69.972578	0.616667	0.283333
0.792671	0.166975	-119.014065	68.079013	0.633333	0.283333
0.825173	0.177409	-116.243222	66.179804	0.650000	0.283333
0.856420	0.188601	-113.927245	64.294465	0.666667	0.283333
0.886370	0.200436	-111.968622	62.437094	0.683333	0.283333
0.914996	0.212800	-110.294245	60.617873	0.700000	0.283333
0.942289	0.225587	-108.848767	58.844080	0.716667	0.283333
0.968257	0.238695	-107.589758	57.120791	0.733333	0.283333
0.992916	0.252034	-106.484334	55.451396	0.750000	0.283333
1.016297	0.265519	-105.506711	53.837983	0.766667	0.283333
1.038434	0.279076	-104.636417	52.281615	0.783333	0.283333
1.059373	0.292638	-103.857034	50.782550	0.800000	0.283333
1.079158	0.306148	-103.155274	49.340445	0.816667	0.283333
1.097843	0.319557	-102.520270	47.954465	0.833333	0.283333
1.115478	0.332822	-101.943086	46.623434	0.850000	0.283333
1.132116	0.345908	-101.416245	45.345880	0.866667	0.283333
1.147812	0.358787	-100.933541	44.120161	0.883333	0.283333
1.162617	0.371434	-100.489691	42.944486	0.900000	0.283333
1.176582	0.383831	-100.080240	41.816989	0.916667	0.283333
1.189758	0.395964	-99.701370	40.735752	0.933333	0.283333
-1.000000	-1.000000	-180.000000	-90.000000	0.950000	0.283333
-1.000000	-1.000000	-180.000000	-90.000000	0.966667	0.283333
-1.000000	-1.000000	-180.000000	-90.000000	0.983333	0.283333
-1.000000	-1.000000	-180.000000	-90.000000	1.000000	0.283333
-1.000000	-1.000000	-180.000000	-90.000000	0.000000	0.266667
-1.000000	-1.000000	-180.000000	-90.000000	0.016667	0.266667
-1.000000	-1.000000	-180.000000	-90.000000	0.033333	0.266667
-1.000000	-1.000000	-180.000000	-90.000000	0.050000	0.266667
-0.191550	0.376316	98.099159	41.697480	0.066667	0.266667
-0.178216	0.363920	98.420091	42.791833	0.083333	0.266667
-0.164088	0.351265	98.767152	43.932304	0.100000	0.266667
-0.149116	0.338368	99.143638	45.120775	0.116667	0.266667
-0.133251	0.325250	99.553426	46.359078	0.133333	0.266667
-0.116440	0.311934	100.001088	47.648982	0.150000	0.266667
-0.098634	0.298452	100.492064	48.992125	0.166667	0.266667
-0.079780	0.284840	101.032875	50.389989	0.183333	0.266667
-0.059828	0.271143	101.631404	51.843803	0.200000	0.266667
-0.038731	0.257410	102.297262	53.354494	0.216667	0.266667
-0.016444	0.243702	103.042258	54.922569	0.233333	0.266667
0.007074	0.230085	103.881107	56.548010	0.250000	0.266667
0.031856	0.216635	104.832284	58.230116	0.266667	0.266667
0.057928	0.203436	105.919330	59.967329	0.283333	0.266667
0.085303	0.190580	107.172615	61.756989	0.300000	0.266667
0.113986	0.178166	108.631902	63.595032	0.316667	0.266667
0.143964	0.166300	110.350075	65.475561	0.333333	0.266667
0.175210	0.155094	112.398630	67.390244	0.350000	0.266667
0.207679	0.144662	114.875875	69.327421	0.366667	0.266667
0.241305	0.135116	117.919152	71.270723	0.383333	0.266667
0.276004	0.126571	121.722696	73.196871	0.400000	0.266667
0.311669	0.119132	126.561998	75.072095	0.416667	0.266667
0.348177	0.112897	132.820219	76.846392	0.433333	0.266667
0.385383	0.107951	140.992170	78.445038	0.450000	0.266667
0.423128	0.104366	151.587202	79.759277	0.466667	0.266667
0.461239	0.102193	164.780177	80.647023	0.483333	0.266667
0.499537	0.101465	179.813997	80.967928	0.500000	0.266667
0.537835	0.102193	-165.132543	80.658914	0.516667	0.266667
0.575946	0.104366	-151.893857	79.780918	0.533333	0.266667
0.613691	0.107951	-141.249334	78.473619	0.550000	0.266667
0.650897	0.112897	-133.035953	76.879554	0.566667	0.266667
0.687405	0.119132	-126.746430	75.108186	0.583333	0.266667
0.723070	0.126571	-121.884226	73.234792	0.600000	0.266667
0.757769	0.135116	-118.063977	71.309755	0.616667	0.266667
0.791395	0.144662	-115.008371	69.367076	0.633333	0.266667
0.823864	0.155094	-112.521883	67.430186	0.650000	0.266667
0.855110	0.166300	-110.466285	65.515554	0.666667	0.266667
0.885088	0.178166	-108.742649	63.634900	0.683333	0.266667
0.913771	0.190580	-107.279061	61.796601	0.700000	0.266667
0.941147	0.203436	-106.022344	60.006590	0.716667	0.266667
0.967218	0.216635	-104.932530	58.268956	0.733333	0.266667
0.992000	0.230085	-103.979082	56.586369	0.750000	0.266667
1.015518	0.243702	-103.138356	54.960404	0.766667	0.266667
1.037805	0.257410	-102.391804	53.391778	0.783333	0.266667
1.058903	0.271143	-101.724629	51.880509	0.800000	0.266667
1.078854	0.284840	-101.124997	50.426107	0.816667	0.266667
1.097708	0.298452	-100.583226	49.027638	0.833333	0.266667
1.115514	0.311934	-100.091446	47.683891	0.850000	0.266667
1.132325	0.325250	-99.643080	46.393378	0.866667	0.266667
1.148190	0.338368	-99.232681	45.154467	0.883333	0.266667
1.163162	0.351265	-98.855657	43.965391	0.900000	0.266667
1.177291	0.363920	-98.508133	42.824324	0.916667	0.266667
1.190624	0.376316	-98.186791	41.729381	0.933333	0.266667
-1.000000	-1.000000	-180.000000	-90.000000	0.950000	0.266667
-1.000000	-1.000000	-180.000000	-90.000000	0.966667	0.266667
-1.000000	-1.000000	-180.000000	-90.000000	0.983333	0.266667
-1.000000	-1.000000	-180.000000	-90.000000	1.000000	0.266667
-1.000000	-1.000000	-180.000000	-90.000000	0.000000	0.266667
-1.000000	-1.000000	-180.000000	-90.000000	0.016667	0.266667
-1.000000	-1.000000	-180.000000	-90.000000	0.033333	0.266667
-1.000000	-1.000000	-180.000000	-90.000000	0.050000	0.266667
-0.191550	0.376316	98.099159	41.697480	0.066667	0.266667
-0.178216	0.363920	98.420091	42.791833	0.083333	0.266667
-0.164088	0.351265	98.767152	43.932304	0.100000	0.266667
-0.149116	0.338368	99.143638	45.120775	0.116667	0.266667
-0.133251	0.325250	99.553426	46.359078	0.133333	0.266667
-0.116440	0.311934	100.001088	47.648982	0.150000	0.266667
-0.098634	0.298452	100.492064	48.992125	0.166667	0.266667
-0.079780	0.284840	101.032875	50.389989	0.183333	0.266667
-0.059828	0.271143	101.631404	51.843803	0.200000	0.266667
-0.038731	0.257410	102.297262	53.354494	0.216667	0.266667
-0.016444	0.243702	103.042258	54.922569	0.233333	0.266667
0.007074	0.230085	103.881107	56.548010	0.250000	0.266667
0.031856	0.216635	104.832284	58.230116	0.266667	0.266667
0.057928	0.203436	105.919330	59.967329	0.283333	0.266667
0.085303	0.190580	107.172615	61.756989	0.300000	0.266667
0.113986	0.178166	108.631902	63.595032	0.316667	0.266667
0.143964	0.166300	110.350075	65.475561	0.333333	0.266667
0.175210	0.155094	112.398630	67.390244	0.350000	0.266667
0.207679	0.144662	114.875875	69.327421	0.366667	0.266667
0.241305	0.135116	117.919152	71.270723	0.383333	0.266667
0.276004	0.126571	121.722696	73.196871	0.400000	0.266667
0.311669	0.119132	126.561998	75.072095	0.416667	0.266667
0.348177	0.112897	132.820219	76.846392	0.433333	0.266667
0.385383	0.107951	140.992170	78.445038	0.450000	0.266667
0.423128	0.104366	151.587202	79.759277	0.466667	0.266667
0.461239	0.102193	164.780177	80.647023	0.483333	0.266667
0.499537	0.101465	179.813997	80.967928	0.500000	0.266667
0.537835	0.102193	-165.132543	80.658914	0.516667	0.266667
0.575946	0.104366	-151.893857	79.780918	0.533333	0.266667
0.613691	0.107951	-141.249334	78.473619	0.550000	0.266667
0.650897	0.112897	-133.035953	76.879554	0.566667	0.266667
0.687405	0.119132	-126.746430	75.108186	0.583333	0.266667
0.723070	0.126571	-121.884226	73.234792	0.600000	0.266667
0.757769	0.135116	-118.063977	71.309755	0.616667	0.266667
0.791395	0.144662	-115.008371	69.367076	0.633333	0.266667
0.823864	0.155094	-112.521883	67.430186	0.650000	0.266667
0.855110	0.166300	-110.466285	65.515554	0.666667	0.266667
0.885088	0.178166	-108.742649	63.634900	0.683333	0.266667
0.913771	0.190580	-107.279061	61.796601	0.700000	0.266667
0.941147	0.203436	-106.022344	60.006590	0.716667	0.266667
0.967218	0.216635	-104.932530	58.268956	0.733333	0.266667
0.992000	0.230085	-103.979082	56.586369	0.750000	0.266667
1.015518	0.243702	-103.138356	54.960404	0.766667	0.266667
1.037805	0.257410	-102.391804	53.391778	0.783333	0.266667
1.058903	0.271143	-101.724629	51.880509	0.800000	0.266667
1.078854	0.284840	-101.124997	50.426107	0.816667	0.266667
1.097708	0.298452	-100.583226	49.027638	0.833333	0.266667
1.115514	0.311934	-100.091446	47.683891	0.850000	0.266667
1.132325	0.325250	-99.643080	46.393378	0.866667	0.266667
1.148190	0.338368	-99.232681	45.154467	0.883333	0.266667
1.163162	0.351265	-98.855657	43.965391	0.900000	0.266667
1.177291	0.363920	-98.508133	42.824324	0.916667	0.266667
1.190624	0.376316	-98.186791	41.729381	0.933333	0.266667
-1.000000	-1.000000	-180.000000	-90.000000	0.950000	0.266667
-1.000000	-1.000000	-180.000000	-90.000000	0.966667	0.266667
-1.000000	-1.000000	-180.000000	-90.000000	0.983333	0.266667
-1.000000	-1.000000	-180.000000	-90.000000	1.000000	0.266667
-1.000000	-1.000000	-180.000000	-90.000000	0.000000	0.250000
-1.000000	-1.000000	-180.000000	-90.000000	0.016667	0.250000
-1.000000	-1.000000	-180.000000	-90.000000	0.033333	0.250000
-1.000000	-1.000000	-180.000000	-90.000000	0.050000	0.250000
-0.192024	0.356984	96.573475	42.647784	0.066667	0.250000
-0.178527	0.344351	96.835526	43.752939	0.083333	0.250000
-0.164231	0.331468	97.119080	44.903844	0.100000	0.250000
-0.149089	0.318352	97.426882	46.102324	0.116667	0.250000
-0.133051	0.305024	97.762153	47.350161	0.133333	0.250000
-0.116069	0.291512	98.128725	48.649069	0.150000	0.250000
-0.098092	0.277847	98.531155	50.000656	0.166667	0.250000
-0.079071	0.264069	98.974932	51.406381	0.183333	0.250000
-0.058958	0.250221	99.466710	52.867486	0.200000	0.250000
-0.037708	0.236357	100.014637	54.384952	0.216667	0.250000
-0.015279	0.222536	100.628788	55.959390	0.233333	0.250000
0.008367	0.208827	101.321778	57.590975	0.250000	0.250000
0.033258	0.195305	102.109572	59.279304	0.266667	0.250000
0.059418	0.182054	103.012693	61.023263	0.283333	0.250000
0.086858	0.169167	104.057892	62.820849	0.300000	0.250000
0.115577	0.156741	105.280673	64.668921	0.316667	0.250000
0.145563	0.144881	106.729035	66.562878	0.333333	0.250000
0.176784	0.133696	108.469259	68.496195	0.350000	0.250000
0.209194	0.123296	110.595006	70.459704	0.366667	0.250000
0.242727	0.113793	113.241983	72.440443	0.383333	0.250000
0.277299	0.105294	116.611842	74.419696	0.400000	0.250000
0.312806	0.097904	121.011159	76.369518	0.416667	0.250000
0.349125	0.091715	126.911319	78.246350	0.433333	0.250000
0.386118	0.086809	135.021000	79.979464	0.450000	0.250000
0.423629	0.083255	146.282232	81.452367	0.466667	0.250000
0.461494	0.081102	161.447210	82.486014	0.483333	0.250000
0.499537	0.080381	179.769036	82.870737	0.500000	0.250000
0.537580	0.081102	-161.871416	82.500894	0.516667	0.250000
0.575445	0.083255	-146.627831	81.478439	0.533333	0.250000
0.612957	0.086809	-135.293492	80.012609	0.550000	0.250000
0.649949	0.091715	-127.130426	78.283685	0.566667	0.250000
0.686268	0.097904	-121.193829	76.409292	0.583333	0.250000
0.721775	0.105294	-116.769746	74.460869	0.600000	0.250000
0.756347	0.113793	-113.382723	72.482374	0.616667	0.250000
0.789880	0.123296	-110.723538	70.501982	0.633333	0.250000
0.822290	0.133696	-108.588886	68.538545	0.650000	0.250000
0.853511	0.144881	-106.842013	66.605106	0.666667	0.250000
0.883497	0.156741	-105.388572	64.710886	0.683333	0.250000
0.912217	0.169167	-104.161838	62.862447	0.700000	0.250000
0.939656	0.182054	-103.113516	61.064416	0.716667	0.250000
0.965816	0.195305	-102.207884	59.319951	0.733333	0.250000
0.990707	0.208827	-101.418056	57.631075	0.750000	0.250000
1.014353	0.222536	-100.723394	55.998909	0.766667	0.250000
1.036782	0.236357	-100.107847	54.423862	0.783333	0.250000
1.058032	0.250221	-99.558755	52.905772	0.800000	0.250000
1.078145	0.264069	-99.065993	51.444032	0.816667	0.250000
1.097166	0.277847	-98.621372	50.037662	0.833333	0.250000
1.115143	0.291512	-98.218233	48.685433	0.850000	0.250000
1.132126	0.305024	-97.851033	47.385876	0.866667	0.250000
1.148163	0.318352	-97.515227	46.137399	0.883333	0.250000
1.163306	0.331468	-97.206957	44.938282	0.900000	0.250000
1.177601	0.344351	-96.922998	43.786751	0.916667	0.250000
1.191098	0.356984	-96.660590	42.680977	0.933333	0.250000
-1.000000	-1.000000	-180.000000	-90.000000	0.950000	0.250000
-1.000000	-1.000000	-180.000000	-90.000000	0.966667	0.250000
-1.000000	-1.000000	-180.000000	-90.000000	0.983333	0.250000
-1.000000	-1.000000	-180.000000	-90.000000	1.000000	0.250000
-1.000000	-1.000000	-180.000000	-90.000000	0.000000	0.250000
-1.000000	-1.000000	-180.000000	-90.000000	0.016667	0.250000
-1.000000	-1.000000	-180.000000	-90.000000	0.033333	0.250000
-1.000000	-1.000000	-180.000000	-90.000000	0.050000	0.250000
-0.192024	0.356984	96.573475	42.647784	0.066667	0.250000
-0.178527	0.344351	96.835526	43.752939	0.083333	0.250000
-0.164231	0.331468	97.119080	44.903844	0.100000	0.250000
-0.149089	0.318352	97.426882	46.102324	0.116667	0.250000
-0.133051	0.305024	97.762153	47.350161	0.133333	0.250000
-0.116069	0.291512	98.128725	48.649069	0.150000	0.250000
-0.098092	0.277847	98.531155	50.000656	0.166667	0.250000
-0.079071	0.264069	98.974932	51.406381	0.183333	0.250000
-0.058958	0.250221	99.466710	52.867486	0.200000	0.250000
-0.037708	0.236357	100.014637	54.384952	0.216667	0.250000
-0.015279	0.222536	100.628788	55.959390	0.233333	0.250000
0.008367	0.208827	101.321778	57.590975	0.250000	0.250000
0.033258	0.195305	102.109572	59.279304	0.266667	0.250000
0.059418	0.182054	103.012693	61.023263	0.283333	0.250000
0.086858	0.169167	104.057892	62.820849	0.300000	0.250000
0.115577	0.156741	105.280673	64.668921	0.316667	0.250000
0.145563	0.144881	106.729035	66.562878	0.333333	0.250000
0.176784	0.133696	108.469259	68.496195	0.350000	0.250000
0.209194	0.123296	110.595006	70.459704	0.366667	0.250000
0.242727	0.113793	113.241983	72.440443	0.383333	0.250000
0.277299	0.105294	116.611842	74.419696	0.400000	0.250000
0.312806	0.097904	121.011159	76.369518	0.416667	0.250000
0.349125	0.091715	126.911319	78.246350	0.433333	0.250000
0.386118	0.086809	135.021000	79.979464	0.450000	0.250000
0.423629	0.083255	146.282232	81.452367	0.466667	0.250000
0.461494	0.081102	161.447210	82.486014	0.483333	0.250000
0.499537	0.080381	179.769036	82.870737	0.500000	0.250000
0.537580	0.081102	-161.871416	82.500894	0.516667	0.250000
0.575445	0.083255	-146.627831	81.478439	0.533333	0.250000
0.612957	0.086809	-135.293492	80.012609	0.550000	0.250000
0.649949	0.091715	-127.130426	78.283685	0.566667	0.250000
0.686268	0.097904	-121.193829	76.409292	0.583333	0.250000
0.721775	0.105294	-116.769746	74.460869	0.600000	0.250000
0.756347	0.113793	-113.382723	72.482374	0.616667	0.250000
0.789880	0.123296	-110.723538	70.501982	0.633333	0.250000
0.822290	0.133696	-108.588886	68.538545	0.650000	0.250000
0.853511	0.144881	-106.842013	66.605106	0.666667	0.250000
0.883497	0.156741	-105.388572	64.710886	0.683333	0.250000
0.912217	0.169167	-104.161838	62.862447	0.700000	0.250000
0.939656	0.182054	-103.113516	61.064416	0.716667	0.250000
0.965816	0.195305	-102.207884	59.319951	0.733333	0.250000
0.990707	0.208827	-101.418056	57.631075	0.750000	0.250000
1.014353	0.222536	-100.723394	55.998909	0.766667	0.250000
1.036782	0.236357	-100.107847	54.423862	0.783333	0.250000
1.058032	0.250221	-99.558755	52.905772	0.800000	0.250000
1.078145	0.264069	-99.065993	51.444032	0.816667	0.250000
1.097166	0.277847	-98.621372	50.037662	0.833333	0.250000
1.115143	0.291512	-98.218233	48.685433	0.850000	0.250000
1.132126	0.305024	-97.851033	47.385876	0.866667	0.250000
1.148163	0.318352	-97.515227	46.137399	0.883333	0.250000
1.163306	0.331468	-97.206957	44.938282	0.900000	0.250000
1.177601	0.344351	-96.922998	43.786751	0.916667	0.250000
1.191098	0.356984	-96.660590	42.680977	0.933333	0.250000
-1.000000	-1.000000	-180.000000	-90.000000	0.950000	0.250000
-1.000000	-1.000000	-180.000000	-90.000000	0.966667	0.250000
-1.000000	-1.000000	-180.000000	-90.000000	0.983333	0.250000
-1.000000	-1.000000	-180.000000	-90.000000	1.000000	0.250000
-1.000000	-1.000000	-180.000000	-90.000000	0.000000	0.233333
-1.000000	-1.000000	-180.000000	-90.000000	0.016667	0.233333
-1.000000	-1.000000	-180.000000	-90.000000	0.033333	0.233333
-1.000000	-1.000000	-180.000000	-90.000000	0.050000	0.233333
-0.192120	0.337987	95.038327	43.555697	0.066667	0.233333
-0.178455	0.325144	95.240344	44.668831	0.083333	0.233333
-0.163989	0.312060	95.459039	45.827129	0.100000	0.233333
-0.148675	0.298754	95.696560	47.032344	0.116667	0.233333
-0.132464	0.285249	95.955434	48.286179	0.133333	0.233333
-0.115310	0.271573	96.238672	49.590279	0.150000	0.233333
-0.097164	0.257759	96.549859	50.946188	0.166667	0.233333
-0.077980	0.243848	96.893328	52.355318	0.183333	0.233333
-0.057711	0.229886	97.274347	53.818890	0.200000	0.233333
-0.036316	0.215927	97.699393	55.337891	0.216667	0.233333
-0.013755	0.202030	98.176506	56.912997	0.233333	0.233333
0.010006	0.188265	98.715801	58.544511	0.250000	0.233333
0.034993	0.174709	99.330160	60.232258	0.266667	0.233333
0.061226	0.161443	100.036254	61.975490	0.283333	0.233333
0.088713	0.148560	100.856017	63.772746	0.300000	0.233333
0.117450	0.136157	101.818865	65.621688	0.316667	0.233333
0.147421	0.124335	102.965127	67.518876	0.333333	0.233333
0.178595	0.113200	104.351483	69.459447	0.350000	0.233333
0.210922	0.102862	106.059913	71.436617	0.366667	0.233333
0.244338	0.093426	108.212970	73.440863	0.383333	0.233333
0.278757	0.084997	111.000872	75.458456	0.400000	0.233333
0.314078	0.077675	114.731455	77.468633	0.416667	0.233333
0.350182	0.071548	119.924514	79.437806	0.433333	0.233333
0.386934	0.066696	127.485238	81.306978	0.450000	0.233333
0.424185	0.063182	138.951339	82.964351	0.466667	0.233333
0.461775	0.061054	156.351145	84.196500	0.483333	0.233333
0.499537	0.060341	179.696441	84.679294	0.500000	0.233333
0.537299	0.061054	-156.875447	84.215840	0.516667	0.233333
0.574889	0.063182	-139.333519	82.996155	0.533333	0.233333
0.612140	0.066696	-127.762628	81.345341	0.550000	0.233333
0.648892	0.071548	-120.137689	79.479529	0.566667	0.233333
0.684996	0.077675	-114.905604	77.512093	0.583333	0.233333
0.720317	0.084997	-111.150412	75.502790	0.600000	0.233333
0.754736	0.093426	-108.346277	73.485572	0.616667	0.233333
0.788152	0.102862	-106.182061	71.481389	0.633333	0.233333
0.820479	0.113200	-104.465687	69.504078	0.650000	0.233333
0.851653	0.124335	-103.073498	67.563222	0.666667	0.233333
0.881624	0.136157	-101.922841	65.665643	0.683333	0.233333
0.910361	0.148560	-100.956603	63.816229	0.700000	0.233333
0.937848	0.161443	-100.134185	62.018445	0.716667	0.233333
0.964081	0.174709	-99.425973	60.274638	0.733333	0.233333
0.989068	0.188265	-98.809901	58.586281	0.750000	0.233333
1.012829	0.202030	-98.269202	56.954131	0.766667	0.233333
1.035390	0.215927	-97.790925	55.378370	0.783333	0.233333
1.056785	0.229886	-97.364908	53.858701	0.800000	0.233333
1.077054	0.243848	-96.983067	52.394453	0.816667	0.233333
1.096238	0.257759	-96.638912	50.984648	0.833333	0.233333
1.114384	0.271573	-96.327122	49.628056	0.850000	0.233333
1.131538	0.285249	-96.043379	48.323282	0.866667	0.233333
1.147749	0.298754	-95.784058	47.068774	0.883333	0.233333
1.163063	0.312060	-95.546152	45.862895	0.900000	0.233333
1.177529	0.325144	-95.327122	44.703941	0.916667	0.233333
1.191194	0.337987	-95.124804	43.590159	0.933333	0.233333
-1.000000	-1.000000	-180.000000	-90.000000	0.950000	0.233333
-1.000000	-1.000000	-180.000000	-90.000000	0.966667	0.233333
-1.000000	-1.000000	-180.000000	-90.000000	0.983333	0.233333
-1.000000	-1.000000	-180.000000	-90.000000	1.000000	0.233333
-1.000000	-1.000000	-180.000000	-90.000000	0.000000	0.233333
-1.000000	-1.000000	-180.000000	-90.000000	0.016667	0.233333
-1.000000	-1.000000	-180.000000	-90.000000	0.033333	0.233333
-1.000000	-1.000000	-180.000000	-90.000000	0.050000	0.233333
-0.192120	0.337987	95.038327	43.555697	0.066667	0.233333
-0.178455	0.325144	95.240344	44.668831	0.083333	0.233333
-0.163989	0.312060	95.459039	45.827129	0.100000	0.233333
-0.148675	0.298754	95.696560	47.032344	0.116667	0.233333
-0.132464	0.285249	95.955434	48.286179	0.133333	0.233333
-0.115310	0.271573	96.238672	49.590279	0.150000	0.233333
-0.097164	0.257759	96.549859	50.946188	0.166667	0.233333
-0.077980	0.243848	96.893328	52.355318	0.183333	0.233333
-0.057711	0.229886	97.274347	53.818890	0.200000	0.233333
-0.036316	0.215927	97.699393	55.337891	0.216667	0.233333
-0.013755	0.202030	98.176506	56.912997	0.233333	0.233333
0.010006	0.188265	98.715801	58.544511	0.250000	0.233333
0.034993	0.174709	99.330160	60.232258	0.266667	0.233333
0.061226	0.161443	100.036254	61.975490	0.283333	0.233333
0.088713	0.148560	100.856017	63.772746	0.300000	0.233333
0.117450	0.136157	101.818865	65.621688	0.316667	0.233333
0.147421	0.124335	102.965127	67.518876	0.333333	0.233333
0.178595	0.113200	104.351483	69.459447	0.350000	0.233333
0.210922	0.102862	106.059913	71.436617	0.366667	0.233333
0.244338	0.093426	108.212970	73.440863	0.383333	0.233333
0.278757	0.084997	111.000872	75.458456	0.400000	0.233333
0.314078	0.077675	114.731455	77.468633	0.416667	0.233333
0.350182	0.071548	119.924514	79.437806	0.433333	0.233333
0.386934	0.066696	127.485238	81.306978	0.450000	0.233333
0.424185	0.063182	138.951339	82.964351	0.466667	0.233333
0.461775	0.061054	156.351145	84.196500	0.483333	0.233333
0.499537	0.060341	179.696441	84.679294	0.500000	0.233333
0.537299	0.061054	-156.875447	84.215840	0.516667	0.233333
0.574889	0.063182	-139.333519	82.996155	0.533333	0.233333
0.612140	0.066696	-127.762628	81.345341	0.550000	0.233333
0.648892	0.071548	-120.137689	79.479529	0.566667	0.233333
0.684996	0.077675	-114.905604	77.512093	0.583333	0.233333
0.720317	0.084997	-111.150412	75.502790	0.600000	0.233333
0.754736	0.093426	-108.346277	73.485572	0.616667	0.233333
0.788152	0.102862	-106.182061	71.481389	0.633333	0.233333
0.820479	0.113200	-104.465687	69.504078	0.650000	0.233333
0.851653	0.124335	-103.073498	67.563222	0.666667	0.233333
0.881624	0.136157	-101.922841	65.665643	0.683333	0.233333
0.910361	0.148560	-100.956603	63.816229	0.700000	0.233333
0.937848	0.161443	-100.134185	62.018445	0.716667	0.233333
0.964081	0.174709	-99.425973	60.274638	0.733333	0.233333
0.989068	0.188265	-98.809901	58.586281	0.750000	0.233333
1.012829	0.202030	-98.269202	56.954131	0.766667	0.233333
1.035390	0.215927	-97.790925	55.378370	0.783333	0.233333
1.056785	0.229886	-97.364908	53.858701	0.800000	0.233333
1.077054	0.243848	-96.983067	52.394453	0.816667	0.233333
1.096238	0.257759	-96.638912	50.984648	0.833333	0.233333
1.114384	0.271573	-96.327122	49.628056	0.850000	0.233333
1.131538	0.285249	-96.043379	48.323282	0.866667	0.233333
1.147749	0.298754	-95.784058	47.068774	0.883333	0.233333
1.163063	0.312060	-95.546152	45.862895	0.900000	0.233333
1.177529	0.325144	-95.327122	44.703941	0.916667	0.233333
1.191194	0.337987	-95.124804	43.590159	0.933333	0.233333
-1.000000	-1.000000	-180.000000	-90.000000	0.950000	0.233333
-1.000000	-1.000000	-180.000000	-90.000000	0.966667	0.233333
-1.000000	-1.000000	-180.000000	-90.000000	0.983333	0.233333
-1.000000	-1.000000	-180.000000	-90.000000	1.000000	0.233333
-1.000000	-1.000000	-180.000000	-90.000000	0.000000	0.216667
-1.000000	-1.000000	-180.000000	-90.000000	0.016667	0.216667
-1.000000	-1.000000	-180.000000	-90.000000	0.033333	0.216667
-1.000000	-1.000000	-180.000000	-90.000000	0.050000	0.216667
-0.191851	0.319343	93.495858	44.421091	0.066667	0.216667
-0.178017	0.306316	93.636936	45.539456	0.083333	0.216667
-0.163379	0.293059	93.789717	46.702198	0.100000	0.216667
-0.147892	0.279592	93.955714	47.910974	0.116667	0.216667
-0.131509	0.265939	94.136714	49.167391	0.133333	0.216667
-0.114185	0.252130	94.334849	50.473004	0.150000	0.216667
-0.095874	0.238200	94.552662	51.829267	0.166667	0.216667
-0.076532	0.224189	94.793235	53.237515	0.183333	0.216667
-0.056114	0.210147	95.060317	54.698909	0.200000	0.216667
-0.034582	0.196126	95.358538	56.214403	0.216667	0.216667
-0.011900	0.182188	95.693656	57.784682	0.233333	0.216667
0.011965	0.168402	96.072944	59.410112	0.250000	0.216667
0.037034	0.154844	96.505710	61.090662	0.266667	0.216667
0.063324	0.141597	97.004062	62.825836	0.283333	0.216667
0.090839	0.128751	97.584033	64.614581	0.300000	0.216667
0.119575	0.116400	98.267312	66.455181	0.316667	0.216667
0.149513	0.104645	99.083944	68.345123	0.333333	0.216667
0.180617	0.093589	100.076735	70.280911	0.350000	0.216667
0.212839	0.083336	101.308732	72.257789	0.366667	0.216667
0.246114	0.073990	102.876537	74.269287	0.383333	0.216667
0.280357	0.065651	104.935435	76.306362	0.400000	0.216667
0.315469	0.058413	107.750017	78.355669	0.416667	0.216667
0.351335	0.052363	111.804474	80.395646	0.433333	0.216667
0.387823	0.047574	118.062456	82.386598	0.450000	0.216667
0.424789	0.044108	128.603299	84.242449	0.466667	0.216667
0.462081	0.042010	147.796151	85.746214	0.483333	0.216667
0.499537	0.041307	179.559937	86.397074	0.500000	0.216667
0.536993	0.042010	-148.453736	85.772681	0.516667	0.216667
0.574285	0.044108	-128.998749	84.281426	0.533333	0.216667
0.611252	0.047574	-118.322669	82.430520	0.550000	0.216667
0.647739	0.052363	-111.997606	80.441653	0.566667	0.216667
0.683605	0.058413	-107.906938	78.402576	0.583333	0.216667
0.718717	0.065651	-105.071046	76.353596	0.600000	0.216667
0.752960	0.073990	-102.998697	74.316532	0.616667	0.216667
0.786235	0.083336	-101.421899	72.304841	0.633333	0.216667
0.818457	0.093589	-100.183621	70.327634	0.650000	0.216667
0.849562	0.104645	-99.186284	68.391423	0.666667	0.216667
0.879499	0.116400	-98.366262	66.500983	0.683333	0.216667
0.908235	0.128751	-97.680387	64.659826	0.700000	0.216667
0.935751	0.141597	-97.098396	62.870483	0.716667	0.216667
0.962040	0.154844	-96.598439	61.134676	0.733333	0.216667
0.987109	0.168402	-96.164379	59.453467	0.750000	0.216667
1.010974	0.182188	-95.784038	57.827358	0.766667	0.216667
1.033656	0.196126	-95.448044	56.256385	0.783333	0.216667
1.055189	0.210147	-95.149091	54.740185	0.800000	0.216667
1.075606	0.224189	-94.881403	53.278087	0.816667	0.216667
1.094949	0.238200	-94.640305	51.869127	0.833333	0.216667
1.113259	0.252130	-94.422050	50.512157	0.850000	0.216667
1.130583	0.265939	-94.223530	49.205838	0.866667	0.216667
1.146966	0.279592	-94.042200	47.948722	0.883333	0.216667
1.162453	0.293059	-93.875918	46.739257	0.900000	0.216667
1.177091	0.306316	-93.722884	45.575834	0.916667	0.216667
1.190926	0.319343	-93.581588	44.456800	0.933333	0.216667
-1.000000	-1.000000	-180.000000	-90.000000	0.950000	0.216667
-1.000000	-1.000000	-180.000000	-90.000000	0.966667	0.216667
-1.000000	-1.000000	-180.000000	-90.000000	0.983333	0.216667
-1.000000	-1.000000	-180.000000	-90.000000	1.000000	0.216667
-1.000000	-1.000000	-180.000000	-90.000000	0.000000	0.216667
-1.000000	-1.000000	-180.000000	-90.000000	0.016667	0.216667
-1.000000	-1.000000	-180.000000	-90.000000	0.033333	0.216667
-1.000000	-1.000000	-180.000000	-90.000000	0.050000	0.216667
-0.191851	0.319343	93.495858	44.421091	0.066667	0.216667
-0.178017	0.306316	93.636936	45.539456	0.083333	0.216667
-0.163379	0.293059	93.789717	46.702198	0.100000	0.216667
-0.147892	0.279592	93.955714	47.910974	0.116667	0.216667
-0.131509	0.265939	94.136714	49.167391	0.133333	0.216667
-0.114185	0.252130	94.334849	50.473004	0.150000	0.216667
-0.095874	0.238200	94.552662	51.829267	0.166667	0.216667
-0.076532	0.224189	94.793235	53.237515	0.183333	0.216667
-0.056114	0.210147	95.060317	54.698909	0.200000	0.216667
-0.034582	0.196126	95.358538	56.214403	0.216667	0.216667
-0.011900	0.182188	95.693656	57.784682	0.233333	0.216667
0.011965	0.168402	96.072944	59.410112	0.250000	0.216667
0.037034	0.154844	96.505710	61.090662	0.266667	0.216667
0.063324	0.141597	97.004062	62.825836	0.283333	0.216667
0.090839	0.128751	97.584033	64.614581	0.300000	0.216667
0.119575	0.116400	98.267312	66.455181	0.316667	0.216667
0.149513	0.104645	99.083944	68.345123	0.333333	0.216667
0.180617	0.093589	100.076735	70.280911	0.350000	0.216667
0.212839	0.083336	101.308732	72.257789	0.366667	0.216667
0.246114	0.073990	102.876537	74.269287	0.383333	0.216667
0.280357	0.065651	104.935435	76.306362	0.400000	0.216667
0.315469	0.058413	107.750017	78.355669	0.416667	0.216667
0.351335	0.052363	111.804474	80.395646	0.433333	0.216667
0.387823	0.047574	118.062456	82.386598	0.450000	0.216667
0.424789	0.044108	128.603299	84.242449	0.466667	0.216667
0.462081	0.042010	147.796151	85.746214	0.483333	0.216667
0.499537	0.041307	179.559937	86.397074	0.500000	0.216667
0.536993	0.042010	-148.453736	85.772681	0.516667	0.216667
0.574285	0.044108	-128.998749	84.281426	0.533333	0.216667
0.611252	0.047574	-118.322669	82.430520	0.550000	0.216667
0.647739	0.052363	-111.997606	80.441653	0.566667	0.216667
0.683605	0.058413	-107.906938	78.402576	0.583333	0.216667
0.718717	0.065651	-105.071046	76.353596	0.600000	0.216667
0.752960	0.073990	-102.998697	74.316532	0.616667	0.216667
0.786235	0.083336	-101.421899	72.304841	0.633333	0.216667
0.818457	0.093589	-100.183621	70.327634	0.650000	0.216667
0.849562	0.104645	-99.186284	68.391423	0.666667	0.216667
0.879499	0.116400	-98.366262	66.500983	0.683333	0.216667
0.908235	0.128751	-97.680387	64.659826	0.700000	0.216667
0.935751	0.141597	-97.098396	62.870483	0.716667	0.216667
0.962040	0.154844	-96.598439	61.134676	0.733333	0.216667
0.987109	0.168402	-96.164379	59.453467	0.750000	0.216667
1.010974	0.182188	-95.784038	57.827358	0.766667	0.216667
1.033656	0.196126	-95.448044	56.256385	0.783333	0.216667
1.055189	0.210147	-95.149091	54.740185	0.800000	0.216667
1.075606	0.224189	-94.881403	53.278087	0.816667	0.216667
1.094949	0.238200	-94.640305	51.869127	0.833333	0.216667
1.113259	0.252130	-94.422050	50.512157	0.850000	0.216667
1.130583	0.265939	-94.223530	49.205838	0.866667	0.216667
1.146966	0.279592	-94.042200	47.948722	0.883333	0.216667
1.162453	0.293059	-93.875918	46.739257	0.900000	0.216667
1.177091	0.306316	-93.722884	45.575834	0.916667	0.216667
1.190926	0.319343	-93.581588	44.456800	0.933333	0.216667
-1.000000	-1.000000	-180.000000	-90.000000	0.950000	0.216667
-1.000000	-1.000000	-180.000000	-90.000000	0.966667	0.216667
-1.000000	-1.000000	-180.000000	-90.000000	0.983333	0.216667
-1.000000	-1.000000	-180.000000	-90.000000	1.000000	0.216667
-1.000000	-1.000000	-180.000000	-90.000000	0.000000	0.200000
-1.000000	-1.000000	-180.000000	-90.000000	0.016667	0.200000
-1.000000	-1.000000	-180.000000	-90.000000	0.033333	0.200000
-1.000000	-1.000000	-180.000000	-90.000000	0.050000	0.200000
-0.191235	0.301064	91.948259	45.244073	0.066667	0.200000
-0.177230	0.287879	92.027766	46.365021	0.083333	0.200000
-0.162419	0.274476	92.113885	47.529367	0.100000	0.200000
-0.146759	0.260876	92.207476	48.738658	0.116667	0.200000
-0.130207	0.247104	92.309562	49.994389	0.133333	0.200000
-0.112717	0.233192	92.421343	51.298000	0.150000	0.200000
-0.094246	0.219176	92.544274	52.650832	0.166667	0.200000
-0.074751	0.205098	92.680110	54.054116	0.183333	0.200000
-0.054193	0.191006	92.830990	55.508914	0.200000	0.200000
-0.032534	0.176956	92.999561	57.016107	0.216667	0.200000
-0.009741	0.163009	93.189125	58.576327	0.233333	0.200000
0.014214	0.149233	93.403855	60.189935	0.250000	0.200000
0.039351	0.135705	93.649116	61.856947	0.266667	0.200000
0.065682	0.122507	93.931903	63.576999	0.283333	0.200000
0.093210	0.109726	94.261526	65.349279	0.300000	0.200000
0.121926	0.097456	94.650645	67.172467	0.316667	0.200000
0.151810	0.085794	95.116918	69.044671	0.333333	0.200000
0.182825	0.074839	95.685732	70.963339	0.350000	0.200000
0.214922	0.064694	96.394935	72.925160	0.366667	0.200000
0.248034	0.055456	97.303492	74.925897	0.383333	0.200000
0.282080	0.047223	98.508472	76.960081	0.400000	0.200000
0.316963	0.040084	100.181384	79.020398	0.416667	0.200000
0.352568	0.034121	102.654880	81.096159	0.433333	0.200000
0.388771	0.029404	106.662829	83.168965	0.450000	0.200000
0.425433	0.025993	114.151176	85.197289	0.466667	0.200000
0.462406	0.023928	131.732446	87.041352	0.483333	0.200000
0.499537	0.023237	179.210196	88.027847	0.500000	0.200000
0.536668	0.023928	-132.488239	87.079541	0.516667	0.200000
0.573641	0.025993	-114.487757	85.244099	0.533333	0.200000
0.610303	0.029404	-106.870122	83.217981	0.550000	0.200000
0.646506	0.034121	-102.810319	81.145850	0.566667	0.200000
0.682111	0.040084	-100.311485	79.070225	0.583333	0.200000
0.716994	0.047223	-98.624425	77.009779	0.600000	0.200000
0.751040	0.055456	-97.410788	74.975316	0.616667	0.200000
0.784153	0.064694	-96.496562	72.974194	0.633333	0.200000
0.816249	0.074839	-95.783451	71.011908	0.650000	0.200000
0.847265	0.085794	-95.211834	69.092715	0.666667	0.200000
0.877148	0.097456	-94.743488	67.219938	0.683333	0.200000
0.905864	0.109726	-94.352789	65.396134	0.700000	0.200000
0.933392	0.122507	-94.021939	63.623206	0.716667	0.200000
0.959723	0.135705	-93.738183	61.902480	0.733333	0.200000
0.984860	0.149233	-93.492138	60.234771	0.750000	0.200000
1.008815	0.163009	-93.276772	58.620451	0.766667	0.200000
1.031608	0.176956	-93.086688	57.059511	0.783333	0.200000
1.053267	0.191006	-92.917676	55.551587	0.800000	0.200000
1.073826	0.205098	-92.766423	54.096054	0.816667	0.200000
1.093320	0.219176	-92.630278	52.692038	0.833333	0.200000
1.111791	0.233192	-92.507088	51.338477	0.850000	0.200000
1.129281	0.247104	-92.395077	50.034139	0.866667	0.200000
1.145834	0.260876	-92.292792	48.777687	0.883333	0.200000
1.161493	0.274476	-92.199024	47.567682	0.900000	0.200000
1.176304	0.287879	-92.112761	46.402637	0.916667	0.200000
1.190310	0.301064	-92.033117	45.280997	0.933333	0.200000
-1.000000	-1.000000	-180.000000	-90.000000	0.950000	0.200000
-1.000000	-1.000000	-180.000000	-90.000000	0.966667	0.200000
-1.000000	-1.000000	-180.000000	-90.000000	0.983333	0.200000
-1.000000	-1.000000	-180.000000	-90.000000	1.000000	0.200000
-1.000000	-1.000000	-180.000000	-90.000000	0.000000	0.200000
-1.000000	-1.000000	-180.000000	-90.000000	0.016667	0.200000
-1.000000	-1.000000	-180.000000	-90.000000	0.033333	0.200000
-1.000000	-1.000000	-180.000000	-90.000000	0.050000	0.200000
-0.191235	0.301064	91.948259	45.244073	0.066667	0.200000
-0.177230	0.287879	92.027766	46.365021	0.083333	0.200000
-0.162419	0.274476	92.113885	47.529367	0.100000	0.200000
-0.146759	0.260876	92.207476	48.738658	0.116667	0.200000
-0.130207	0.247104	92.309562	49.994389	0.133333	0.200000
-0.112717	0.233192	92.421343	51.298000	0.150000	0.200000
-0.094246	0.219176	92.544274	52.650832	0.166667	0.200000
-0.074751	0.205098	92.680110	54.054116	0.183333	0.200000
-0.054193	0.191006	92.830990	55.508914	0.200000	0.200000
-0.032534	0.176956	92.999561	57.016107	0.216667	0.200000
-0.009741	0.163009	93.189125	58.576327	0.233333	0.200000
0.014214	0.149233	93.403855	60.189935	0.250000	0.200000
0.039351	0.135705	93.649116	61.856947	0.266667	0.200000
0.065682	0.122507	93.931903	63.576999	0.283333	0.200000
0.093210	0.109726	94.261526	65.349279	0.300000	0.200000
0.121926	0.097456	94.650645	67.172467	0.316667	0.200000
0.151810	0.085794	95.116918	69.044671	0.333333	0.200000
0.182825	0.074839	95.685732	70.963339	0.350000	0.200000
0.214922	0.064694	96.394935	72.925160	0.366667	0.200000
0.248034	0.055456	97.303492	74.925897	0.383333	0.200000
0.282080	0.047223	98.508472	76.960081	0.400000	0.200000
0.316963	0.040084	100.181384	79.020398	0.416667	0.200000
0.352568	0.034121	102.654880	81.096159	0.433333	0.200000
0.388771	0.029404	106.662829	83.168965	0.450000	0.200000
0.425433	0.025993	114.151176	85.197289	0.466667	0.200000
0.462406	0.023928	131.732446	87.041352	0.483333	0.200000
0.499537	0.023237	179.210196	88.027847	0.500000	0.200000
0.536668	0.023928	-132.488239	87.079541	0.516667	0.200000
0.573641	0.025993	-114.487757	85.244099	0.533333	0.200000
0.610303	0.029404	-106.870122	83.217981	0.550000	0.200000
0.646506	0.034121	-102.810319	81.145850	0.566667	0.200000
0.682111	0.040084	-100.311485	79.070225	0.583333	0.200000
0.716994	0.047223	-98.624425	77.009779	0.600000	0.200000
0.751040	0.055456	-97.410788	74.975316	0.616667	0.200000
0.784153	0.064694	-96.496562	72.974194	0.633333	0.200000
0.816249	0.074839	-95.783451	71.011908	0.650000	0.200000
0.847265	0.085794	-95.211834	69.092715	0.666667	0.200000
0.877148	0.097456	-94.743488	67.219938	0.683333	0.200000
0.905864	0.109726	-94.352789	65.396134	0.700000	0.200000
0.933392	0.122507	-94.021939	63.623206	0.716667	0.200000
0.959723	0.135705	-93.738183	61.902480	0.733333	0.200000
0.984860	0.149233	-93.492138	60.234771	0.750000	0.200000
1.008815	0.163009	-93.276772	58.620451	0.766667	0.200000
1.031608	0.176956	-93.086688	57.059511	0.783333	0.200000
1.053267	0.191006	-92.917676	55.551587	0.800000	0.200000
1.073826	0.205098	-92.766423	54.096054	0.816667	0.200000
1.093320	0.219176	-92.630278	52.692038	0.833333	0.200000
1.111791	0.233192	-92.507088	51.338477	0.850000	0.200000
1.129281	0.247104	-92.395077	50.034139	0.866667	0.200000
1.145834	0.260876	-92.292792	48.777687	0.883333	0.200000
1.161493	0.274476	-92.199024	47.567682	0.900000	0.200000
1.176304	0.287879	-92.112761	46.402637	0.916667	0.200000
1.190310	0.301064	-92.033117	45.280997	0.933333	0.200000
-1.000000	-1.000000	-180.000000	-90.000000	0.950000	0.200000
-1.000000	-1.000000	-180.000000	-90.000000	0.966667	0.200000
-1.000000	-1.000000	-180.000000	-90.000000	0.983333	0.200000
-1.000000	-1.000000	-180.000000	-90.000000	1.000000	0.200000
-1.000000	-1.000000	-180.000000	-90.000000	0.000000	0.183333
-1.000000	-1.000000	-180.000000	-90.000000	0.016667	0.183333
-1.000000	-1.000000	-180.000000	-90.000000	0.033333	0.183333
-1.000000	-1.000000	-180.000000	-90.000000	0.050000	0.183333
-0.190288	0.283162	90.397778	46.024958	0.066667	0.183333
-0.176111	0.269845	90.415355	47.145955	0.083333	0.183333
-0.161128	0.256321	90.434395	48.309196	0.100000	0.183333
-0.145299	0.242615	90.455087	49.516106	0.116667	0.183333
-0.128579	0.228753	90.477661	50.768049	0.133333	0.183333
-0.110928	0.214766	90.502384	52.066334	0.150000	0.183333
-0.092302	0.200693	90.529577	53.412166	0.166667	0.183333
-0.072663	0.186576	90.559628	54.806640	0.183333	0.183333
-0.051973	0.172465	90.593018	56.250690	0.200000	0.183333
-0.030197	0.158415	90.630331	57.745075	0.216667	0.183333
-0.007305	0.144488	90.672304	59.290324	0.233333	0.183333
0.016727	0.130752	90.719868	60.886716	0.250000	0.183333
0.041917	0.117282	90.774218	62.534218	0.266667	0.183333
0.068273	0.104158	90.836919	64.232465	0.283333	0.183333
0.095797	0.091469	90.910058	65.980708	0.300000	0.183333
0.124476	0.079303	90.996473	67.777777	0.316667	0.183333
0.154287	0.067755	91.100144	69.622049	0.333333	0.183333
0.185195	0.056923	91.226809	71.511417	0.350000	0.183333
0.217147	0.046903	91.385074	73.443268	0.366667	0.183333
0.250079	0.037790	91.588443	75.414469	0.383333	0.183333
0.283909	0.029677	91.859393	77.421345	0.400000	0.183333
0.318543	0.022648	92.238311	79.459681	0.416667	0.183333
0.353871	0.016782	92.805711	81.524654	0.433333	0.183333
0.389771	0.012145	93.748524	83.610644	0.450000	0.183333
0.426111	0.008793	95.621706	85.710319	0.466667	0.183333
0.462749	0.006765	101.109422	87.808108	0.483333	0.183333
0.499537	0.006086	176.394084	89.575076	0.500000	0.183333
0.536325	0.006765	-101.466221	87.859883	0.516667	0.183333
0.572963	0.008793	-95.775449	85.762747	0.533333	0.183333
0.609303	0.012145	-93.863340	83.663038	0.550000	0.183333
0.645203	0.016782	-92.906808	81.576853	0.566667	0.183333
0.680531	0.022648	-92.333036	79.511591	0.583333	0.183333
0.715165	0.029677	-91.950659	77.472896	0.600000	0.183333
0.748995	0.037790	-91.677620	75.465596	0.616667	0.183333
0.781927	0.046903	-91.472897	73.493918	0.633333	0.183333
0.813880	0.056923	-91.313701	71.561536	0.650000	0.183333
0.844787	0.067755	-91.186371	69.671594	0.666667	0.183333
0.874598	0.079303	-91.082211	67.826711	0.683333	0.183333
0.903278	0.091469	-90.995425	66.028997	0.700000	0.183333
0.930801	0.104158	-90.921998	64.280081	0.716667	0.183333
0.957158	0.117282	-90.859069	62.581137	0.733333	0.183333
0.982347	0.130752	-90.804534	60.932919	0.750000	0.183333
1.006379	0.144488	-90.756821	59.335798	0.766667	0.183333
1.029271	0.158415	-90.714733	57.789813	0.783333	0.183333
1.051047	0.172465	-90.677311	56.294678	0.800000	0.183333
1.071737	0.186576	-90.643838	54.849880	0.816667	0.183333
1.091376	0.200693	-90.613712	53.454654	0.833333	0.183333
1.110002	0.214766	-90.586455	52.108074	0.850000	0.183333
1.127653	0.228753	-90.561683	50.809048	0.866667	0.183333
1.144373	0.242615	-90.539061	49.556367	0.883333	0.183333
1.160202	0.256321	-90.518324	48.348727	0.900000	0.183333
1.175185	0.269845	-90.499251	47.184767	0.916667	0.183333
1.189362	0.283162	-90.481650	46.063066	0.933333	0.183333
-1.000000	-1.000000	-180.000000	-90.000000	0.950000	0.183333
-1.000000	-1.000000	-180.000000	-90.000000	0.966667	0.183333
-1.000000	-1.000000	-180.000000	-90.000000	0.983333	0.183333
-1.000000	-1.000000	-180.000000	-90.000000	1.000000	0.183333
-1.000000	-1.000000	-180.000000	-90.000000	0.000000	0.183333
-1.000000	-1.000000	-180.000000	-90.000000	0.016667	0.183333
-1.000000	-1.000000	-180.000000	-90.000000	0.033333	0.183333
-1.000000	-1.000000	-180.000000	-90.000000	0.050000	0.183333
-0.190288	0.283162	90.397778	46.024958	0.066667	0.183333
-0.176111	0.269845	90.415355	47.145955	0.083333	0.183333
-0.161128	0.256321	90.434395	48.309196	0.100000	0.183333
-0.145299	0.242615	90.455087	49.516106	0.116667	0.183333
-0.128579	0.228753	90.477661	50.768049	0.133333	0.183333
-0.110928	0.214766	90.502384	52.066334	0.150000	0.183333
-0.092302	0.200693	90.529577	53.412166	0.166667	0.183333
-0.072663	0.186576	90.559628	54.806640	0.183333	0.183333
-0.051973	0.172465	90.593018	56.250690	0.200000	0.183333
-0.030197	0.158415	90.630331	57.745075	0.216667	0.183333
-0.007305	0.144488	90.672304	59.290324	0.233333	0.183333
0.016727	0.130752	90.719868	60.886716	0.250000	0.183333
0.041917	0.117282	90.774218	62.534218	0.266667	0.183333
0.068273	0.104158	90.836919	64.232465	0.283333	0.183333
0.095797	0.091469	90.910058	65.980708	0.300000	0.183333
0.124476	0.079303	90.996473	67.777777	0.316667	0.183333
0.154287	0.067755	91.100144	69.622049	0.333333	0.183333
0.185195	0.056923	91.226809	71.511417	0.350000	0.183333
0.217147	0.046903	91.385074	73.443268	0.366667	0.183333
0.250079	0.037790	91.588443	75.414469	0.383333	0.183333
0.283909	0.029677	91.859393	77.421345	0.400000	0.183333
0.318543	0.022648	92.238311	79.459681	0.416667	0.183333
0.353871	0.016782	92.805711	81.524654	0.433333	0.183333
0.389771	0.012145	93.748524	83.610644	0.450000	0.183333
0.426111	0.008793	95.621706	85.710319	0.466667	0.183333
0.462749	0.006765	101.109422	87.808108	0.483333	0.183333
0.499537	0.006086	176.394084	89.575076	0.500000	0.183333
0.536325	0.006765	-101.466221	87.859883	0.516667	0.183333
0.572963	0.008793	-95.775449	85.762747	0.533333	0.183333
0.609303	0.012145	-93.863340	83.663038	0.550000	0.183333
0.645203	0.016782	-92.906808	81.576853	0.566667	0.183333
0.680531	0.022648	-92.333036	79.511591	0.583333	0.183333
0.715165	0.029677	-91.950659	77.472896	0.600000	0.183333
0.748995	0.037790	-91.677620	75.465596	0.616667	0.183333
0.781927	0.046903	-91.472897	73.493918	0.633333	0.183333
0.813880	0.056923	-91.313701	71.561536	0.650000	0.183333
0.844787	0.067755	-91.186371	69.671594	0.666667	0.183333
0.874598	0.079303	-91.082211	67.826711	0.683333	0.183333
0.903278	0.091469	-90.995425	66.028997	0.700000	0.183333
0.930801	0.104158	-90.921998	64.280081	0.716667	0.183333
0.957158	0.117282	-90.859069	62.581137	0.733333	0.183333
0.982347	0.130752	-90.804534	60.932919	0.750000	0.183333
1.006379	0.144488	-90.756821	59.335798	0.766667	0.183333
1.029271	0.158415	-90.714733	57.789813	0.783333	0.183333
1.051047	0.172465	-90.677311	56.294678	0.800000	0.183333
1.071737	0.186576	-90.643838	54.849880	0.816667	0.183333
1.091376	0.200693	-90.613712	53.454654	0.833333	0.183333
1.110002	0.214766	-90.586455	52.108074	0.850000	0.183333
1.127653	0.228753	-90.561683	50.809048	0.866667	0.183333
1.144373	0.242615	-90.539061	49.556367	0.883333	0.183333
1.160202	0.256321	-90.518324	48.348727	0.900000	0.183333
1.175185	0.269845	-90.499251	47.184767	0.916667	0.183333
1.189362	0.283162	-90.481650	46.063066	0.933333	0.183333
-1.000000	-1.000000	-180.000000	-90.000000	0.950000	0.183333
-1.000000	-1.000000	-180.000000	-90.000000	0.966667	0.183333
-1.000000	-1.000000	-180.000000	-90.000000	0.983333	0.183333
-1.000000	-1.000000	-180.000000	-90.000000	1.000000	0.183333
-1.000000	-1.000000	-180.000000	-90.000000	0.000000	0.166667
-1.000000	-1.000000	-180.000000	-90.000000	0.016667	0.166667
-1.000000	-1.000000	-180.000000	-90.000000	0.033333	0.166667
-1.000000	-1.000000	-180.000000	-90.000000	0.050000	0.166667
-0.189026	0.265646	88.846680	46.764264	0.066667	0.166667
-0.174678	0.252220	88.802249	47.882902	0.083333	0.166667
-0.159526	0.238602	88.754121	49.042477	0.100000	0.166667
-0.143529	0.224815	88.701809	50.244273	0.116667	0.166667
-0.126647	0.210889	88.644748	51.489516	0.133333	0.166667
-0.108840	0.196854	88.582259	52.779361	0.150000	0.166667
-0.090067	0.182752	88.513530	54.114859	0.166667	0.166667
-0.070291	0.168624	88.437577	55.496944	0.183333	0.166667
-0.049479	0.154521	88.353195	56.926389	0.200000	0.166667
-0.027596	0.140498	88.258904	58.403792	0.216667	0.166667
-0.004618	0.126617	88.152849	59.929524	0.233333	0.166667
0.019478	0.112946	88.032680	61.503710	0.250000	0.166667
0.044705	0.099558	87.895382	63.126178	0.266667	0.166667
0.071072	0.086534	87.737014	64.796432	0.283333	0.166667
0.098575	0.073958	87.552324	66.513607	0.300000	0.166667
0.127200	0.061917	87.334160	68.276436	0.316667	0.166667
0.156922	0.050504	87.072524	70.083213	0.333333	0.166667
0.187704	0.039811	86.752997	71.931755	0.350000	0.166667
0.219495	0.029932	86.354003	73.819364	0.366667	0.166667
0.252229	0.020957	85.841745	75.742778	0.383333	0.166667
0.285827	0.012975	85.160147	77.698076	0.400000	0.166667
0.320196	0.006066	84.208946	79.680507	0.416667	0.166667
0.355231	0.000304	82.789786	81.684011	0.433333	0.166667
0.390814	-0.004247	80.448888	83.699803	0.450000	0.166667
0.426817	-0.007536	75.883179	85.710836	0.466667	0.166667
0.463105	-0.009525	63.475667	87.657798	0.483333	0.166667
0.499537	-0.010191	1.441325	88.954754	0.500000	0.166667
0.535969	-0.009525	-62.957265	87.706072	0.516667	0.166667
0.572257	-0.007536	-75.789584	85.763163	0.533333	0.166667
0.608260	-0.004247	-80.451274	83.752849	0.550000	0.166667
0.643843	0.000304	-82.827342	81.737136	0.566667	0.166667
0.678878	0.006066	-84.263072	79.733476	0.583333	0.166667
0.713247	0.012975	-85.223349	77.750755	0.600000	0.166667
0.746845	0.020957	-85.910444	75.795076	0.616667	0.166667
0.779579	0.029932	-86.426274	73.871209	0.633333	0.166667
0.811370	0.039811	-86.827722	71.983089	0.650000	0.166667
0.842152	0.050504	-87.149007	70.133989	0.666667	0.166667
0.871874	0.061917	-87.411941	68.326609	0.683333	0.166667
0.900499	0.073958	-87.631091	66.563141	0.700000	0.166667
0.928002	0.086534	-87.816543	64.845294	0.716667	0.166667
0.954369	0.099558	-87.975514	63.174342	0.733333	0.166667
0.979597	0.112946	-88.113305	61.551161	0.750000	0.166667
1.003692	0.126617	-88.233861	59.976237	0.766667	0.166667
1.026671	0.140498	-88.340245	58.449762	0.783333	0.166667
1.048553	0.154521	-88.434814	56.971609	0.800000	0.166667
1.069365	0.168624	-88.519426	55.541408	0.816667	0.166667
1.089141	0.182752	-88.595570	54.158563	0.833333	0.166667
1.107914	0.196854	-88.664468	52.822309	0.850000	0.166667
1.125721	0.210889	-88.727095	51.531708	0.866667	0.166667
1.142603	0.224815	-88.784282	50.285718	0.883333	0.166667
1.158600	0.238602	-88.836701	49.083181	0.900000	0.166667
1.173752	0.252220	-88.884917	47.922872	0.916667	0.166667
1.188100	0.265646	-88.929434	46.803514	0.933333	0.166667
-1.000000	-1.000000	-180.000000	-90.000000	0.950000	0.166667
-1.000000	-1.000000	-180.000000	-90.000000	0.966667	0.166667
-1.000000	-1.000000	-180.000000	-90.000000	0.983333	0.166667
-1.000000	-1.000000	-180.000000	-90.000000	1.000000	0.166667
-1.000000	-1.000000	-180.000000	-90.000000	0.000000	0.166667
-1.000000	-1.000000	-180.000000	-90.000000	0.016667	0.166667
-1.000000	-1.000000	-180.000000	-90.000000	0.033333	0.166667
-1.000000	-1.000000	-180.000000	-90.000000	0.050000	0.166667
-0.189026	0.265646	88.846680	46.764264	0.066667	0.166667
-0.174678	0.252220	88.802249	47.882902	0.083333	0.166667
-0.159526	0.238602	88.754121	49.042477	0.100000	0.166667
-0.143529	0.224815	88.701809	50.244273	0.116667	0.166667
-0.126647	0.210889	88.644748	51.489516	0.133333	0.166667
-0.108840	0.196854	88.582259	52.779361	0.150000	0.166667
-0.090067	0.182752	88.513530	54.114859	0.166667	0.166667
-0.070291	0.168624	88.437577	55.496944	0.183333	0.166667
-0.049479	0.154521	88.353195	56.926389	0.200000	0.166667
-0.027596	0.140498	88.258904	58.403792	0.216667	0.166667
-0.004618	0.126617	88.152849	59.929524	0.233333	0.166667
0.019478	0.112946	88.032680	61.503710	0.250000	0.166667
0.044705	0.099558	87.895382	63.126178	0.266667	0.166667
0.071072	0.086534	87.737014	64.796432	0.283333	0.166667
0.098575	0.073958	87.552324	66.513607	0.300000	0.166667
0.127200	0.061917	87.334160	68.276436	0.316667	0.166667
0.156922	0.050504	87.072524	70.083213	0.333333	0.166667
0.187704	0.039811	86.752997	71.931755	0.350000	0.166667
0.219495	0.029932	86.354003	73.819364	0.366667	0.166667
0.252229	0.020957	85.841745	75.742778	0.383333	0.166667
0.285827	0.012975	85.160147	77.698076	0.400000	0.166667
0.320196	0.006066	84.208946	79.680507	0.416667	0.166667
0.355231	0.000304	82.789786	81.684011	0.433333	0.166667
0.390814	-0.004247	80.448888	83.699803	0.450000	0.166667
0.426817	-0.007536	75.883179	85.710836	0.466667	0.166667
0.463105	-0.009525	63.475667	87.657798	0.483333	0.166667
0.499537	-0.010191	1.441325	88.954754	0.500000	0.166667
0.535969	-0.009525	-62.957265	87.706072	0.516667	0.166667
0.572257	-0.007536	-75.789584	85.763163	0.533333	0.166667
0.608260	-0.004247	-80.451274	83.752849	0.550000	0.166667
0.643843	0.000304	-82.827342	81.737136	0.566667	0.166667
0.678878	0.006066	-84.263072	79.733476	0.583333	0.166667
0.713247	0.012975	-85.223349	77.750755	0.600000	0.166667
0.746845	0.020957	-85.910444	75.795076	0.616667	0.166667
0.779579	0.029932	-86.426274	73.871209	0.633333	0.166667
0.811370	0.039811	-86.827722	71.983089	0.650000	0.166667
0.842152	0.050504	-87.149007	70.133989	0.666667	0.166667
0.871874	0.061917	-87.411941	68.326609	0.683333	0.166667
0.900499	0.073958	-87.631091	66.563141	0.700000	0.166667
0.928002	0.086534	-87.816543	64.845294	0.716667	0.166667
0.954369	0.099558	-87.975514	63.174342	0.733333	0.166667
0.979597	0.112946	-88.113305	61.551161	0.750000	0.166667
1.003692	0.126617	-88.233861	59.976237	0.766667	0.166667
1.026671	0.140498	-88.340245	58.449762	0.783333	0.166667
1.048553	0.154521	-88.434814	56.971609	0.800000	0.166667
1.069365	0.168624	-88.519426	55.541408	0.816667	0.166667
1.089141	0.182752	-88.595570	54.158563	0.833333	0.166667
1.107914	0.196854	-88.664468	52.822309	0.850000	0.166667
1.125721	0.210889	-88.727095	51.531708	0.866667	0.166667
1.142603	0.224815	-88.784282	50.285718	0.883333	0.166667
1.158600	0.238602	-88.836701	49.083181	0.900000	0.166667
1.173752	0.252220	-88.884917	47.922872	0.916667	0.166667
1.188100	0.265646	-88.929434	46.803514	0.933333	0.166667
-1.000000	-1.000000	-180.000000	-90.000000	0.950000	0.166667
-1.000000	-1.000000	-180.000000	-90.000000	0.966667	0.166667
-1.000000	-1.000000	-180.000000	-90.000000	0.983333	0.166667
-1.000000	-1.000000	-180.000000	-90.000000	1.000000	0.166667
-1.000000	-1.000000	-180.000000	-90.000000	0.000000	0.150000
-1.000000	-1.000000	-180.000000	-90.000000	0.016667	0.150000
-1.000000	-1.000000	-180.000000	-90.000000	0.033333	0.150000
-1.000000	-1.000000	-180.000000	-90.000000	0.050000	0.150000
-0.187467	0.248524	87.297246	47.462673	0.066667	0.150000
-0.172950	0.235013	87.191016	48.576688	0.083333	0.150000
-0.157632	0.221323	87.075959	49.730192	0.100000	0.150000
-0.141472	0.207481	86.950929	50.924326	0.116667	0.150000
-0.124433	0.193514	86.814575	52.160156	0.133333	0.150000
-0.106475	0.179457	86.665285	53.438674	0.150000	0.150000
-0.087563	0.165350	86.501128	54.760759	0.166667	0.150000
-0.067660	0.151236	86.319772	56.127163	0.183333	0.150000
-0.046735	0.137166	86.118367	57.538468	0.200000	0.150000
-0.024758	0.123195	85.893399	58.995076	0.216667	0.150000
-0.001706	0.109384	85.640490	60.497151	0.233333	0.150000
0.022440	0.095802	85.354094	62.044603	0.250000	0.150000
0.047692	0.082520	85.027111	63.637032	0.266667	0.150000
0.074054	0.069616	84.650280	65.273695	0.283333	0.150000
0.101520	0.057172	84.211301	66.953454	0.300000	0.150000
0.130075	0.045275	83.693486	68.674718	0.316667	0.150000
0.159692	0.034012	83.073615	70.435379	0.333333	0.150000
0.190334	0.023473	82.318417	72.232712	0.350000	0.150000
0.221947	0.013747	81.378515	74.063236	0.366667	0.150000
0.254468	0.004921	80.177465	75.922474	0.383333	0.150000
0.287819	-0.002922	78.590539	77.804480	0.400000	0.150000
0.321910	-0.009704	76.400366	79.700876	0.416667	0.150000
0.356639	-0.015355	73.194551	81.598525	0.433333	0.150000
0.391892	-0.019817	68.098783	83.473239	0.450000	0.150000
0.427546	-0.023039	58.977917	85.269297	0.466667	0.150000
0.463473	-0.024987	39.936879	86.818281	0.483333	0.150000
0.499537	-0.025639	0.607956	87.560749	0.500000	0.150000
0.535601	-0.024987	-39.249302	86.853538	0.516667	0.150000
0.571528	-0.023039	-58.714575	85.316549	0.533333	0.150000
0.607182	-0.019817	-68.001824	83.524286	0.550000	0.150000
0.642435	-0.015355	-73.170441	81.650973	0.566667	0.150000
0.677164	-0.009704	-76.413278	79.753831	0.583333	0.150000
0.711255	-0.002922	-78.624536	77.857524	0.600000	0.150000
0.744606	0.004921	-80.224523	75.975372	0.616667	0.150000
0.777127	0.013747	-81.434194	74.115840	0.633333	0.150000
0.808741	0.023473	-82.380066	72.284912	0.650000	0.150000
0.839382	0.034012	-83.139561	70.487093	0.666667	0.150000
0.868999	0.045275	-83.762625	68.725886	0.683333	0.150000
0.897554	0.057172	-84.282874	67.004023	0.700000	0.150000
0.925020	0.069616	-84.723751	65.323627	0.716667	0.150000
0.951382	0.082520	-85.102082	63.686289	0.733333	0.150000
0.976634	0.095802	-85.430273	62.093159	0.750000	0.150000
1.000780	0.109384	-85.717659	60.544989	0.766667	0.150000
1.023832	0.123195	-85.971388	59.042181	0.783333	0.150000
1.045809	0.137166	-86.197029	57.584822	0.800000	0.150000
1.066734	0.151236	-86.399011	56.172764	0.816667	0.150000
1.086637	0.165350	-86.580858	54.805604	0.833333	0.150000
1.105549	0.179457	-86.745426	53.482757	0.850000	0.150000
1.123507	0.193514	-86.895070	52.203479	0.866667	0.150000
1.140546	0.207481	-87.031733	50.966895	0.883333	0.150000
1.156706	0.221323	-87.157035	49.772016	0.900000	0.150000
1.172024	0.235013	-87.272325	48.617771	0.916667	0.150000
1.186541	0.248524	-87.378768	47.503029	0.933333	0.150000
-1.000000	-1.000000	-180.000000	-90.000000	0.950000	0.150000
-1.000000	-1.000000	-180.000000	-90.000000	0.966667	0.150000
-1.000000	-1.000000	-180.000000	-90.000000	0.983333	0.150000
-1.000000	-1.000000	-180.000000	-90.000000	1.000000	0.150000
-1.000000	-1.000000	-180.000000	-90.000000	0.000000	0.150000
-1.000000	-1.000000	-180.000000	-90.000000	0.016667	0.150000
-1.000000	-1.000000	-180.000000	-90.000000	0.033333	0.150000
-1.000000	-1.000000	-180.000000	-90.000000	0.050000	0.150000
-0.187467	0.248524	87.297246	47.462673	0.066667	0.150000
-0.172950	0.235013	87.191016	48.576688	0.083333	0.150000
-0.157632	0.221323	87.075959	49.730192	0.100000	0.150000
-0.141472	0.207481	86.950929	50.924326	0.116667	0.150000
-0.124433	0.193514	86.814575	52.160156	0.133333	0.150000
-0.106475	0.179457	86.665285	53.438674	0.150000	0.150000
-0.087563	0.165350	86.501128	54.760759	0.166667	0.150000
-0.067660	0.151236	86.319772	56.127163	0.183333	0.150000
-0.046735	0.137166	86.118367	57.538468	0.200000	0.150000
-0.024758	0.123195	85.893399	58.995076	0.216667	0.150000
-0.001706	0.109384	85.640490	60.497151	0.233333	0.150000
0.022440	0.095802	85.354094	62.044603	0.250000	0.150000
0.047692	0.082520	85.027111	63.637032	0.266667	0.150000
0.074054	0.069616	84.650280	65.273695	0.283333	0.150000
0.101520	0.057172	84.211301	66.953454	0.300000	0.150000
0.130075	0.045275	83.693486	68.674718	0.316667	0.150000
0.159692	0.034012	83.073615	70.435379	0.333333	0.150000
0.190334	0.023473	82.318417	72.232712	0.350000	0.150000
0.221947	0.013747	81.378515	74.063236	0.366667	0.150000
0.254468	0.004921	80.177465	75.922474	0.383333	0.150000
0.287819	-0.002922	78.590539	77.804480	0.400000	0.150000
0.321910	-0.009704	76.400366	79.700876	0.416667	0.150000
0.356639	-0.015355	73.194551	81.598525	0.433333	0.150000
0.391892	-0.019817	68.098783	83.473239	0.450000	0.150000
0.427546	-0.023039	58.977917	85.269297	0.466667	0.150000
0.463473	-0.024987	39.936879	86.818281	0.483333	0.150000
0.499537	-0.025639	0.607956	87.560749	0.500000	0.150000
0.535601	-0.024987	-39.249302	86.853538	0.516667	0.150000
0.571528	-0.023039	-58.714575	85.316549	0.533333	0.150000
0.607182	-0.019817	-68.001824	83.524286	0.550000	0.150000
0.642435	-0.015355	-73.170441	81.650973	0.566667	0.150000
0.677164	-0.009704	-76.413278	79.753831	0.583333	0.150000
0.711255	-0.002922	-78.624536	77.857524	0.600000	0.150000
0.744606	0.004921	-80.224523	75.975372	0.616667	0.150000
0.777127	0.013747	-81.434194	74.115840	0.633333	0.150000
0.808741	0.023473	-82.380066	72.284912	0.650000	0.150000
0.839382	0.034012	-83.139561	70.487093	0.666667	0.150000
0.868999	0.045275	-83.762625	68.725886	0.683333	0.150000
0.897554	0.057172	-84.282874	67.004023	0.700000	0.150000
0.925020	0.069616	-84.723751	65.323627	0.716667	0.150000
0.951382	0.082520	-85.102082	63.686289	0.733333	0.150000
0.976634	0.095802	-85.430273	62.093159	0.750000	0.150000
1.000780	0.109384	-85.717659	60.544989	0.766667	0.150000
1.023832	0.123195	-85.971388	59.042181	0.783333	0.150000
1.045809	0.137166	-86.197029	57.584822	0.800000	0.150000
1.066734	0.151236	-86.399011	56.172764	0.816667	0.150000
1.086637	0.165350	-86.580858	54.805604	0.833333	0.150000
1.105549	0.179457	-86.745426	53.482757	0.850000	0.150000
1.123507	0.193514	-86.895070	52.203479	0.866667	0.150000
1.140546	0.207481	-87.031733	50.966895	0.883333	0.150000
1.156706	0.221323	-87.157035	49.772016	0.900000	0.150000
1.172024	0.235013	-87.272325	48.617771	0.916667	0.150000
1.186541	0.248524	-87.378768	47.503029	0.933333	0.150000
-1.000000	-1.000000	-180.000000	-90.000000	0.950000	0.150000
-1.000000	-1.000000	-180.000000	-90.000000	0.966667	0.150000
-1.000000	-1.000000	-180.000000	-90.000000	0.983333	0.150000
-1.000000	-1.000000	-180.000000	-90.000000	1.000000	0.150000
-1.000000	-1.000000	-180.000000	-90.000000	0.000000	0.133333
-1.000000	-1.000000	-180.000000	-90.000000	0.016667	0.133333
-1.000000	-1.000000	-180.000000	-90.000000	0.033333	0.133333
-0.199550	0.245189	85.906930	47.050641	0.050000	0.133333
-0.185629	0.231800	85.751727	48.121030	0.066667	0.133333
-0.170946	0.218225	85.584182	49.228307	0.083333	0.133333
-0.155464	0.204487	85.402772	50.373506	0.100000	0.133333
-0.139147	0.190611	85.205699	51.557614	0.116667	0.133333
-0.121956	0.176628	84.990854	52.781532	0.133333	0.133333
-0.103857	0.162572	84.755723	54.046078	0.150000	0.133333
-0.084813	0.148484	84.497300	55.351940	0.166667	0.133333
-0.064792	0.134407	84.211955	56.699672	0.183333	0.133333
-0.043765	0.120393	83.895270	58.089644	0.200000	0.133333
-0.021706	0.106496	83.541801	59.522028	0.216667	0.133333
0.001408	0.092777	83.144778	60.996743	0.233333	0.133333
0.025591	0.079304	82.695668	62.513431	0.250000	0.133333
0.050853	0.066146	82.183568	64.071392	0.266667	0.133333
0.077195	0.053380	81.594330	65.669541	0.283333	0.133333
0.104610	0.041086	80.909261	67.306333	0.300000	0.133333
0.133080	0.029347	80.103165	68.979675	0.316667	0.133333
0.162578	0.018248	79.141288	70.686801	0.333333	0.133333
0.193063	0.007874	77.974377	72.424090	0.350000	0.133333
0.224486	-0.001688	76.530424	74.186768	0.366667	0.133333
0.256780	-0.010356	74.700174	75.968395	0.383333	0.133333
0.289872	-0.018052	72.310485	77.759904	0.400000	0.133333
0.323673	-0.024701	69.072420	79.547669	0.416667	0.133333
0.358084	-0.030237	64.474370	81.309298	0.433333	0.133333
0.392997	-0.034606	57.553082	83.003614	0.450000	0.133333
0.428293	-0.037760	46.431593	84.545187	0.466667	0.133333
0.463850	-0.039666	27.888819	85.743049	0.483333	0.133333
0.499537	-0.040303	0.388235	86.237355	0.500000	0.133333
0.535224	-0.039666	-27.297288	85.769231	0.516667	0.133333
0.570781	-0.037760	-46.105209	84.585953	0.533333	0.133333
0.606077	-0.034606	-57.389364	83.051032	0.550000	0.133333
0.640990	-0.030237	-64.399379	81.359817	0.566667	0.133333
0.675401	-0.024701	-69.047816	79.599683	0.583333	0.133333
0.709202	-0.018052	-72.316400	77.812613	0.600000	0.133333
0.742294	-0.010356	-74.725710	76.021352	0.616667	0.133333
0.774589	-0.001688	-76.569219	74.239691	0.633333	0.133333
0.806011	0.007874	-78.022511	72.476798	0.650000	0.133333
0.836496	0.018248	-79.196226	70.739164	0.666667	0.133333
0.865994	0.029347	-80.163200	69.031593	0.683333	0.133333
0.894464	0.041086	-80.973205	67.357730	0.700000	0.133333
0.921879	0.053380	-81.661336	65.720360	0.716667	0.133333
0.948221	0.066146	-82.253007	64.121583	0.733333	0.133333
0.973483	0.079304	-82.767079	62.562962	0.750000	0.133333
0.997666	0.092777	-83.217801	61.045584	0.766667	0.133333
1.020780	0.106496	-83.616154	59.570153	0.783333	0.133333
1.042839	0.120393	-83.970740	58.137040	0.800000	0.133333
1.063866	0.134407	-84.288363	56.746325	0.816667	0.133333
1.083887	0.148484	-84.574510	55.397845	0.833333	0.133333
1.102931	0.162572	-84.833614	54.091228	0.850000	0.133333
1.121031	0.176628	-85.069332	52.825925	0.866667	0.133333
1.138221	0.190611	-85.284684	51.601252	0.883333	0.133333
1.154539	0.204487	-85.482205	50.416398	0.900000	0.133333
1.170020	0.218225	-85.664009	49.270458	0.916667	0.133333
1.184703	0.231800	-85.831886	48.162441	0.933333	0.133333
1.198624	0.245189	-85.987400	47.091330	0.950000	0.133333
-1.000000	-1.000000	-180.000000	-90.000000	0.966667	0.133333
-1.000000	-1.000000	-180.000000	-90.000000	0.983333	0.133333
-1.000000	-1.000000	-180.000000	-90.000000	1.000000	0.133333
-1.000000	-1.000000	-180.000000	-90.000000	0.000000	0.133333
-1.000000	-1.000000	-180.000000	-90.000000	0.016667	0.133333
-1.000000	-1.000000	-180.000000	-90.000000	0.033333	0.133333
-0.199550	0.245189	85.906930	47.050641	0.050000	0.133333
-0.185629	0.231800	85.751727	48.121030	0.066667	0.133333
-0.170946	0.218225	85.584182	49.228307	0.083333	0.133333
-0.155464	0.204487	85.402772	50.373506	0.100000	0.133333
-0.139147	0.190611	85.205699	51.557614	0.116667	0.133333
-0.121956	0.176628	84.990854	52.781532	0.133333	0.133333
-0.103857	0.162572	84.755723	54.046078	0.150000	0.133333
-0.084813	0.148484	84.497300	55.351940	0.166667	0.133333
-0.064792	0.134407	84.211955	56.699672	0.183333	0.133333
-0.043765	0.120393	83.895270	58.089644	0.200000	0.133333
-0.021706	0.106496	83.541801	59.522028	0.216667	0.133333
0.001408	0.092777	83.144778	60.996743	0.233333	0.133333
0.025591	0.079304	82.695668	62.513431	0.250000	0.133333
0.050853	0.066146	82.183568	64.071392	0.266667	0.133333
0.077195	0.053380	81.594330	65.669541	0.283333	0.133333
0.104610	0.041086	80.909261	67.306333	0.300000	0.133333
0.133080	0.029347	80.103165	68.979675	0.316667	0.133333
0.162578	0.018248	79.141288	70.686801	0.333333	0.133333
0.193063	0.007874	77.974377	72.424090	0.350000	0.133333
0.224486	-0.001688	76.530424	74.186768	0.366667	0.133333
0.256780	-0.010356	74.700174	75.968395	0.383333	0.133333
0.289872	-0.018052	72.310485	77.759904	0.400000	0.133333
0.323673	-0.024701	69.072420	79.547669	0.416667	0.133333
0.358084	-0.030237	64.474370	81.309298	0.433333	0.133333
0.392997	-0.034606	57.553082	83.003614	0.450000	0.133333
0.428293	-0.037760	46.431593	84.545187	0.466667	0.133333
0.463850	-0.039666	27.888819	85.743049	0.483333	0.133333
0.499537	-0.040303	0.388235	86.237355	0.500000	0.133333
0.535224	-0.039666	-27.297288	85.769231	0.516667	0.133333
0.570781	-0.037760	-46.105209	84.585953	0.533333	0.133333
0.606077	-0.034606	-57.389364	83.051032	0.550000	0.133333
0.640990	-0.030237	-64.399379	81.359817	0.566667	0.133333
0.675401	-0.024701	-69.047816	79.599683	0.583333	0.133333
0.709202	-0.018052	-72.316400	77.812613	0.600000	0.133333
0.742294	-0.010356	-74.725710	76.021352	0.616667	0.133333
0.774589	-0.001688	-76.569219	74.239691	0.633333	0.133333
0.806011	0.007874	-78.022511	72.476798	0.650000	0.133333
0.836496	0.018248	-79.196226	70.739164	0.666667	0.133333
0.865994	0.029347	-80.163200	69.031593	0.683333	0.133333
0.894464	0.041086	-80.973205	67.357730	0.700000	0.133333
0.921879	0.053380	-81.661336	65.720360	0.716667	0.133333
0.948221	0.066146	-82.253007	64.121583	0.733333	0.133333
0.973483	0.079304	-82.767079	62.562962	0.750000	0.133333
0.997666	0.092777	-83.217801	61.045584	0.766667	0.133333
1.020780	0.106496	-83.616154	59.570153	0.783333	0.133333
1.042839	0.120393	-83.970740	58.137040	0.800000	0.133333
1.063866	0.134407	-84.288363	56.746325	0.816667	0.133333
1.083887	0.148484	-84.574510	55.397845	0.833333	0.133333
1.102931	0.162572	-84.833614	54.091228	0.850000	0.133333
1.121031	0.176628	-85.069332	52.825925	0.866667	0.133333
1.138221	0.190611	-85.284684	51.601252	0.883333	0.133333
1.154539	0.204487	-85.482205	50.416398	0.900000	0.133333
1.170020	0.218225	-85.664009	49.270458	0.916667	0.133333
1.184703	0.231800	-85.831886	48.162441	0.933333	0.133333
1.198624	0.245189	-85.987400	47.091330	0.950000	0.133333
-1.000000	-1.000000	-180.000000	-90.000000	0.966667	0.133333
-1.000000	-1.000000	-180.000000	-90.000000	0.983333	0.133333
-1.000000	-1.000000	-180.000000	-90.000000	1.000000	0.133333
-1.000000	-1.000000	-180.000000	-90.000000	0.000000	0.116667
-1.000000	-1.000000	-180.000000	-90.000000	0.016667	0.116667
-1.000000	-1.000000	-180.000000	-90.000000	0.033333	0.116667
-0.197614	0.228922	84.423725	47.677099	0.050000	0.116667
-0.183528	0.215476	84.212352	48.740309	0.066667	0.116667
-0.168683	0.201859	83.984258	49.838887	0.083333	0.116667
-0.153044	0.188094	83.737381	50.973722	0.100000	0.116667
-0.136574	0.174206	83.469317	52.145637	0.116667	0.116667
-0.119239	0.160229	83.177228	53.355366	0.133333	0.116667
-0.101005	0.146196	82.857748	54.603538	0.150000	0.116667
-0.081839	0.132147	82.506857	55.890646	0.166667	0.116667
-0.061710	0.118129	82.119717	57.217029	0.183333	0.116667
-0.040592	0.104191	81.690445	58.582826	0.200000	0.116667
-0.018461	0.090388	81.211825	59.987959	0.216667	0.116667
0.004701	0.076781	80.674905	61.432070	0.233333	0.116667
0.028908	0.063434	80.068460	62.914493	0.250000	0.116667
0.054167	0.050417	79.378215	64.434174	0.266667	0.116667
0.080475	0.037805	78.585760	65.989614	0.283333	0.116667
0.107825	0.025675	77.666961	67.578769	0.300000	0.116667
0.136196	0.014107	76.589590	69.198916	0.316667	0.116667
0.165560	0.003183	75.309723	70.846470	0.333333	0.116667
0.195877	-0.007016	73.766072	72.516700	0.350000	0.116667
0.227095	-0.016406	71.870844	74.203268	0.366667	0.116667
0.259152	-0.024911	69.494489	75.897463	0.383333	0.116667
0.291974	-0.032453	66.439544	77.586801	0.400000	0.116667
0.325475	-0.038965	62.394712	79.252444	0.416667	0.116667
0.359560	-0.044384	56.854718	80.864070	0.433333	0.116667
0.394124	-0.048657	48.993150	82.369587	0.450000	0.116667
0.429054	-0.051741	37.546396	83.675352	0.466667	0.116667
0.464233	-0.053604	21.152448	84.618686	0.483333	0.116667
0.499537	-0.054227	0.286865	84.980750	0.500000	0.116667
0.534841	-0.053604	-20.662774	84.639275	0.516667	0.116667
0.570020	-0.051741	-37.215944	83.710315	0.533333	0.116667
0.604950	-0.048657	-48.794134	82.412850	0.550000	0.116667
0.639514	-0.044384	-56.743091	80.911909	0.566667	0.116667
0.673599	-0.038965	-62.338981	79.302827	0.583333	0.116667
0.707100	-0.032453	-66.420238	77.638591	0.600000	0.116667
0.739922	-0.024911	-69.499720	75.949988	0.616667	0.116667
0.771979	-0.016406	-71.893186	74.256112	0.633333	0.116667
0.803197	-0.007016	-73.800730	72.569580	0.650000	0.116667
0.833514	0.003183	-75.353496	70.899194	0.666667	0.116667
0.862878	0.014107	-76.640272	69.251338	0.683333	0.116667
0.891249	0.025675	-77.722992	67.630782	0.700000	0.116667
0.918599	0.037805	-78.646010	66.041138	0.716667	0.116667
0.944907	0.050417	-79.441838	64.485139	0.733333	0.116667
0.970166	0.063434	-80.134823	62.964852	0.750000	0.116667
0.994373	0.076781	-80.743515	61.481780	0.766667	0.116667
1.017536	0.090388	-81.282303	60.036991	0.783333	0.116667
1.039666	0.104191	-81.762493	58.631158	0.800000	0.116667
1.060784	0.118129	-82.193088	57.264641	0.816667	0.116667
1.080913	0.132147	-82.581359	55.937528	0.833333	0.116667
1.100079	0.146196	-82.933209	54.649675	0.850000	0.116667
1.118313	0.160229	-83.253525	53.400759	0.866667	0.116667
1.135648	0.174206	-83.546338	52.190284	0.883333	0.116667
1.152118	0.188094	-83.815036	51.017625	0.900000	0.116667
1.167757	0.201859	-84.062464	49.882049	0.916667	0.116667
1.182602	0.215476	-84.291045	48.782734	0.933333	0.116667
1.196688	0.228922	-84.502843	47.718795	0.950000	0.116667
-1.000000	-1.000000	-180.000000	-90.000000	0.966667	0.116667
-1.000000	-1.000000	-180.000000	-90.000000	0.983333	0.116667
-1.000000	-1.000000	-180.000000	-90.000000	1.000000	0.116667
-1.000000	-1.000000	-180.000000	-90.000000	0.000000	0.116667
-1.000000	-1.000000	-180.000000	-90.000000	0.016667	0.116667
-1.000000	-1.000000	-180.000000	-90.000000	0.033333	0.116667
-0.197614	0.228922	84.423725	47.677099	0.050000	0.116667
-0.183528	0.215476	84.212352	48.740309	0.066667	0.116667
-0.168683	0.201859	83.984258	49.838887	0.083333	0.116667
-0.153044	0.188094	83.737381	50.973722	0.100000	0.116667
-0.136574	0.174206	83.469317	52.145637	0.116667	0.116667
-0.119239	0.160229	83.177228	53.355366	0.133333	0.116667
-0.101005	0.146196	82.857748	54.603538	0.150000	0.116667
-0.081839	0.132147	82.506857	55.890646	0.166667	0.116667
-0.061710	0.118129	82.119717	57.217029	0.183333	0.116667
-0.040592	0.104191	81.690445	58.582826	0.200000	0.116667
-0.018461	0.090388	81.211825	59.987959	0.216667	0.116667
0.004701	0.076781	80.674905	61.432070	0.233333	0.116667
0.028908	0.063434	80.068460	62.914493	0.250000	0.116667
0.054167	0.050417	79.378215	64.434174	0.266667	0.116667
0.080475	0.037805	78.585760	65.989614	0.283333	0.116667
0.107825	0.025675	77.666961	67.578769	0.300000	0.116667
0.136196	0.014107	76.589590	69.198916	0.316667	0.116667
0.165560	0.003183	75.309723	70.846470	0.333333	0.116667
0.195877	-0.007016	73.766072	72.516700	0.350000	0.116667
0.227095	-0.016406	71.870844	74.203268	0.366667	0.116667
0.259152	-0.024911	69.494489	75.897463	0.383333	0.116667
0.291974	-0.032453	66.439544	77.586801	0.400000	0.116667
0.325475	-0.038965	62.394712	79.252444	0.416667	0.116667
0.359560	-0.044384	56.854718	80.864070	0.433333	0.116667
0.394124	-0.048657	48.993150	82.369587	0.450000	0.116667
0.429054	-0.051741	37.546396	83.675352	0.466667	0.116667
0.464233	-0.053604	21.152448	84.618686	0.483333	0.116667
0.499537	-0.054227	0.286865	84.980750	0.500000	0.116667
0.534841	-0.053604	-20.662774	84.639275	0.516667	0.116667
0.570020	-0.051741	-37.215944	83.710315	0.533333	0.116667
0.604950	-0.048657	-48.794134	82.412850	0.550000	0.116667
0.639514	-0.044384	-56.743091	80.911909	0.566667	0.116667
0.673599	-0.038965	-62.338981	79.302827	0.583333	0.116667
0.707100	-0.032453	-66.420238	77.638591	0.600000	0.116667
0.739922	-0.024911	-69.499720	75.949988	0.616667	0.116667
0.771979	-0.016406	-71.893186	74.256112	0.633333	0.116667
0.803197	-0.007016	-73.800730	72.569580	0.650000	0.116667
0.833514	0.003183	-75.353496	70.899194	0.666667	0.116667
0.862878	0.014107	-76.640272	69.251338	0.683333	0.116667
0.891249	0.025675	-77.722992	67.630782	0.700000	0.116667
0.918599	0.037805	-78.646010	66.041138	0.716667	0.116667
0.944907	0.050417	-79.441838	64.485139	0.733333	0.116667
0.970166	0.063434	-80.134823	62.964852	0.750000	0.116667
0.994373	0.076781	-80.743515	61.481780	0.766667	0.116667
1.017536	0.090388	-81.282303	60.036991	0.783333	0.116667
1.039666	0.104191	-81.762493	58.631158	0.800000	0.116667
1.060784	0.118129	-82.193088	57.264641	0.816667	0.116667
1.080913	0.132147	-82.581359	55.937528	0.833333	0.116667
1.100079	0.146196	-82.933209	54.649675	0.850000	0.116667
1.118313	0.160229	-83.253525	53.400759	0.866667	0.116667
1.135648	0.174206	-83.546338	52.190284	0.883333	0.116667
1.152118	0.188094	-83.815036	51.017625	0.900000	0.116667
1.167757	0.201859	-84.062464	49.882049	0.916667	0.116667
1.182602	0.215476	-84.291045	48.782734	0.933333	0.116667
1.196688	0.228922	-84.502843	47.718795	0.950000	0.116667
-1.000000	-1.000000	-180.000000	-90.000000	0.966667	0.116667
-1.000000	-1.000000	-180.000000	-90.000000	0.983333	0.116667
-1.000000	-1.000000	-180.000000	-90.000000	1.000000	0.116667
-1.000000	-1.000000	-180.000000	-90.000000	0.000000	0.100000
-1.000000	-1.000000	-180.000000	-90.000000	0.016667	0.100000
-1.000000	-1.000000	-180.000000	-90.000000	0.033333	0.100000
-0.195430	0.213037	82.947952	48.267291	0.050000	0.100000
-0.181183	0.199554	82.681290	49.321599	0.066667	0.100000
-0.166180	0.185915	82.393666	50.409681	0.083333	0.100000
-0.150389	0.172142	82.082523	51.532269	0.100000	0.100000
-0.133773	0.158263	81.744872	52.690028	0.116667	0.100000
-0.116301	0.144311	81.377206	53.883511	0.133333	0.100000
-0.097941	0.130320	80.975370	55.113161	0.150000	0.100000
-0.078661	0.116332	80.534411	56.379264	0.166667	0.100000
-0.058435	0.102391	80.048387	57.681937	0.183333	0.100000
-0.037237	0.088548	79.510098	59.021077	0.200000	0.100000
-0.015047	0.074857	78.910746	60.396341	0.216667	0.100000
0.008152	0.061377	78.239474	61.807072	0.233333	0.100000
0.032370	0.048173	77.482731	63.252269	0.250000	0.100000
0.057612	0.035312	76.623405	64.730494	0.266667	0.100000
0.083874	0.022867	75.639598	66.239791	0.283333	0.100000
0.111145	0.010913	74.502879	67.777560	0.300000	0.100000
0.139404	-0.000474	73.175735	69.340387	0.316667	0.100000
0.168622	-0.011215	71.607800	70.923798	0.333333	0.100000
0.198759	-0.021231	69.730139	72.521885	0.350000	0.100000
0.229762	-0.030443	67.446456	74.126721	0.366667	0.100000
0.261571	-0.038779	64.619367	75.727404	0.383333	0.100000
0.294113	-0.046165	61.048949	77.308443	0.400000	0.100000
0.327306	-0.052537	56.440112	78.846963	0.416667	0.100000
0.361057	-0.057836	50.358160	80.307851	0.433333	0.100000
0.395267	-0.062012	42.190697	81.635637	0.450000	0.100000
0.429826	-0.065025	31.206038	82.743195	0.466667	0.100000
0.464622	-0.066845	16.958873	83.505572	0.483333	0.100000
0.499537	-0.067453	0.228564	83.787132	0.500000	0.100000
0.534452	-0.066845	-16.546949	83.522529	0.516667	0.100000
0.569248	-0.065025	-30.893695	82.773483	0.533333	0.100000
0.603807	-0.062012	-41.978018	81.674878	0.550000	0.100000
0.638017	-0.057836	-50.223079	80.352710	0.566667	0.100000
0.671768	-0.052537	-56.360488	78.895280	0.583333	0.100000
0.704961	-0.046165	-61.008274	77.358873	0.600000	0.100000
0.737503	-0.038779	-64.606305	75.779104	0.616667	0.100000
0.769312	-0.030443	-67.453353	74.179133	0.633333	0.100000
0.800315	-0.021231	-69.751774	72.574630	0.650000	0.100000
0.830452	-0.011215	-71.640552	70.976613	0.666667	0.100000
0.859670	-0.000474	-73.217038	69.393079	0.683333	0.100000
0.887929	0.010913	-74.550875	67.829985	0.700000	0.100000
0.915200	0.022867	-75.692918	66.291838	0.716667	0.100000
0.941462	0.035312	-76.681012	64.782072	0.733333	0.100000
0.966704	0.048173	-77.543839	63.303312	0.750000	0.100000
0.990922	0.061377	-78.303475	61.857530	0.766667	0.100000
1.014121	0.074857	-78.977156	60.446169	0.783333	0.100000
1.036311	0.088548	-79.578537	59.070245	0.800000	0.100000
1.057509	0.102391	-80.118540	57.730414	0.816667	0.100000
1.077736	0.116332	-80.606032	56.427036	0.833333	0.100000
1.097015	0.130320	-81.048252	55.160215	0.850000	0.100000
1.115376	0.144311	-81.451173	53.929833	0.866667	0.100000
1.132847	0.158263	-81.819793	52.735621	0.883333	0.100000
1.149463	0.172142	-82.158273	51.577127	0.900000	0.100000
1.165254	0.185915	-82.470140	50.453803	0.916667	0.100000
1.180257	0.199554	-82.758401	49.364988	0.933333	0.100000
1.194504	0.213037	-83.025628	48.309954	0.950000	0.100000
-1.000000	-1.000000	-180.000000	-90.000000	0.966667	0.100000
-1.000000	-1.000000	-180.000000	-90.000000	0.983333	0.100000
-1.000000	-1.000000	-180.000000	-90.000000	1.000000	0.100000
-1.000000	-1.000000	-180.000000	-90.000000	0.000000	0.100000
-1.000000	-1.000000	-180.000000	-90.000000	0.016667	0.100000
-1.000000	-1.000000	-180.000000	-90.000000	0.033333	0.100000
-0.195430	0.213037	82.947952	48.267291	0.050000	0.100000
-0.181183	0.199554	82.681290	49.321599	0.066667	0.100000
-0.166180	0.185915	82.393666	50.409681	0.083333	0.100000
-0.150389	0.172142	82.082523	51.532269	0.100000	0.100000
-0.133773	0.158263	81.744872	52.690028	0.116667	0.100000
-0.116301	0.144311	81.377206	53.883511	0.133333	0.100000
-0.097941	0.130320	80.975370	55.113161	0.150000	0.100000
-0.078661	0.116332	80.534411	56.379264	0.166667	0.100000
-0.058435	0.102391	80.048387	57.681937	0.183333	0.100000
-0.037237	0.088548	79.510098	59.021077	0.200000	0.100000
-0.015047	0.074857	78.910746	60.396341	0.216667	0.100000
0.008152	0.061377	78.239474	61.807072	0.233333	0.100000
0.032370	0.048173	77.482731	63.252269	0.250000	0.100000
0.057612	0.035312	76.623405	64.730494	0.266667	0.100000
0.083874	0.022867	75.639598	66.239791	0.283333	0.100000
0.111145	0.010913	74.502879	67.777560	0.300000	0.100000
0.139404	-0.000474	73.175735	69.340387	0.316667	0.100000
0.168622	-0.011215	71.607800	70.923798	0.333333	0.100000
0.198759	-0.021231	69.730139	72.521885	0.350000	0.100000
0.229762	-0.030443	67.446456	74.126721	0.366667	0.100000
0.261571	-0.038779	64.619367	75.727404	0.383333	0.100000
0.294113	-0.046165	61.048949	77.308443	0.400000	0.100000
0.327306	-0.052537	56.440112	78.846963	0.416667	0.100000
0.361057	-0.057836	50.358160	80.307851	0.433333	0.100000
0.395267	-0.062012	42.190697	81.635637	0.450000	0.100000
0.429826	-0.065025	31.206038	82.743195	0.466667	0.100000
0.464622	-0.066845	16.958873	83.505572	0.483333	0.100000
0.499537	-0.067453	0.228564	83.787132	0.500000	0.100000
0.534452	-0.066845	-16.546949	83.522529	0.516667	0.100000
0.569248	-0.065025	-30.893695	82.773483	0.533333	0.100000
0.603807	-0.062012	-41.978018	81.674878	0.550000	0.100000
0.638017	-0.057836	-50.223079	80.352710	0.566667	0.100000
0.671768	-0.052537	-56.360488	78.895280	0.583333	0.100000
0.704961	-0.046165	-61.008274	77.358873	0.600000	0.100000
0.737503	-0.038779	-64.606305	75.779104	0.616667	0.100000
0.769312	-0.030443	-67.453353	74.179133	0.633333	0.100000
0.800315	-0.021231	-69.751774	72.574630	0.650000	0.100000
0.830452	-0.011215	-71.640552	70.976613	0.666667	0.100000
0.859670	-0.000474	-73.217038	69.393079	0.683333	0.100000
0.887929	0.010913	-74.550875	67.829985	0.700000	0.100000
0.915200	0.022867	-75.692918	66.291838	0.716667	0.100000
0.941462	0.035312	-76.681012	64.782072	0.733333	0.100000
0.966704	0.048173	-77.543839	63.303312	0.750000	0.100000
0.990922	0.061377	-78.303475	61.857530	0.766667	0.100000
1.014121	0.074857	-78.977156	60.446169	0.783333	0.100000
1.036311	0.088548	-79.578537	59.070245	0.800000	0.100000
1.057509	0.102391	-80.118540	57.730414	0.816667	0.100000
1.077736	0.116332	-80.606032	56.427036	0.833333	0.100000
1.097015	0.130320	-81.048252	55.160215	0.850000	0.100000
1.115376	0.144311	-81.451173	53.929833	0.866667	0.100000
1.132847	0.158263	-81.819793	52.735621	0.883333	0.100000
1.149463	0.172142	-82.158273	51.577127	0.900000	0.100000
1.165254	0.185915	-82.470140	50.453803	0.916667	0.100000
1.180257	0.199554	-82.758401	49.364988	0.933333	0.100000
1.194504	0.213037	-83.025628	48.309954	0.950000	0.100000
-1.000000	-1.000000	-180.000000	-90.000000	0.966667	0.100000
-1.000000	-1.000000	-180.000000	-90.000000	0.983333	0.100000
-1.000000	-1.000000	-180.000000	-90.000000	1.000000	0.100000
-1.000000	-1.000000	-180.000000	-90.000000	0.000000	0.083333
-1.000000	-1.000000	-180.000000	-90.000000	0.016667	0.083333
-1.000000	-1.000000	-180.000000	-90.000000	0.033333	0.083333
-0.193014	0.197536	81.481505	48.822254	0.050000	0.083333
-0.178610	0.184034	81.160646	49.866085	0.066667	0.083333
-0.163455	0.170391	80.814761	50.942032	0.083333	0.083333
-0.147517	0.156629	80.440831	52.050675	0.100000	0.083333
-0.130763	0.142778	80.035338	53.192511	0.116667	0.083333
-0.113162	0.128869	79.594155	54.367919	0.133333	0.083333
-0.094684	0.114939	79.112413	55.577148	0.150000	0.083333
-0.075301	0.101028	78.584329	56.820276	0.166667	0.083333
-0.054987	0.087182	78.002983	58.097195	0.183333	0.083333
-0.033721	0.073450	77.360027	59.407555	0.200000	0.083333
-0.011483	0.059887	76.645308	60.750736	0.216667	0.083333
0.011740	0.046549	75.846371	62.125779	0.233333	0.083333
0.035957	0.033501	74.947766	63.531335	0.250000	0.083333
0.061170	0.020809	73.930142	64.965566	0.266667	0.083333
0.087372	0.008542	72.768966	66.426044	0.283333	0.083333
0.114553	-0.003228	71.432745	67.909603	0.300000	0.083333
0.142688	-0.014425	69.880515	69.412133	0.316667	0.083333
0.171749	-0.024975	68.058233	70.928286	0.333333	0.083333
0.201695	-0.034802	65.893571	72.451042	0.350000	0.083333
0.232474	-0.043833	63.288364	73.971050	0.366667	0.083333
0.264026	-0.051996	60.107797	75.475599	0.383333	0.083333
0.296281	-0.059223	56.165508	76.946991	0.400000	0.083333
0.329159	-0.065453	51.205307	78.359992	0.416667	0.083333
0.362571	-0.070631	44.886321	79.677938	0.433333	0.083333
0.396421	-0.074710	36.796557	80.847513	0.450000	0.083333
0.430604	-0.077651	26.559148	81.794106	0.466667	0.083333
0.465014	-0.079428	14.125025	82.424972	0.483333	0.083333
0.499537	-0.080021	0.190725	82.652851	0.500000	0.083333
0.534060	-0.079428	-13.770843	82.439416	0.516667	0.083333
0.568470	-0.077651	-26.270589	81.820718	0.533333	0.083333
0.602654	-0.074710	-36.582646	80.883153	0.550000	0.083333
0.636503	-0.070631	-44.737971	79.719813	0.566667	0.083333
0.669915	-0.065453	-51.108515	78.406037	0.583333	0.083333
0.702793	-0.059223	-56.107583	76.995780	0.600000	0.083333
0.735048	-0.051996	-60.078883	75.526171	0.616667	0.083333
0.766600	-0.043833	-63.281223	74.022742	0.633333	0.083333
0.797380	-0.034802	-65.902966	72.503390	0.650000	0.083333
0.827325	-0.024975	-68.080368	70.980958	0.666667	0.083333
0.856386	-0.014425	-69.912608	69.464884	0.683333	0.083333
0.884521	-0.003228	-71.472734	67.962248	0.700000	0.083333
0.911702	0.008542	-72.815294	66.478439	0.716667	0.083333
0.937904	0.020809	-73.981628	65.017604	0.733333	0.083333
0.963117	0.033501	-75.003486	63.582926	0.750000	0.083333
0.987334	0.046549	-75.905608	62.176856	0.766667	0.083333
1.010557	0.059887	-76.707494	60.801247	0.783333	0.083333
1.032795	0.073450	-77.424699	59.457454	0.800000	0.083333
1.054061	0.087182	-78.069770	58.146448	0.816667	0.083333
1.074375	0.101028	-78.652928	56.868857	0.833333	0.083333
1.093758	0.114939	-79.182574	55.625038	0.850000	0.083333
1.112236	0.128869	-79.665660	54.415099	0.866667	0.083333
1.129837	0.142778	-80.108027	53.238981	0.883333	0.083333
1.146591	0.156629	-80.514551	52.096424	0.900000	0.083333
1.162529	0.170391	-80.889386	50.987057	0.916667	0.083333
1.177684	0.184034	-81.236072	49.910388	0.933333	0.083333
1.192088	0.197536	-81.557636	48.865837	0.950000	0.083333
-1.000000	-1.000000	-180.000000	-90.000000	0.966667	0.083333
-1.000000	-1.000000	-180.000000	-90.000000	0.983333	0.083333
-1.000000	-1.000000	-180.000000	-90.000000	1.000000	0.083333
-1.000000	-1.000000	-180.000000	-90.000000	0.000000	0.083333
-1.000000	-1.000000	-180.000000	-90.000000	0.016667	0.083333
-1.000000	-1.000000	-180.000000	-90.000000	0.033333	0.083333
-0.193014	0.197536	81.481505	48.822254	0.050000	0.083333
-0.178610	0.184034	81.160646	49.866085	0.066667	0.083333
-0.163455	0.170391	80.814761	50.942032	0.083333	0.083333
-0.147517	0.156629	80.440831	52.050675	0.100000	0.083333
-0.130763	0.142778	80.035338	53.192511	0.116667	0.083333
-0.113162	0.128869	79.594155	54.367919	0.133333	0.083333
-0.094684	0.114939	79.112413	55.577148	0.150000	0.083333
-0.075301	0.101028	78.584329	56.820276	0.166667	0.083333
-0.054987	0.087182	78.002983	58.097195	0.183333	0.083333
-0.033721	0.073450	77.360027	59.407555	0.200000	0.083333
-0.011483	0.059887	76.645308	60.750736	0.216667	0.083333
0.011740	0.046549	75.846371	62.125779	0.233333	0.083333
0.035957	0.033501	74.947766	63.531335	0.250000	0.083333
0.061170	0.020809	73.930142	64.965566	0.266667	0.083333
0.087372	0.008542	72.768966	66.426044	0.283333	0.083333
0.114553	-0.003228	71.432745	67.909603	0.300000	0.083333
0.142688	-0.014425	69.880515	69.412133	0.316667	0.083333
0.171749	-0.024975	68.058233	70.928286	0.333333	0.083333
0.201695	-0.034802	65.893571	72.451042	0.350000	0.083333
0.232474	-0.043833	63.288364	73.971050	0.366667	0.083333
0.264026	-0.051996	60.107797	75.475599	0.383333	0.083333
0.296281	-0.059223	56.165508	76.946991	0.400000	0.083333
0.329159	-0.065453	51.205307	78.359992	0.416667	0.083333
0.362571	-0.070631	44.886321	79.677938	0.433333	0.083333
0.396421	-0.074710	36.796557	80.847513	0.450000	0.083333
0.430604	-0.077651	26.559148	81.794106	0.466667	0.083333
0.465014	-0.079428	14.125025	82.424972	0.483333	0.083333
0.499537	-0.080021	0.190725	82.652851	0.500000	0.083333
0.534060	-0.079428	-13.770843	82.439416	0.516667	0.083333
0.568470	-0.077651	-26.270589	81.820718	0.533333	0.083333
0.602654	-0.074710	-36.582646	80.883153	0.550000	0.083333
0.636503	-0.070631	-44.737971	79.719813	0.566667	0.083333
0.669915	-0.065453	-51.108515	78.406037	0.583333	0.083333
0.702793	-0.059223	-56.107583	76.995780	0.600000	0.083333
0.735048	-0.051996	-60.078883	75.526171	0.616667	0.083333
0.766600	-0.043833	-63.281223	74.022742	0.633333	0.083333
0.797380	-0.034802	-65.902966	72.503390	0.650000	0.083333
0.827325	-0.024975	-68.080368	70.980958	0.666667	0.083333
0.856386	-0.014425	-69.912608	69.464884	0.683333	0.083333
0.884521	-0.003228	-71.472734	67.962248	0.700000	0.083333
0.911702	0.008542	-72.815294	66.478439	0.716667	0.083333
0.937904	0.020809	-73.981628	65.017604	0.733333	0.083333
0.963117	0.033501	-75.003486	63.582926	0.750000	0.083333
0.987334	0.046549	-75.905608	62.176856	0.766667	0.083333
1.010557	0.059887	-76.707494	60.801247	0.783333	0.083333
1.032795	0.073450	-77.424699	59.457454	0.800000	0.083333
1.054061	0.087182	-78.069770	58.146448	0.816667	0.083333
1.074375	0.101028	-78.652928	56.868857	0.833333	0.083333
1.093758	0.114939	-79.182574	55.625038	0.850000	0.083333
1.112236	0.128869	-79.665660	54.415099	0.866667	0.083333
1.129837	0.142778	-80.108027	53.238981	0.883333	0.083333
1.146591	0.156629	-80.514551	52.096424	0.900000	0.083333
1.162529	0.170391	-80.889386	50.987057	0.916667	0.083333
1.177684	0.184034	-81.236072	49.910388	0.933333	0.083333
1.192088	0.197536	-81.557636	48.865837	0.950000	0.083333
-1.000000	-1.000000	-180.000000	-90.000000	0.966667	0.083333
-1.000000	-1.000000	-180.000000	-90.000000	0.983333	0.083333
-1.000000	-1.000000	-180.000000	-90.000000	1.000000	0.083333
-1.000000	-1.000000	-180.000000	-90.000000	0.000000	0.066667
-1.000000	-1.000000	-180.000000	-90.000000	0.016667	0.066667
-1.000000	-1.000000	-180.000000	-90.000000	0.033333	0.066667
-0.190381	0.182417	80.026193	49.343105	0.050000	0.066667
-0.175826	0.168914	79.652429	50.375030	0.066667	0.066667
-0.160524	0.155284	79.249781	51.437366	0.083333	0.066667
-0.144446	0.141550	78.814808	52.530541	0.100000	0.066667
-0.127561	0.127743	78.343515	53.654890	0.116667	0.066667
-0.109840	0.113895	77.831228	54.810614	0.133333	0.066667
-0.091253	0.100042	77.272446	55.997771	0.150000	0.066667
-0.071777	0.086225	76.660663	57.216233	0.166667	0.066667
-0.051386	0.072489	75.988121	58.465664	0.183333	0.066667
-0.030062	0.058883	75.245515	59.745470	0.200000	0.066667
-0.007787	0.045460	74.421585	61.054756	0.216667	0.066667
0.015448	0.032278	73.502606	62.392260	0.233333	0.066667
0.039652	0.019398	72.471683	63.756289	0.250000	0.066667
0.064823	0.006884	71.307848	65.144607	0.266667	0.066667
0.090955	-0.005197	69.984797	66.554331	0.283333	0.066667
0.118032	-0.016773	68.469209	67.981748	0.300000	0.066667
0.146034	-0.027774	66.718423	69.422097	0.316667	0.066667
0.174927	-0.038128	64.677259	70.869244	0.333333	0.066667
0.204672	-0.047763	62.273674	72.315216	0.350000	0.066667
0.235218	-0.056608	59.412941	73.749532	0.366667	0.066667
0.266506	-0.064596	55.970204	75.158199	0.383333	0.066667
0.298468	-0.071664	51.782018	76.522263	0.400000	0.066667
0.331026	-0.077751	46.639737	77.815727	0.416667	0.066667
0.364095	-0.082808	40.293318	79.002865	0.433333	0.066667
0.397581	-0.086789	32.485497	80.035483	0.450000	0.066667
0.431387	-0.089659	23.049759	80.852253	0.466667	0.066667
0.465408	-0.091392	12.091018	81.384686	0.483333	0.066667
0.499537	-0.091971	0.164204	81.574413	0.500000	0.066667
0.533666	-0.091392	-11.780449	81.397300	0.516667	0.066667
0.567687	-0.089659	-22.784594	80.875962	0.533333	0.066667
0.601493	-0.086789	-32.276707	80.068001	0.550000	0.066667
0.634979	-0.082808	-40.138764	79.041920	0.566667	0.066667
0.668048	-0.077751	-46.531366	77.859448	0.583333	0.066667
0.700606	-0.071664	-51.710729	76.569251	0.600000	0.066667
0.732568	-0.064596	-55.927994	75.207432	0.616667	0.066667
0.763856	-0.056608	-59.393390	73.800276	0.633333	0.066667
0.794402	-0.047763	-62.271834	72.366942	0.650000	0.066667
0.824147	-0.038128	-64.689373	70.921559	0.666667	0.066667
0.853040	-0.027774	-66.741639	69.474711	0.683333	0.066667
0.881042	-0.016773	-68.501349	68.034432	0.700000	0.066667
0.908119	-0.005197	-70.024187	66.606915	0.716667	0.066667
0.934251	0.006884	-71.353186	65.196955	0.733333	0.066667
0.959422	0.019398	-72.521948	63.808293	0.750000	0.066667
0.983626	0.032278	-73.556983	62.443834	0.766667	0.066667
1.006861	0.045460	-74.479423	61.105829	0.783333	0.066667
1.029136	0.058883	-75.306293	59.795992	0.800000	0.066667
1.050460	0.072489	-76.051407	58.515591	0.816667	0.066667
1.070851	0.086225	-76.726106	57.265531	0.833333	0.066667
1.090327	0.100042	-77.339757	56.046417	0.850000	0.066667
1.108914	0.113895	-77.900156	54.858583	0.866667	0.066667
1.126635	0.127743	-78.413852	53.702166	0.883333	0.066667
1.143521	0.141550	-78.886384	52.577116	0.900000	0.066667
1.159598	0.155284	-79.322449	51.483235	0.916667	0.066667
1.174900	0.168914	-79.726066	50.420192	0.933333	0.066667
1.189455	0.182417	-80.100684	49.387557	0.950000	0.066667
-1.000000	-1.000000	-180.000000	-90.000000	0.966667	0.066667
-1.000000	-1.000000	-180.000000	-90.000000	0.983333	0.066667
-1.000000	-1.000000	-180.000000	-90.000000	1.000000	0.066667
-1.000000	-1.000000	-180.000000	-90.000000	0.000000	0.066667
-1.000000	-1.000000	-180.000000	-90.000000	0.016667	0.066667
-1.000000	-1.000000	-180.000000	-90.000000	0.033333	0.066667
-0.190381	0.182417	80.026193	49.343105	0.050000	0.066667
-0.175826	0.168914	79.652429	50.375030	0.066667	0.066667
-0.160524	0.155284	79.249781	51.437366	0.083333	0.066667
-0.144446	0.141550	78.814808	52.530541	0.100000	0.066667
-0.127561	0.127743	78.343515	53.654890	0.116667	0.066667
-0.109840	0.113895	77.831228	54.810614	0.133333	0.066667
-0.091253	0.100042	77.272446	55.997771	0.150000	0.066667
-0.071777	0.086225	76.660663	57.216233	0.166667	0.066667
-0.051386	0.072489	75.988121	58.465664	0.183333	0.066667
-0.030062	0.058883	75.245515	59.745470	0.200000	0.066667
-0.007787	0.045460	74.421585	61.054756	0.216667	0.066667
0.015448	0.032278	73.502606	62.392260	0.233333	0.066667
0.039652	0.019398	72.471683	63.756289	0.250000	0.066667
0.064823	0.006884	71.307848	65.144607	0.266667	0.066667
0.090955	-0.005197	69.984797	66.554331	0.283333	0.066667
0.118032	-0.016773	68.469209	67.981748	0.300000	0.066667
0.146034	-0.027774	66.718423	69.422097	0.316667	0.066667
0.174927	-0.038128	64.677259	70.869244	0.333333	0.066667
0.204672	-0.047763	62.273674	72.315216	0.350000	0.066667
0.235218	-0.056608	59.412941	73.749532	0.366667	0.066667
0.266506	-0.064596	55.970204	75.158199	0.383333	0.066667
0.298468	-0.071664	51.782018	76.522263	0.400000	0.066667
0.331026	-0.077751	46.639737	77.815727	0.416667	0.066667
0.364095	-0.082808	40.293318	79.002865	0.433333	0.066667
0.397581	-0.086789	32.485497	80.035483	0.450000	0.066667
0.431387	-0.089659	23.049759	80.852253	0.466667	0.066667
0.465408	-0.091392	12.091018	81.384686	0.483333	0.066667
0.499537	-0.091971	0.164204	81.574413	0.500000	0.066667
0.533666	-0.091392	-11.780449	81.397300	0.516667	0.066667
0.567687	-0.089659	-22.784594	80.875962	0.533333	0.066667
0.601493	-0.086789	-32.276707	80.068001	0.550000	0.066667
0.634979	-0.082808	-40.138764	79.041920	0.566667	0.066667
0.668048	-0.077751	-46.531366	77.859448	0.583333	0.066667
0.700606	-0.071664	-51.710729	76.569251	0.600000	0.066667
0.732568	-0.064596	-55.927994	75.207432	0.616667	0.066667
0.763856	-0.056608	-59.393390	73.800276	0.633333	0.066667
0.794402	-0.047763	-62.271834	72.366942	0.650000	0.066667
0.824147	-0.038128	-64.689373	70.921559	0.666667	0.066667
0.853040	-0.027774	-66.741639	69.474711	0.683333	0.066667
0.881042	-0.016773	-68.501349	68.034432	0.700000	0.066667
0.908119	-0.005197	-70.024187	66.606915	0.716667	0.066667
0.934251	0.006884	-71.353186	65.196955	0.733333	0.066667
0.959422	0.019398	-72.521948	63.808293	0.750000	0.066667
0.983626	0.032278	-73.556983	62.443834	0.766667	0.066667
1.006861	0.045460	-74.479423	61.105829	0.783333	0.066667
1.029136	0.058883	-75.306293	59.795992	0.800000	0.066667
1.050460	0.072489	-76.051407	58.515591	0.816667	0.066667
1.070851	0.086225	-76.726106	57.265531	0.833333	0.066667
1.090327	0.100042	-77.339757	56.046417	0.850000	0.066667
1.108914	0.113895	-77.900156	54.858583	0.866667	0.066667
1.126635	0.127743	-78.413852	53.702166	0.883333	0.066667
1.143521	0.141550	-78.886384	52.577116	0.900000	0.066667
1.159598	0.155284	-79.322449	51.483235	0.916667	0.066667
1.174900	0.168914	-79.726066	50.420192	0.933333	0.066667
1.189455	0.182417	-80.100684	49.387557	0.950000	0.066667
-1.000000	-1.000000	-180.000000	-90.000000	0.966667	0.066667
-1.000000	-1.000000	-180.000000	-90.000000	0.983333	0.066667
-1.000000	-1.000000	-180.000000	-90.000000	1.000000	0.066667
-1.000000	-1.000000	-180.000000	-90.000000	0.000000	0.050000
-1.000000	-1.000000	-180.000000	-90.000000	0.016667	0.050000
-1.000000	-1.000000	-180.000000	-90.000000	0.033333	0.050000
-0.187548	0.167679	78.583750	49.831021	0.050000	0.050000
-0.172847	0.154191	78.158556	50.849753	0.066667	0.050000
-0.157405	0.140590	77.700847	51.897161	0.083333	0.050000
-0.141195	0.126901	77.206816	52.973526	0.100000	0.050000
-0.124186	0.113153	76.672041	54.079018	0.116667	0.050000
-0.106352	0.099381	76.091374	55.213666	0.133333	0.050000
-0.087667	0.085620	75.458773	56.377341	0.150000	0.050000
-0.068106	0.071911	74.767128	57.569712	0.166667	0.050000
-0.047649	0.058299	74.007995	58.790224	0.183333	0.050000
-0.026278	0.044831	73.171305	60.038041	0.200000	0.050000
-0.003978	0.031561	72.244946	61.312004	0.216667	0.050000
0.019259	0.018545	71.214263	62.610557	0.233333	0.050000
0.043437	0.005842	70.061370	63.931676	0.250000	0.050000
0.068556	-0.006485	68.764287	65.272755	0.266667	0.050000
0.094605	-0.018371	67.295776	66.630481	0.283333	0.050000
0.121570	-0.029749	65.621818	68.000652	0.300000	0.050000
0.149427	-0.040549	63.699612	69.377937	0.316667	0.050000
0.178144	-0.050704	61.474974	70.755548	0.333333	0.050000
0.207680	-0.060143	58.879022	72.124778	0.350000	0.050000
0.237986	-0.068801	55.824176	73.474365	0.366667	0.050000
0.269004	-0.076614	52.199870	74.789608	0.383333	0.050000
0.300668	-0.083520	47.869307	76.051157	0.400000	0.050000
0.332902	-0.089466	42.670633	77.233525	0.416667	0.050000
0.365624	-0.094401	36.429854	78.303456	0.433333	0.050000
0.398745	-0.098285	28.997854	79.218947	0.450000	0.050000
0.432171	-0.101084	20.324637	79.930512	0.466667	0.050000
0.465802	-0.102774	10.563647	80.387189	0.483333	0.050000
0.499537	-0.103338	0.144598	80.548508	0.500000	0.050000
0.533272	-0.102774	-10.286842	80.398413	0.516667	0.050000
0.566903	-0.101084	-20.080610	79.951895	0.533333	0.050000
0.600329	-0.098285	-28.797079	79.248790	0.550000	0.050000
0.633450	-0.094401	-36.273683	78.339925	0.566667	0.050000
0.666173	-0.089466	-42.554981	77.274980	0.583333	0.050000
0.698407	-0.083520	-47.788042	76.096277	0.600000	0.050000
0.730070	-0.076614	-52.146811	74.837372	0.616667	0.050000
0.761088	-0.068801	-55.793903	73.524002	0.633333	0.050000
0.791394	-0.060143	-58.867078	72.175708	0.650000	0.050000
0.820930	-0.050704	-61.477802	70.807331	0.666667	0.050000
0.849647	-0.040549	-63.714408	69.430240	0.683333	0.050000
0.877504	-0.029749	-65.646380	68.053216	0.700000	0.050000
0.904469	-0.018371	-67.328367	66.683103	0.716667	0.050000
0.930518	-0.006485	-68.803531	65.325273	0.733333	0.050000
0.955637	0.005842	-70.106169	63.983963	0.750000	0.050000
0.979815	0.018545	-71.263735	62.662509	0.766667	0.050000
1.003052	0.031561	-72.298374	61.363537	0.783333	0.050000
1.025352	0.044831	-73.228106	60.089090	0.800000	0.050000
1.046723	0.058299	-74.067687	58.840734	0.816667	0.050000
1.067180	0.071911	-74.829318	57.619644	0.833333	0.050000
1.086741	0.085620	-75.523123	56.426656	0.850000	0.050000
1.105426	0.099381	-76.157613	55.262344	0.866667	0.050000
1.123260	0.113153	-76.739929	54.127035	0.883333	0.050000
1.140269	0.126901	-77.276153	53.020867	0.900000	0.050000
1.156479	0.140590	-77.771467	51.943819	0.916667	0.050000
1.171921	0.154191	-78.230311	50.895720	0.933333	0.050000
1.186622	0.167679	-78.656516	49.876294	0.950000	0.050000
-1.000000	-1.000000	-180.000000	-90.000000	0.966667	0.050000
-1.000000	-1.000000	-180.000000	-90.000000	0.983333	0.050000
-1.000000	-1.000000	-180.000000	-90.000000	1.000000	0.050000
-1.000000	-1.000000	-180.000000	-90.000000	0.000000	0.050000
-1.000000	-1.000000	-180.000000	-90.000000	0.016667	0.050000
-1.000000	-1.000000	-180.000000	-90.000000	0.033333	0.050000
-0.187548	0.167679	78.583750	49.831021	0.050000	0.050000
-0.172847	0.154191	78.158556	50.849753	0.066667	0.050000
-0.157405	0.140590	77.700847	51.897161	0.083333	0.050000
-0.141195	0.126901	77.206816	52.973526	0.100000	0.050000
-0.124186	0.113153	76.672041	54.079018	0.116667	0.050000
-0.106352	0.099381	76.091374	55.213666	0.133333	0.050000
-0.087667	0.085620	75.458773	56.377341	0.150000	0.050000
-0.068106	0.071911	74.767128	57.569712	0.166667	0.050000
-0.047649	0.058299	74.007995	58.790224	0.183333	0.050000
-0.026278	0.044831	73.171305	60.038041	0.200000	0.050000
-0.003978	0.031561	72.244946	61.312004	0.216667	0.050000
0.019259	0.018545	71.214263	62.610557	0.233333	0.050000
0.043437	0.005842	70.061370	63.931676	0.250000	0.050000
0.068556	-0.006485	68.764287	65.272755	0.266667	0.050000
0.094605	-0.018371	67.295776	66.630481	0.283333	0.050000
0.121570	-0.029749	65.621818	68.000652	0.300000	0.050000
0.149427	-0.040549	63.699612	69.377937	0.316667	0.050000
0.178144	-0.050704	61.474974	70.755548	0.333333	0.050000
0.207680	-0.060143	58.879022	72.124778	0.350000	0.050000
0.237986	-0.068801	55.824176	73.474365	0.366667	0.050000
0.269004	-0.076614	52.199870	74.789608	0.383333	0.050000
0.300668	-0.083520	47.869307	76.051157	0.400000	0.050000
0.332902	-0.089466	42.670633	77.233525	0.416667	0.050000
0.365624	-0.094401	36.429854	78.303456	0.433333	0.050000
0.398745	-0.098285	28.997854	79.218947	0.450000	0.050000
0.432171	-0.101084	20.324637	79.930512	0.466667	0.050000
0.465802	-0.102774	10.563647	80.387189	0.483333	0.050000
0.499537	-0.103338	0.144598	80.548508	0.500000	0.050000
0.533272	-0.102774	-10.286842	80.398413	0.516667	0.050000
0.566903	-0.101084	-20.080610	79.951895	0.533333	0.050000
0.600329	-0.098285	-28.797079	79.248790	0.550000	0.050000
0.633450	-0.094401	-36.273683	78.339925	0.566667	0.050000
0.666173	-0.089466	-42.554981	77.274980	0.583333	0.050000
0.698407	-0.083520	-47.788042	76.096277	0.600000	0.050000
0.730070	-0.076614	-52.146811	74.837372	0.616667	0.050000
0.761088	-0.068801	-55.793903	73.524002	0.633333	0.050000
0.791394	-0.060143	-58.867078	72.175708	0.650000	0.050000
0.820930	-0.050704	-61.477802	70.807331	0.666667	0.050000
0.849647	-0.040549	-63.714408	69.430240	0.683333	0.050000
0.877504	-0.029749	-65.646380	68.053216	0.700000	0.050000
0.904469	-0.018371	-67.328367	66.683103	0.716667	0.050000
0.930518	-0.006485	-68.803531	65.325273	0.733333	0.050000
0.955637	0.005842	-70.106169	63.983963	0.750000	0.050000
0.979815	0.018545	-71.263735	62.662509	0.766667	0.050000
1.003052	0.031561	-72.298374	61.363537	0.783333	0.050000
1.025352	0.044831	-73.228106	60.089090	0.800000	0.050000
1.046723	0.058299	-74.067687	58.840734	0.816667	0.050000
1.067180	0.071911	-74.829318	57.619644	0.833333	0.050000
1.086741	0.085620	-75.523123	56.426656	0.850000	0.050000
1.105426	0.099381	-76.157613	55.262344	0.866667	0.050000
1.123260	0.113153	-76.739929	54.127035	0.883333	0.050000
1.140269	0.126901	-77.276153	53.020867	0.900000	0.050000
1.156479	0.140590	-77.771467	51.943819	0.916667	0.050000
1.171921	0.154191	-78.230311	50.895720	0.933333	0.050000
1.186622	0.167679	-78.656516	49.876294	0.950000	0.050000
-1.000000	-1.000000	-180.000000	-90.000000	0.966667	0.050000
-1.000000	-1.000000	-180.000000	-90.000000	0.983333	0.050000
-1.000000	-1.000000	-180.000000	-90.000000	1.000000	0.050000
-1.000000	-1.000000	-180.000000	-90.000000	0.000000	0.033333
-1.000000	-1.000000	-180.000000	-90.000000	0.016667	0.033333
-0.198668	0.166655	77.598504	49.309512	0.033333	0.033333
-0.184530	0.153319	77.155808	50.287227	0.050000	0.033333
-0.169688	0.139860	76.680821	51.291623	0.066667	0.033333
-0.154113	0.126303	76.169942	52.322944	0.083333	0.033333
-0.137777	0.112673	75.619042	53.381324	0.100000	0.033333
-0.120653	0.099000	75.023337	54.466779	0.116667	0.033333
-0.102716	0.085317	74.377278	55.579169	0.133333	0.033333
-0.083941	0.071662	73.674382	56.718183	0.150000	0.033333
-0.064306	0.058073	72.907051	57.883298	0.166667	0.033333
-0.043793	0.044596	72.066312	59.073746	0.183333	0.033333
-0.022386	0.031279	71.141523	60.288461	0.200000	0.033333
-0.000072	0.018172	70.119978	61.526036	0.216667	0.033333
0.023155	0.005330	68.986422	62.784637	0.233333	0.033333
0.047298	-0.007187	67.722408	64.061938	0.250000	0.033333
0.072353	-0.019321	66.305516	65.354994	0.266667	0.033333
0.098310	-0.031007	64.708317	66.660113	0.283333	0.033333
0.125153	-0.042181	62.897079	67.972676	0.300000	0.033333
0.152856	-0.052777	60.830149	69.286888	0.316667	0.033333
0.181388	-0.062729	58.455978	70.595467	0.333333	0.033333
0.210708	-0.071972	55.710839	71.889212	0.350000	0.033333
0.240768	-0.080443	52.516499	73.156438	0.366667	0.033333
0.271511	-0.088079	48.778472	74.382241	0.383333	0.033333
0.302872	-0.094826	44.386429	75.547587	0.400000	0.033333
0.334779	-0.100630	39.219670	76.628345	0.416667	0.033333
0.367153	-0.105445	33.162821	77.594483	0.433333	0.033333
0.399908	-0.109233	26.138028	78.410146	0.450000	0.033333
0.432954	-0.111962	18.156406	79.035649	0.466667	0.033333
0.466196	-0.113608	9.376149	79.432588	0.483333	0.033333
0.499537	-0.114159	0.129524	79.571998	0.500000	0.033333
0.532878	-0.113608	-9.126130	79.442719	0.516667	0.033333
0.566120	-0.111962	-17.930868	79.055139	0.533333	0.033333
0.599166	-0.109233	-25.946319	78.437699	0.550000	0.033333
0.631921	-0.105445	-33.007862	77.628618	0.566667	0.033333
0.664295	-0.100630	-39.099899	76.667649	0.583333	0.033333
0.696202	-0.094826	-44.297971	75.590849	0.600000	0.033333
0.727563	-0.088079	-48.716769	74.428469	0.616667	0.033333
0.758306	-0.080443	-52.477141	73.204858	0.633333	0.033333
0.788366	-0.071972	-55.689962	71.939215	0.650000	0.033333
0.817686	-0.062729	-58.450334	70.646579	0.666667	0.033333
0.846218	-0.052777	-60.837077	69.338738	0.683333	0.033333
0.873921	-0.042181	-62.914421	68.024979	0.700000	0.033333
0.900764	-0.031007	-64.734327	66.712633	0.716667	0.033333
0.926721	-0.019321	-66.338786	65.407550	0.733333	0.033333
0.951776	-0.007187	-67.761792	64.114382	0.750000	0.033333
0.975919	0.005330	-69.030986	62.836848	0.766667	0.033333
0.999146	0.018172	-70.168963	61.577921	0.783333	0.033333
1.021460	0.031279	-71.194290	60.339936	0.800000	0.033333
1.042867	0.044596	-72.122340	59.124748	0.816667	0.033333
1.063380	0.058073	-72.965906	57.933777	0.833333	0.033333
1.083015	0.071662	-73.735697	56.768099	0.850000	0.033333
1.101790	0.085317	-74.440741	55.628484	0.866667	0.033333
1.119727	0.099000	-75.088692	54.515473	0.883333	0.033333
1.136851	0.112673	-75.686055	53.429370	0.900000	0.033333
1.153187	0.126303	-76.238428	52.370332	0.916667	0.033333
1.168762	0.139860	-76.750613	51.338341	0.933333	0.033333
1.183604	0.153319	-77.226764	50.333269	0.950000	0.033333
1.197742	0.166655	-77.670495	49.354871	0.966667	0.033333
-1.000000	-1.000000	-180.000000	-90.000000	0.983333	0.033333
-1.000000	-1.000000	-180.000000	-90.000000	1.000000	0.033333
-1.000000	-1.000000	-180.000000	-90.000000	0.000000	0.033333
-1.000000	-1.000000	-180.000000	-90.000000	0.016667	0.033333
-0.198668	0.166655	77.598504	49.309512	0.033333	0.033333
-0.184530	0.153319	77.155808	50.287227	0.050000	0.033333
-0.169688	0.139860	76.680821	51.291623	0.066667	0.033333
-0.154113	0.126303	76.169942	52.322944	0.083333	0.033333
-0.137777	0.112673	75.619042	53.381324	0.100000	0.033333
-0.120653	0.099000	75.023337	54.466779	0.116667	0.033333
-0.102716	0.085317	74.377278	55.579169	0.133333	0.033333
-0.083941	0.071662	73.674382	56.718183	0.150000	0.033333
-0.064306	0.058073	72.907051	57.883298	0.166667	0.033333
-0.043793	0.044596	72.066312	59.073746	0.183333	0.033333
-0.022386	0.031279	71.141523	60.288461	0.200000	0.033333
-0.000072	0.018172	70.119978	61.526036	0.216667	0.033333
0.023155	0.005330	68.986422	62.784637	0.233333	0.033333
0.047298	-0.007187	67.722408	64.061938	0.250000	0.033333
0.072353	-0.019321	66.305516	65.354994	0.266667	0.033333
0.098310	-0.031007	64.708317	66.660113	0.283333	0.033333
0.125153	-0.042181	62.897079	67.972676	0.300000	0.033333
0.152856	-0.052777	60.830149	69.286888	0.316667	0.033333
0.181388	-0.062729	58.455978	70.595467	0.333333	0.033333
0.210708	-0.071972	55.710839	71.889212	0.350000	0.033333
0.240768	-0.080443	52.516499	73.156438	0.366667	0.033333
0.271511	-0.088079	48.778472	74.382241	0.383333	0.033333
0.302872	-0.094826	44.386429	75.547587	0.400000	0.033333
0.334779	-0.100630	39.219670	76.628345	0.416667	0.033333
0.367153	-0.105445	33.162821	77.594483	0.433333	0.033333
0.399908	-0.109233	26.138028	78.410146	0.450000	0.033333
0.432954	-0.111962	18.156406	79.035649	0.466667	0.033333
0.466196	-0.113608	9.376149	79.432588	0.483333	0.033333
0.499537	-0.114159	0.129524	79.571998	0.500000	0.033333
0.532878	-0.113608	-9.126130	79.442719	0.516667	0.033333
0.566120	-0.111962	-17.930868	79.055139	0.533333	0.033333
0.599166	-0.109233	-25.946319	78.437699	0.550000	0.033333
0.631921	-0.105445	-33.007862	77.628618	0.566667	0.033333
0.664295	-0.100630	-39.099899	76.667649	0.583333	0.033333
0.696202	-0.094826	-44.297971	75.590849	0.600000	0.033333
0.727563	-0.088079	-48.716769	74.428469	0.616667	0.033333
0.758306	-0.080443	-52.477141	73.204858	0.633333	0.033333
0.788366	-0.071972	-55.689962	71.939215	0.650000	0.033333
0.817686	-0.062729	-58.450334	70.646579	0.666667	0.033333
0.846218	-0.052777	-60.837077	69.338738	0.683333	0.033333
0.873921	-0.042181	-62.914421	68.024979	0.700000	0.033333
0.900764	-0.031007	-64.734327	66.712633	0.716667	0.033333
0.926721	-0.019321	-66.338786	65.407550	0.733333	0.033333
0.951776	-0.007187	-67.761792	64.114382	0.750000	0.033333
0.975919	0.005330	-69.030986	62.836848	0.766667	0.033333
0.999146	0.018172	-70.168963	61.577921	0.783333	0.033333
1.021460	0.031279	-71.194290	60.339936	0.800000	0.033333
1.042867	0.044596	-72.122340	59.124748	0.816667	0.033333
1.063380	0.058073	-72.965906	57.933777	0.833333	0.033333
1.083015	0.071662	-73.735697	56.768099	0.850000	0.033333
1.101790	0.085317	-74.440741	55.628484	0.866667	0.033333
1.119727	0.099000	-75.088692	54.515473	0.883333	0.033333
1.136851	0.112673	-75.686055	53.429370	0.900000	0.033333
1.153187	0.126303	-76.238428	52.370332	0.916667	0.033333
1.168762	0.139860	-76.750613	51.338341	0.933333	0.033333
1.183604	0.153319	-77.226764	50.333269	0.950000	0.033333
1.197742	0.166655	-77.670495	49.354871	0.966667	0.033333
-1.000000	-1.000000	-180.000000	-90.000000	0.983333	0.033333
-1.000000	-1.000000	-180.000000	-90.000000	1.000000	0.033333
-1.000000	-1.000000	-180.000000	-90.000000	0.000000	0.016667
-1.000000	-1.000000	-180.000000	-90.000000	0.016667	0.016667
-0.195619	0.152640	76.231748	49.748984	0.033333	0.016667
-0.181342	0.139333	75.743899	50.712980	0.050000	0.016667
-0.166366	0.125917	75.220901	51.702033	0.066667	0.016667
-0.150664	0.112418	74.658903	52.716257	0.083333	0.016667
-0.134211	0.098860	74.053502	53.755646	0.100000	0.016667
-0.116980	0.085274	73.399618	54.820066	0.116667	0.016667
-0.098947	0.071694	72.691376	55.909215	0.133333	0.016667
-0.080092	0.058155	71.921950	57.022613	0.150000	0.016667
-0.060393	0.044699	71.083373	58.159548	0.166667	0.016667
-0.039834	0.031368	70.166292	59.319058	0.183333	0.016667
-0.018401	0.018209	69.159689	60.499861	0.200000	0.016667
0.003917	0.005274	68.050502	61.700320	0.216667	0.016667
0.027123	-0.007385	66.823184	62.918351	0.233333	0.016667
0.051220	-0.019711	65.459125	64.151355	0.250000	0.016667
0.076202	-0.031646	63.935967	65.396094	0.266667	0.016667
0.102057	-0.043128	62.226727	66.648559	0.283333	0.016667
0.128768	-0.054095	60.298766	67.903795	0.300000	0.016667
0.156310	-0.064485	58.112556	69.155664	0.316667	0.016667
0.184650	-0.074233	55.620322	70.396557	0.333333	0.016667
0.213748	-0.083279	52.764690	71.617011	0.350000	0.016667
0.243557	-0.091562	49.477706	72.805236	0.366667	0.016667
0.274020	-0.099024	45.680944	73.946546	0.383333	0.016667
0.305077	-0.105611	41.288111	75.022726	0.400000	0.016667
0.336655	-0.111275	36.212304	76.011486	0.416667	0.016667
0.368680	-0.115971	30.381048	76.886236	0.433333	0.016667
0.401069	-0.119664	23.761587	77.616704	0.450000	0.016667
0.433735	-0.122323	16.394877	78.171043	0.466667	0.016667
0.466589	-0.123928	8.427203	78.519887	0.483333	0.016667
0.499537	-0.124464	0.117580	78.641931	0.500000	0.016667
0.532485	-0.123928	-8.198864	78.529138	0.516667	0.016667
0.565339	-0.122323	-16.185390	78.188965	0.533333	0.016667
0.598005	-0.119664	-23.579009	77.642291	0.550000	0.016667
0.630394	-0.115971	-30.228954	76.918282	0.566667	0.016667
0.662419	-0.111275	-36.090658	76.048783	0.583333	0.016667
0.693998	-0.105611	-41.194684	75.064177	0.600000	0.016667
0.725054	-0.099024	-45.612496	73.991221	0.616667	0.016667
0.755517	-0.091562	-49.430780	72.852370	0.633333	0.016667
0.785326	-0.083279	-52.736029	71.665988	0.650000	0.016667
0.814424	-0.074233	-55.607050	70.446882	0.666667	0.016667
0.842764	-0.064485	-58.112219	69.206943	0.683333	0.016667
0.870306	-0.054095	-60.309306	67.955711	0.700000	0.016667
0.897017	-0.043128	-62.246439	66.700859	0.716667	0.016667
0.922872	-0.031646	-63.963441	65.448573	0.733333	0.016667
0.947854	-0.019711	-65.493198	64.203847	0.750000	0.016667
0.971951	-0.007385	-66.862894	62.970723	0.766667	0.016667
0.995157	0.005274	-68.095047	61.752456	0.783333	0.016667
1.017475	0.018209	-69.208405	60.551672	0.800000	0.016667
1.038908	0.031368	-70.218615	59.370463	0.816667	0.016667
1.059467	0.044699	-71.138838	58.210492	0.833333	0.016667
1.079166	0.058155	-71.980162	57.073047	0.850000	0.016667
1.098021	0.071694	-72.751997	55.959099	0.866667	0.016667
1.116054	0.085274	-73.462355	54.869363	0.883333	0.016667
1.133285	0.098860	-74.118114	53.804333	0.900000	0.016667
1.149738	0.112418	-74.725172	52.764312	0.916667	0.016667
1.165440	0.125917	-75.288651	51.749445	0.933333	0.016667
1.180416	0.139333	-75.812970	50.759739	0.950000	0.016667
1.194693	0.152640	-76.301996	49.795079	0.966667	0.016667
-1.000000	-1.000000	-180.000000	-90.000000	0.983333	0.016667
-1.000000	-1.000000	-180.000000	-90.000000	1.000000	0.016667
-1.000000	-1.000000	-180.000000	-90.000000	0.000000	0.016667
-1.000000	-1.000000	-180.000000	-90.000000	0.016667	0.016667
-0.195619	0.152640	76.231748	49.748984	0.033333	0.016667
-0.181342	0.139333	75.743899	50.712980	0.050000	0.016667
-0.166366	0.125917	75.220901	51.702033	0.066667	0.016667
-0.150664	0.112418	74.658903	52.716257	0.083333	0.016667
-0.134211	0.098860	74.053502	53.755646	0.100000	0.016667
-0.116980	0.085274	73.399618	54.820066	0.116667	0.016667
-0.098947	0.071694	72.691376	55.909215	0.133333	0.016667
-0.080092	0.058155	71.921950	57.022613	0.150000	0.016667
-0.060393	0.044699	71.083373	58.159548	0.166667	0.016667
-0.039834	0.031368	70.166292	59.319058	0.183333	0.016667
-0.018401	0.018209	69.159689	60.499861	0.200000	0.016667
0.003917	0.005274	68.050502	61.700320	0.216667	0.016667
0.027123	-0.007385	66.823184	62.918351	0.233333	0.016667
0.051220	-0.019711	65.459125	64.151355	0.250000	0.016667
0.076202	-0.031646	63.935967	65.396094	0.266667	0.016667
0.102057	-0.043128	62.226727	66.648559	0.283333	0.016667
0.128768	-0.054095	60.298766	67.903795	0.300000	0.016667
0.156310	-0.064485	58.112556	69.155664	0.316667	0.016667
0.184650	-0.074233	55.620322	70.396557	0.333333	0.016667
0.213748	-0.083279	52.764690	71.617011	0.350000	0.016667
0.243557	-0.091562	49.477706	72.805236	0.366667	0.016667
0.274020	-0.099024	45.680944	73.946546	0.383333	0.016667
0.305077	-0.105611	41.288111	75.022726	0.400000	0.016667
0.336655	-0.111275	36.212304	76.011486	0.416667	0.016667
0.368680	-0.115971	30.381048	76.886236	0.433333	0.016667
0.401069	-0.119664	23.761587	77.616704	0.450000	0.016667
0.433735	-0.122323	16.394877	78.171043	0.466667	0.016667
0.466589	-0.123928	8.427203	78.519887	0.483333	0.016667
0.499537	-0.124464	0.117580	78.641931	0.500000	0.016667
0.532485	-0.123928	-8.198864	78.529138	0.516667	0.016667
0.565339	-0.122323	-16.185390	78.188965	0.533333	0.016667
0.598005	-0.119664	-23.579009	77.642291	0.550000	0.016667
0.630394	-0.115971	-30.228954	76.918282	0.566667	0.016667
0.662419	-0.111275	-36.090658	76.048783	0.583333	0.016667
0.693998	-0.105611	-41.194684	75.064177	0.600000	0.016667
0.725054	-0.099024	-45.612496	73.991221	0.616667	0.016667
0.755517	-0.091562	-49.430780	72.852370	0.633333	0.016667
0.785326	-0.083279	-52.736029	71.665988	0.650000	0.016667
0.814424	-0.074233	-55.607050	70.446882	0.666667	0.016667
0.842764	-0.064485	-58.112219	69.206943	0.683333	0.016667
0.870306	-0.054095	-60.309306	67.955711	0.700000	0.016667
0.897017	-0.043128	-62.246439	66.700859	0.716667	0.016667
0.922872	-0.031646	-63.963441	65.448573	0.733333	0.016667
0.947854	-0.019711	-65.493198	64.203847	0.750000	0.016667
0.971951	-0.007385	-66.862894	62.970723	0.766667	0.016667
0.995157	0.005274	-68.095047	61.752456	0.783333	0.016667
1.017475	0.018209	-69.208405	60.551672	0.800000	0.016667
1.038908	0.031368	-70.218615	59.370463	0.816667	0.016667
1.059467	0.044699	-71.138838	58.210492	0.833333	0.016667
1.079166	0.058155	-71.980162	57.073047	0.850000	0.016667
1.098021	0.071694	-72.751997	55.959099	0.866667	0.016667
1.116054	0.085274	-73.462355	54.869363	0.883333	0.016667
1.133285	0.098860	-74.118114	53.804333	0.900000	0.016667
1.149738	0.112418	-74.725172	52.764312	0.916667	0.016667
1.165440	0.125917	-75.288651	51.749445	0.933333	0.016667
1.180416	0.139333	-75.812970	50.759739	0.950000	0.016667
1.194693	0.152640	-76.301996	49.795079	0.966667	0.016667
-1.000000	-1.000000	-180.000000	-90.000000	0.983333	0.016667
-1.000000	-1.000000	-180.000000	-90.000000	1.000000	0.016667
-1.000000	-1.000000	-180.000000	-90.000000	0.000000	0.000000
-1.000000	-1.000000	-180.000000	-90.000000	0.016667	0.000000
-0.192408	0.138980	74.880771	50.160161	0.033333	0.000000
-0.177997	0.125716	74.349437	51.109560	0.050000	0.000000
-0.162894	0.112356	73.780333	52.082397	0.066667	0.000000
-0.147073	0.098927	73.169402	53.078660	0.083333	0.000000
-0.130509	0.085453	72.512018	54.098210	0.100000	0.000000
-0.113179	0.071966	71.802864	55.140769	0.116667	0.000000
-0.095061	0.058499	71.035821	56.205885	0.133333	0.000000
-0.076135	0.045088	70.203810	57.292916	0.150000	0.000000
-0.056381	0.031773	69.298614	58.400979	0.166667	0.000000
-0.035786	0.018597	68.310645	59.528928	0.183333	0.000000
-0.014337	0.005606	67.228687	60.675288	0.200000	0.000000
0.007974	-0.007151	66.039547	61.838212	0.216667	0.000000
0.031150	-0.019621	64.727667	63.015397	0.233333	0.000000
0.055191	-0.031750	63.274615	64.204011	0.250000	0.000000
0.080090	-0.043482	61.658521	65.400570	0.266667	0.000000
0.105835	-0.054757	59.853369	66.600816	0.283333	0.000000
0.132406	-0.065515	57.828219	67.799548	0.300000	0.000000
0.159779	-0.075697	55.546348	68.990402	0.316667	0.000000
0.187921	-0.085242	52.964446	70.165602	0.333333	0.000000
0.216792	-0.094091	50.032016	71.315631	0.350000	0.000000
0.246345	-0.102187	46.691405	72.428860	0.366667	0.000000
0.276526	-0.109476	42.879095	73.491131	0.383333	0.000000
0.307275	-0.115906	38.529388	74.485370	0.400000	0.000000
0.338524	-0.121431	33.581907	75.391337	0.416667	0.000000
0.370200	-0.126010	27.994486	76.185778	0.433333	0.000000
0.402224	-0.129609	21.761968	76.843260	0.450000	0.000000
0.434512	-0.132200	14.938009	77.338112	0.466667	0.000000
0.466980	-0.133763	7.651891	77.647550	0.483333	0.000000
0.499537	-0.134286	0.107889	77.755525	0.500000	0.000000
0.532094	-0.133763	-7.441421	77.656078	0.516667	0.000000
0.564562	-0.132200	-14.742413	77.354718	0.533333	0.000000
0.596850	-0.129609	-21.588166	76.867147	0.550000	0.000000
0.628874	-0.126010	-27.846171	76.215958	0.566667	0.000000
0.660550	-0.121431	-33.459941	75.426778	0.583333	0.000000
0.691799	-0.115906	-38.432701	74.525090	0.600000	0.000000
0.722548	-0.109476	-42.805490	73.534272	0.616667	0.000000
0.752729	-0.102187	-46.638257	72.474680	0.633333	0.000000
0.782282	-0.094091	-49.996656	71.363519	0.650000	0.000000
0.811153	-0.085242	-52.944383	70.215057	0.666667	0.000000
0.839295	-0.075697	-55.539373	69.041012	0.683333	0.000000
0.866668	-0.065515	-57.832415	67.850975	0.700000	0.000000
0.893239	-0.054757	-59.867108	66.652793	0.716667	0.000000
0.918984	-0.043482	-61.680423	65.452868	0.733333	0.000000
0.943883	-0.031750	-63.303523	64.256451	0.750000	0.000000
0.967924	-0.019621	-64.762603	63.067822	0.766667	0.000000
0.991100	-0.007151	-66.079698	61.890506	0.783333	0.000000
1.013411	0.005606	-67.273356	60.727339	0.800000	0.000000
1.034860	0.018597	-68.359248	59.580653	0.816667	0.000000
1.055455	0.031773	-69.350660	58.452311	0.833333	0.000000
1.075209	0.045088	-70.258874	57.343795	0.850000	0.000000
1.094135	0.058499	-71.093539	56.256261	0.866667	0.000000
1.112253	0.071966	-71.862930	55.190606	0.883333	0.000000
1.129583	0.085453	-72.574162	54.147474	0.900000	0.000000
1.146147	0.098927	-73.233396	53.127329	0.916667	0.000000
1.161968	0.112356	-73.845974	52.130450	0.933333	0.000000
1.177071	0.125716	-74.416554	51.156983	0.950000	0.000000
1.191482	0.138980	-74.949211	50.206944	0.966667	0.000000
-1.000000	-1.000000	-180.000000	-90.000000	0.983333	0.000000
-1.000000	-1.000000	-180.000000	-90.000000	1.000000	0.000000


